timestamp,messageType,latencyMs,statusCode,roomId
1760124461333,LEAVE,8,200,4
1760124461332,TEXT,9,200,14
1760124461341,TEXT,0,200,6
1760124461334,TEXT,7,200,4
1760124461338,TEXT,2,200,19
1760124461337,LEAVE,3,200,7
1760124461340,TEXT,2,200,4
1760124461339,TEXT,2,200,7
1760124461334,TEXT,6,200,10
1760124461340,TEXT,2,200,14
1760124461339,TEXT,1,200,11
1760124461340,TEXT,2,200,7
1760124461339,TEXT,2,200,11
1760124461341,TEXT,1,200,11
1760124461342,TEXT,0,200,15
1760124461327,TEXT,404,200,16
1760124461329,TEXT,464,200,16
1760124461329,TEXT,465,200,18
1760124461340,TEXT,454,200,16
1760124461340,TEXT,454,200,16
1760124461334,TEXT,459,200,18
1760124461340,TEXT,458,200,16
1760124461340,TEXT,458,200,16
1760124461330,TEXT,473,200,5
1760124461799,TEXT,4,200,15
1760124461330,TEXT,478,200,5
1760124461331,TEXT,478,200,9
1760124461804,TEXT,5,200,6
1760124461804,TEXT,5,200,8
1760124461799,TEXT,9,200,7
1760124461339,TEXT,469,200,5
1760124461804,JOIN,5,200,11
1760124461799,TEXT,10,200,17
1760124461804,TEXT,5,200,10
1760124461331,TEXT,479,200,9
1760124461804,TEXT,6,200,18
1760124461340,TEXT,470,200,5
1760124461804,TEXT,6,200,16
1760124461340,TEXT,470,200,9
1760124461341,TEXT,469,200,5
1760124461341,TEXT,470,200,9
1760124461799,TEXT,12,200,5
1760124461799,TEXT,12,200,5
1760124461812,TEXT,1,200,2
1760124461812,TEXT,1,200,18
1760124461812,TEXT,1,200,14
1760124461813,TEXT,2,200,15
1760124461813,TEXT,2,200,16
1760124461813,TEXT,2,200,13
1760124461813,TEXT,3,200,2
1760124461813,TEXT,3,200,8
1760124461813,TEXT,3,200,14
1760124461813,TEXT,3,200,19
1760124461813,TEXT,3,200,11
1760124461814,TEXT,3,200,19
1760124461814,TEXT,4,200,15
1760124461814,JOIN,4,200,5
1760124461813,TEXT,4,200,9
1760124461814,TEXT,4,200,4
1760124461813,TEXT,4,200,6
1760124461814,TEXT,4,200,5
1760124461813,TEXT,5,200,13
1760124461814,TEXT,4,200,19
1760124461814,TEXT,4,200,14
1760124461813,TEXT,5,200,18
1760124461813,TEXT,5,200,17
1760124461813,TEXT,4,200,11
1760124461813,TEXT,4,200,16
1760124461814,TEXT,5,200,11
1760124461814,TEXT,4,200,4
1760124461813,TEXT,5,200,6
1760124461814,TEXT,4,200,4
1760124461814,TEXT,5,200,18
1760124461814,TEXT,4,200,14
1760124461813,TEXT,5,200,9
1760124461814,TEXT,4,200,5
1760124461813,TEXT,5,200,6
1760124461814,TEXT,5,200,18
1760124461813,TEXT,6,200,9
1760124461814,TEXT,5,200,5
1760124461814,TEXT,6,200,6
1760124461814,TEXT,7,200,18
1760124461814,TEXT,7,200,18
1760124461813,TEXT,9,200,9
1760124461814,TEXT,9,200,6
1760124461814,LEAVE,9,200,6
1760124461819,TEXT,4,200,6
1760124461819,TEXT,4,200,20
1760124461819,TEXT,4,200,15
1760124461819,TEXT,4,200,15
1760124461820,TEXT,3,200,20
1760124461820,TEXT,4,200,5
1760124461820,TEXT,4,200,2
1760124461820,TEXT,3,200,5
1760124461814,TEXT,9,200,18
1760124461820,TEXT,4,200,11
1760124461820,TEXT,3,200,16
1760124461820,TEXT,4,200,14
1760124461813,TEXT,10,200,9
1760124461814,TEXT,10,200,9
1760124461820,JOIN,3,200,15
1760124461820,TEXT,4,200,19
1760124461820,TEXT,4,200,18
1760124461820,TEXT,4,200,4
1760124461820,JOIN,4,200,17
1760124461820,TEXT,4,200,14
1760124461820,TEXT,4,200,13
1760124461820,TEXT,4,200,2
1760124461820,TEXT,4,200,10
1760124461820,TEXT,4,200,6
1760124461820,TEXT,5,200,13
1760124461824,TEXT,2,200,13
1760124461820,LEAVE,6,200,2
1760124461824,JOIN,5,200,2
1760124461824,TEXT,5,200,15
1760124461824,JOIN,5,200,5
1760124461824,TEXT,5,200,16
1760124461825,TEXT,5,200,13
1760124461825,TEXT,5,200,16
1760124461824,TEXT,5,200,12
1760124461824,TEXT,5,200,12
1760124461824,TEXT,5,200,19
1760124461824,LEAVE,5,200,14
1760124461824,TEXT,5,200,14
1760124461825,TEXT,5,200,16
1760124461825,TEXT,5,200,16
1760124461825,TEXT,5,200,12
1760124461825,LEAVE,9,200,7
1760124461825,LEAVE,9,200,7
1760124461825,TEXT,9,200,7
1760124461825,TEXT,9,200,20
1760124461825,TEXT,9,200,20
1760124461825,TEXT,10,200,8
1760124461825,TEXT,10,200,8
1760124461825,TEXT,10,200,8
1760124461824,TEXT,10,200,5
1760124461825,TEXT,10,200,5
1760124461825,TEXT,10,200,5
1760124461825,TEXT,9,200,14
1760124461825,TEXT,10,200,6
1760124461825,TEXT,10,200,9
1760124461825,TEXT,10,200,10
1760124461825,TEXT,10,200,10
1760124461825,TEXT,10,200,10
1760124461825,TEXT,10,200,2
1760124461826,TEXT,9,200,15
1760124461825,TEXT,10,200,18
1760124461825,TEXT,10,200,16
1760124461825,TEXT,11,200,12
1760124461825,TEXT,11,200,11
1760124461825,TEXT,10,200,6
1760124461825,TEXT,12,200,11
1760124461826,TEXT,11,200,5
1760124461825,TEXT,12,200,12
1760124461825,TEXT,11,200,7
1760124461826,TEXT,10,200,14
1760124461825,TEXT,12,200,17
1760124461826,TEXT,10,200,19
1760124461825,TEXT,11,200,9
1760124461825,TEXT,11,200,8
1760124461826,TEXT,11,200,5
1760124461825,TEXT,13,200,12
1760124461826,LEAVE,12,200,14
1760124461826,TEXT,14,200,18
1760124461825,TEXT,16,200,2
1760124461825,TEXT,15,200,17
1760124461826,TEXT,14,200,14
1760124461827,TEXT,14,200,19
1760124461826,TEXT,15,200,9
1760124461825,TEXT,16,200,4
1760124461825,TEXT,16,200,4
1760124461825,TEXT,16,200,4
1760124461826,TEXT,15,200,20
1760124461827,TEXT,15,200,20
1760124461828,TEXT,14,200,20
1760124461828,TEXT,14,200,18
1760124461828,TEXT,14,200,18
1760124461825,TEXT,17,200,11
1760124461826,TEXT,16,200,2
1760124461825,TEXT,16,200,11
1760124461826,TEXT,16,200,11
1760124461825,TEXT,16,200,16
1760124461826,TEXT,15,200,2
1760124461825,TEXT,16,200,17
1760124461827,TEXT,15,200,12
1760124461826,TEXT,15,200,16
1760124461826,TEXT,15,200,2
1760124461826,TEXT,16,200,9
1760124461826,TEXT,16,200,13
1760124461826,TEXT,15,200,13
1760124461827,TEXT,15,200,13
1760124461827,JOIN,15,200,2
1760124461827,TEXT,14,200,2
1760124461826,TEXT,15,200,16
1760124461826,TEXT,16,200,9
1760124461826,TEXT,16,200,17
1760124461841,TEXT,2,200,1
1760124461841,TEXT,1,200,8
1760124461826,TEXT,16,200,17
1760124461844,TEXT,7,200,7
1760124461844,JOIN,7,200,7
1760124461844,TEXT,7,200,20
1760124461844,TEXT,7,200,7
1760124461844,TEXT,7,200,20
1760124461844,JOIN,7,200,8
1760124461844,TEXT,7,200,15
1760124461844,TEXT,7,200,15
1760124461844,TEXT,7,200,8
1760124461844,TEXT,7,200,11
1760124461844,TEXT,7,200,15
1760124461844,TEXT,7,200,8
1760124461844,TEXT,7,200,5
1760124461844,TEXT,7,200,11
1760124461844,TEXT,7,200,3
1760124461844,TEXT,7,200,12
1760124461844,JOIN,7,200,19
1760124461844,TEXT,7,200,14
1760124461844,TEXT,7,200,12
1760124461844,TEXT,7,200,16
1760124461844,TEXT,7,200,14
1760124461844,TEXT,7,200,9
1760124461844,TEXT,7,200,14
1760124461844,TEXT,7,200,16
1760124461844,TEXT,7,200,14
1760124461844,TEXT,7,200,16
1760124461844,TEXT,7,200,15
1760124461844,TEXT,7,200,15
1760124461844,TEXT,11,200,16
1760124461844,TEXT,11,200,16
1760124461844,TEXT,12,200,19
1760124461844,TEXT,13,200,19
1760124461844,TEXT,16,200,9
1760124461844,TEXT,16,200,9
1760124461844,TEXT,17,200,9
1760124461845,TEXT,16,200,9
1760124461845,TEXT,16,200,9
1760124461845,TEXT,20,200,2
1760124461844,TEXT,21,200,7
1760124461844,TEXT,21,200,7
1760124461844,LEAVE,20,200,7
1760124461845,TEXT,20,200,7
1760124461844,TEXT,24,200,15
1760124461844,TEXT,24,200,20
1760124461844,TEXT,24,200,15
1760124461845,TEXT,23,200,20
1760124461845,TEXT,23,200,20
1760124461846,TEXT,22,200,15
1760124461845,TEXT,23,200,20
1760124461846,TEXT,22,200,15
1760124461850,TEXT,18,200,15
1760124461844,TEXT,24,200,8
1760124461845,TEXT,23,200,8
1760124461844,TEXT,24,200,5
1760124461844,TEXT,24,200,5
1760124461844,TEXT,24,200,5
1760124461845,TEXT,24,200,5
1760124461845,TEXT,23,200,5
1760124461846,JOIN,23,200,13
1760124461847,TEXT,22,200,13
1760124461850,TEXT,19,200,13
1760124461850,TEXT,19,200,13
1760124461850,TEXT,19,200,13
1760124461850,TEXT,19,200,13
1760124461846,TEXT,23,200,18
1760124461846,TEXT,23,200,18
1760124461847,TEXT,22,200,18
1760124461849,TEXT,20,200,18
1760124461844,TEXT,25,200,11
1760124461851,TEXT,18,200,18
1760124461844,TEXT,25,200,11
1760124461845,TEXT,24,200,11
1760124461845,TEXT,24,200,16
1760124461849,TEXT,20,200,11
1760124461846,TEXT,23,200,16
1760124461849,TEXT,20,200,16
1760124461844,TEXT,25,200,1
1760124461845,TEXT,24,200,1
1760124461845,TEXT,24,200,1
1760124461845,TEXT,24,200,12
1760124461845,TEXT,24,200,1
1760124461845,TEXT,24,200,12
1760124461845,JOIN,24,200,1
1760124461846,TEXT,23,200,12
1760124461849,JOIN,20,200,12
1760124461851,TEXT,18,200,12
1760124461851,TEXT,18,200,12
1760124461852,TEXT,17,200,12
1760124461852,TEXT,21,200,12
1760124461845,TEXT,28,200,19
1760124461845,TEXT,28,200,19
1760124461845,TEXT,28,200,19
1760124461845,TEXT,28,200,19
1760124461845,TEXT,27,200,19
1760124461844,TEXT,29,200,4
1760124461844,LEAVE,28,200,4
1760124461845,TEXT,27,200,4
1760124461846,TEXT,27,200,4
1760124461849,TEXT,24,200,4
1760124461849,TEXT,24,200,4
1760124461845,TEXT,28,200,7
1760124461845,TEXT,28,200,2
1760124461845,TEXT,28,200,7
1760124461845,TEXT,28,200,2
1760124461846,TEXT,28,200,2
1760124461849,TEXT,24,200,2
1760124461849,TEXT,24,200,2
1760124461844,TEXT,30,200,6
1760124461844,TEXT,30,200,6
1760124461844,TEXT,29,200,6
1760124461844,TEXT,29,200,6
1760124461845,TEXT,29,200,6
1760124461849,TEXT,24,200,2
1760124461850,TEXT,24,200,2
1760124461850,TEXT,24,200,2
1760124461851,TEXT,23,200,2
1760124461846,TEXT,28,200,5
1760124461844,TEXT,31,200,17
1760124461844,TEXT,30,200,17
1760124461845,TEXT,30,200,17
1760124461845,TEXT,30,200,17
1760124461845,TEXT,30,200,17
1760124461850,TEXT,26,200,15
1760124461846,TEXT,31,200,20
1760124461849,TEXT,27,200,20
1760124461850,TEXT,26,200,15
1760124461851,TEXT,27,200,8
1760124461851,TEXT,27,200,8
1760124461851,TEXT,27,200,13
1760124461851,TEXT,27,200,8
1760124461852,TEXT,27,200,13
1760124461852,TEXT,27,200,13
1760124461844,TEXT,35,200,3
1760124461844,TEXT,34,200,3
1760124461844,TEXT,34,200,3
1760124461844,TEXT,34,200,3
1760124461845,TEXT,34,200,3
1760124461845,TEXT,35,200,3
1760124461849,TEXT,37,200,11
1760124461849,TEXT,36,200,11
1760124461850,TEXT,36,200,11
1760124461851,TEXT,35,200,11
1760124461852,TEXT,34,200,11
1760124461852,TEXT,34,200,11
1760124461852,TEXT,34,200,11
1760124461852,TEXT,34,200,11
1760124461852,TEXT,34,200,11
1760124461853,TEXT,33,200,11
1760124461853,TEXT,33,200,11
1760124461854,TEXT,32,200,11
1760124461854,TEXT,32,200,11
1760124461854,TEXT,32,200,11
1760124461855,TEXT,31,200,11
1760124461849,TEXT,46,200,1
1760124461852,TEXT,43,200,12
1760124461850,TEXT,45,200,1
1760124461850,TEXT,45,200,1
1760124461844,TEXT,51,200,14
1760124461850,TEXT,45,200,1
1760124461845,TEXT,50,200,14
1760124461852,TEXT,43,200,1
1760124461852,TEXT,42,200,12
1760124461845,TEXT,50,200,14
1760124461852,LEAVE,43,200,1
1760124461847,TEXT,48,200,14
1760124461852,TEXT,43,200,1
1760124461852,TEXT,43,200,1
1760124461850,JOIN,45,200,14
1760124461852,TEXT,42,200,1
1760124461852,TEXT,43,200,14
1760124461852,TEXT,42,200,1
1760124461852,TEXT,43,200,14
1760124461853,TEXT,42,200,1
1760124461852,TEXT,42,200,14
1760124461852,TEXT,42,200,14
1760124461854,TEXT,40,200,1
1760124461852,TEXT,42,200,14
1760124461853,TEXT,42,200,14
1760124461853,TEXT,42,200,14
1760124461853,TEXT,42,200,14
1760124461854,LEAVE,41,200,14
1760124461854,TEXT,41,200,14
1760124461854,TEXT,41,200,14
1760124461855,TEXT,40,200,14
1760124461845,TEXT,50,200,9
1760124461845,TEXT,50,200,9
1760124461846,LEAVE,50,200,9
1760124461850,TEXT,45,200,9
1760124461850,TEXT,45,200,9
1760124461850,TEXT,45,200,9
1760124461852,TEXT,43,200,9
1760124461852,TEXT,43,200,9
1760124461853,TEXT,42,200,9
1760124461853,LEAVE,42,200,9
1760124461854,TEXT,41,200,9
1760124461844,TEXT,56,200,10
1760124461845,JOIN,56,200,10
1760124461845,TEXT,55,200,10
1760124461845,TEXT,55,200,10
1760124461845,TEXT,55,200,10
1760124461845,TEXT,55,200,10
1760124461846,TEXT,55,200,10
1760124461849,TEXT,52,200,10
1760124461849,TEXT,51,200,10
1760124461851,TEXT,50,200,10
1760124461851,TEXT,49,200,10
1760124461851,TEXT,49,200,10
1760124461852,LEAVE,49,200,10
1760124461852,TEXT,53,200,2
1760124461852,TEXT,53,200,2
1760124461852,TEXT,52,200,2
1760124461853,TEXT,52,200,2
1760124461853,JOIN,52,200,2
1760124461853,LEAVE,52,200,2
1760124461846,TEXT,59,200,7
1760124461846,TEXT,59,200,7
1760124461850,TEXT,55,200,7
1760124461850,TEXT,55,200,7
1760124461850,TEXT,57,200,15
1760124461851,TEXT,57,200,15
1760124461851,TEXT,57,200,15
1760124461851,TEXT,57,200,15
1760124461851,TEXT,57,200,15
1760124461852,LEAVE,56,200,15
1760124461852,TEXT,56,200,15
1760124461852,TEXT,56,200,15
1760124461852,LEAVE,56,200,15
1760124461852,TEXT,56,200,15
1760124461852,TEXT,56,200,15
1760124461852,TEXT,61,200,8
1760124461851,JOIN,62,200,20
1760124461852,TEXT,61,200,8
1760124461851,LEAVE,62,200,20
1760124461852,TEXT,60,200,8
1760124461852,TEXT,61,200,20
1760124461853,TEXT,60,200,8
1760124461852,TEXT,61,200,20
1760124461853,TEXT,60,200,8
1760124461852,TEXT,61,200,20
1760124461852,JOIN,61,200,20
1760124461852,TEXT,61,200,20
1760124461852,TEXT,61,200,20
1760124461852,JOIN,61,200,20
1760124461853,TEXT,60,200,20
1760124461853,TEXT,60,200,20
1760124461853,TEXT,60,200,20
1760124461854,TEXT,59,200,20
1760124461855,TEXT,59,200,20
1760124461855,TEXT,58,200,20
1760124461855,TEXT,58,200,20
1760124461855,TEXT,58,200,20
1760124461854,TEXT,59,200,8
1760124461857,TEXT,56,200,20
1760124461855,TEXT,58,200,8
1760124461858,TEXT,56,200,20
1760124461855,TEXT,58,200,8
1760124461856,TEXT,58,200,8
1760124461858,TEXT,55,200,20
1760124461859,TEXT,55,200,20
1760124461852,TEXT,64,200,13
1760124461852,TEXT,64,200,13
1760124461845,TEXT,71,200,3
1760124461852,TEXT,64,200,13
1760124461849,TEXT,67,200,3
1760124461849,TEXT,67,200,3
1760124461850,TEXT,66,200,3
1760124461851,TEXT,65,200,3
1760124461852,TEXT,64,200,3
1760124461853,TEXT,63,200,13
1760124461852,TEXT,64,200,3
1760124461853,TEXT,63,200,13
1760124461853,TEXT,63,200,3
1760124461853,TEXT,63,200,13
1760124461853,TEXT,63,200,3
1760124461853,LEAVE,63,200,13
1760124461854,TEXT,62,200,3
1760124461854,LEAVE,62,200,13
1760124461854,TEXT,62,200,13
1760124461851,TEXT,65,200,18
1760124461851,JOIN,65,200,18
1760124461851,TEXT,65,200,18
1760124461852,LEAVE,65,200,18
1760124461852,TEXT,64,200,18
1760124461852,TEXT,64,200,18
1760124461852,TEXT,64,200,18
1760124461855,TEXT,61,200,11
1760124461857,TEXT,60,200,11
1760124461857,TEXT,59,200,11
1760124461850,TEXT,79,200,16
1760124461851,TEXT,79,200,16
1760124461851,TEXT,79,200,16
1760124461851,LEAVE,79,200,16
1760124461852,TEXT,78,200,16
1760124461852,TEXT,78,200,16
1760124461852,TEXT,77,200,16
1760124461853,TEXT,76,200,16
1760124461853,TEXT,76,200,16
1760124461854,JOIN,76,200,16
1760124461854,TEXT,76,200,16
1760124461854,TEXT,75,200,16
1760124461854,TEXT,75,200,16
1760124461855,TEXT,75,200,16
1760124461855,TEXT,74,200,16
1760124461856,TEXT,74,200,16
1760124461855,TEXT,84,200,12
1760124461855,TEXT,84,200,12
1760124461856,TEXT,84,200,12
1760124461856,TEXT,83,200,12
1760124461845,TEXT,94,200,17
1760124461849,TEXT,90,200,19
1760124461850,TEXT,90,200,19
1760124461850,TEXT,90,200,19
1760124461851,JOIN,89,200,19
1760124461852,TEXT,88,200,19
1760124461852,TEXT,88,200,19
1760124461852,TEXT,88,200,19
1760124461852,TEXT,88,200,19
1760124461852,TEXT,88,200,19
1760124461852,TEXT,88,200,19
1760124461853,TEXT,88,200,19
1760124461853,JOIN,87,200,19
1760124461854,TEXT,87,200,19
1760124461854,TEXT,87,200,19
1760124461854,TEXT,86,200,19
1760124461845,TEXT,95,200,17
1760124461854,TEXT,86,200,19
1760124461855,TEXT,85,200,19
1760124461849,TEXT,91,200,17
1760124461857,TEXT,83,200,19
1760124461850,JOIN,90,200,17
1760124461857,TEXT,83,200,19
1760124461857,JOIN,83,200,19
1760124461862,TEXT,78,200,19
1760124461866,TEXT,74,200,19
1760124461866,TEXT,74,200,19
1760124461866,TEXT,74,200,19
1760124461868,TEXT,73,200,19
1760124461870,TEXT,70,200,19
1760124461854,TEXT,89,200,9
1760124461855,TEXT,88,200,9
1760124461856,TEXT,87,200,9
1760124461851,TEXT,97,200,4
1760124461851,TEXT,97,200,4
1760124461852,TEXT,96,200,4
1760124461852,TEXT,96,200,4
1760124461852,TEXT,96,200,4
1760124461852,TEXT,96,200,4
1760124461852,TEXT,95,200,4
1760124461853,TEXT,95,200,4
1760124461853,TEXT,95,200,4
1760124461853,TEXT,95,200,4
1760124461854,TEXT,94,200,4
1760124461854,JOIN,93,200,4
1760124461856,TEXT,92,200,4
1760124461858,TEXT,90,200,4
1760124461859,TEXT,89,200,4
1760124461862,TEXT,86,200,4
1760124461866,TEXT,82,200,4
1760124461866,LEAVE,82,200,4
1760124461868,TEXT,80,200,4
1760124461854,TEXT,105,200,2
1760124461845,TEXT,114,200,6
1760124461847,TEXT,112,200,6
1760124461855,TEXT,104,200,2
1760124461856,TEXT,103,200,2
1760124461856,LEAVE,103,200,2
1760124461849,LEAVE,109,200,6
1760124461856,TEXT,103,200,2
1760124461849,TEXT,109,200,6
1760124461857,TEXT,102,200,2
1760124461850,TEXT,109,200,6
1760124461857,TEXT,102,200,2
1760124461850,TEXT,109,200,6
1760124461862,LEAVE,97,200,2
1760124461850,TEXT,109,200,6
1760124461862,LEAVE,97,200,2
1760124461851,TEXT,108,200,6
1760124461866,TEXT,93,200,2
1760124461851,TEXT,108,200,6
1760124461866,TEXT,93,200,2
1760124461852,LEAVE,107,200,6
1760124461868,TEXT,91,200,2
1760124461852,TEXT,106,200,6
1760124461853,TEXT,106,200,6
1760124461854,TEXT,105,200,6
1760124461854,TEXT,105,200,6
1760124461854,TEXT,105,200,6
1760124461855,TEXT,104,200,6
1760124461856,TEXT,103,200,6
1760124461856,LEAVE,103,200,6
1760124461857,TEXT,102,200,6
1760124461857,TEXT,102,200,6
1760124461859,TEXT,100,200,6
1760124461862,TEXT,97,200,6
1760124461862,TEXT,97,200,6
1760124461864,TEXT,95,200,6
1760124461866,TEXT,93,200,6
1760124461868,TEXT,91,200,6
1760124461870,TEXT,89,200,6
1760124461870,TEXT,89,200,6
1760124461871,TEXT,89,200,6
1760124461871,TEXT,89,200,6
1760124461871,TEXT,88,200,6
1760124461871,TEXT,88,200,6
1760124461877,TEXT,82,200,6
1760124461877,TEXT,82,200,6
1760124461877,TEXT,82,200,6
1760124461877,LEAVE,82,200,6
1760124461877,TEXT,82,200,6
1760124461878,TEXT,81,200,6
1760124461878,TEXT,81,200,6
1760124461878,TEXT,81,200,6
1760124461878,TEXT,81,200,6
1760124461878,TEXT,81,200,6
1760124461878,TEXT,81,200,6
1760124461851,TEXT,111,200,7
1760124461852,LEAVE,110,200,7
1760124461852,TEXT,110,200,7
1760124461852,TEXT,110,200,7
1760124461853,TEXT,109,200,7
1760124461853,TEXT,109,200,7
1760124461855,TEXT,107,200,7
1760124461855,TEXT,107,200,7
1760124461855,TEXT,107,200,7
1760124461856,TEXT,106,200,7
1760124461856,TEXT,106,200,7
1760124461856,TEXT,106,200,7
1760124461857,TEXT,105,200,7
1760124461857,TEXT,105,200,7
1760124461859,TEXT,103,200,7
1760124461862,TEXT,100,200,7
1760124461862,TEXT,100,200,7
1760124461862,TEXT,100,200,7
1760124461866,TEXT,96,200,7
1760124461866,TEXT,96,200,7
1760124461866,LEAVE,96,200,7
1760124461868,TEXT,94,200,7
1760124461868,TEXT,94,200,7
1760124461868,TEXT,94,200,7
1760124461868,TEXT,94,200,7
1760124461870,TEXT,92,200,7
1760124461870,TEXT,92,200,7
1760124461870,TEXT,92,200,7
1760124461870,TEXT,92,200,7
1760124461871,TEXT,92,200,7
1760124461852,TEXT,132,200,15
1760124461852,TEXT,132,200,15
1760124461854,TEXT,130,200,15
1760124461855,LEAVE,130,200,15
1760124461855,TEXT,130,200,15
1760124461855,LEAVE,130,200,15
1760124461855,JOIN,129,200,15
1760124461855,LEAVE,129,200,15
1760124461855,TEXT,129,200,15
1760124461856,TEXT,129,200,15
1760124461857,TEXT,128,200,15
1760124461857,TEXT,128,200,15
1760124461857,TEXT,128,200,15
1760124461857,TEXT,127,200,15
1760124461857,TEXT,127,200,15
1760124461859,TEXT,126,200,15
1760124461862,TEXT,122,200,15
1760124461866,TEXT,119,200,15
1760124461866,TEXT,119,200,15
1760124461866,TEXT,119,200,15
1760124461868,TEXT,116,200,15
1760124461870,TEXT,115,200,15
1760124461870,TEXT,114,200,15
1760124461871,JOIN,114,200,15
1760124461873,TEXT,112,200,15
1760124461873,TEXT,112,200,15
1760124461874,TEXT,111,200,15
1760124461874,TEXT,111,200,15
1760124461874,LEAVE,111,200,15
1760124461877,JOIN,108,200,15
1760124461877,TEXT,108,200,15
1760124461877,TEXT,108,200,15
1760124461877,JOIN,108,200,15
1760124461877,TEXT,108,200,15
1760124461860,TEXT,214,200,20
1760124461862,TEXT,212,200,20
1760124461862,TEXT,212,200,20
1760124461866,TEXT,208,200,20
1760124461866,TEXT,208,200,20
1760124461866,TEXT,208,200,20
1760124461866,TEXT,208,200,20
1760124461866,LEAVE,208,200,20
1760124461866,TEXT,208,200,20
1760124461866,LEAVE,208,200,20
1760124461868,TEXT,206,200,20
1760124461868,TEXT,206,200,20
1760124461870,TEXT,205,200,20
1760124461870,TEXT,204,200,20
1760124461870,TEXT,204,200,20
1760124461870,LEAVE,204,200,20
1760124461873,TEXT,201,200,20
1760124461873,TEXT,201,200,20
1760124461874,TEXT,200,200,20
1760124461874,LEAVE,200,200,20
1760124461876,TEXT,198,200,20
1760124461877,TEXT,198,200,20
1760124461877,TEXT,198,200,20
1760124461877,TEXT,197,200,20
1760124461877,TEXT,197,200,20
1760124461877,JOIN,197,200,20
1760124461878,TEXT,197,200,20
1760124461878,TEXT,196,200,20
1760124461878,TEXT,196,200,20
1760124461878,TEXT,196,200,20
1760124461879,TEXT,196,200,20
1760124461879,TEXT,196,200,20
1760124461879,TEXT,196,200,20
1760124461879,TEXT,195,200,20
1760124461852,TEXT,255,200,5
1760124461852,TEXT,255,200,5
1760124461852,TEXT,255,200,5
1760124461852,TEXT,254,200,5
1760124461852,TEXT,255,200,5
1760124461852,LEAVE,255,200,5
1760124461853,TEXT,254,200,5
1760124461854,TEXT,254,200,5
1760124461854,JOIN,254,200,5
1760124461854,TEXT,253,200,5
1760124461854,TEXT,253,200,5
1760124461854,TEXT,254,200,5
1760124461856,TEXT,253,200,5
1760124461856,TEXT,253,200,5
1760124461857,TEXT,252,200,5
1760124461857,TEXT,252,200,5
1760124461860,TEXT,249,200,5
1760124461866,TEXT,243,200,5
1760124461866,TEXT,242,200,5
1760124461866,TEXT,242,200,5
1760124461868,TEXT,241,200,5
1760124461868,TEXT,241,200,5
1760124461868,TEXT,240,200,5
1760124461870,TEXT,239,200,5
1760124461870,TEXT,239,200,5
1760124461870,TEXT,239,200,5
1760124461870,TEXT,239,200,5
1760124461870,TEXT,238,200,5
1760124461871,TEXT,238,200,5
1760124461874,TEXT,235,200,5
1760124461877,TEXT,232,200,5
1760124461877,TEXT,232,200,5
1760124461877,JOIN,232,200,5
1760124461877,TEXT,232,200,5
1760124461877,TEXT,232,200,5
1760124461877,TEXT,232,200,5
1760124461877,TEXT,232,200,5
1760124461877,TEXT,232,200,5
1760124461877,TEXT,232,200,5
1760124461877,TEXT,232,200,5
1760124461877,TEXT,232,200,5
1760124461878,TEXT,231,200,5
1760124461878,TEXT,231,200,5
1760124461878,JOIN,231,200,5
1760124461878,TEXT,231,200,5
1760124461856,TEXT,255,200,8
1760124461857,TEXT,256,200,8
1760124461857,TEXT,256,200,8
1760124461862,TEXT,250,200,8
1760124461866,TEXT,246,200,8
1760124461868,TEXT,244,200,8
1760124461868,LEAVE,244,200,8
1760124461870,TEXT,243,200,8
1760124461870,TEXT,242,200,8
1760124461871,TEXT,242,200,8
1760124461871,TEXT,242,200,8
1760124461871,TEXT,242,200,8
1760124461871,JOIN,242,200,8
1760124461871,TEXT,241,200,8
1760124461873,TEXT,240,200,8
1760124461873,TEXT,240,200,8
1760124461874,TEXT,239,200,8
1760124461877,TEXT,236,200,8
1760124461877,TEXT,236,200,8
1760124461877,TEXT,236,200,8
1760124461877,TEXT,236,200,8
1760124461877,TEXT,236,200,8
1760124461877,TEXT,235,200,8
1760124461878,TEXT,235,200,8
1760124461878,TEXT,235,200,8
1760124461878,TEXT,235,200,8
1760124461878,TEXT,235,200,8
1760124461878,TEXT,234,200,8
1760124461879,TEXT,234,200,8
1760124461879,TEXT,234,200,8
1760124461879,TEXT,234,200,8
1760124461879,TEXT,234,200,8
1760124461879,TEXT,234,200,8
1760124461879,TEXT,234,200,8
1760124461880,JOIN,233,200,8
1760124461880,TEXT,233,200,8
1760124461880,TEXT,233,200,8
1760124461880,TEXT,233,200,8
1760124461880,TEXT,233,200,8
1760124461880,TEXT,233,200,8
1760124461881,TEXT,232,200,8
1760124461881,TEXT,232,200,8
1760124461881,TEXT,242,200,8
1760124461881,TEXT,242,200,8
1760124461881,TEXT,242,200,8
1760124461881,TEXT,242,200,8
1760124461881,TEXT,242,200,8
1760124461881,TEXT,242,200,8
1760124461881,LEAVE,242,200,8
1760124461881,TEXT,242,200,8
1760124461881,TEXT,241,200,8
1760124461882,TEXT,242,200,8
1760124461882,TEXT,242,200,8
1760124461855,TEXT,333,200,13
1760124461855,TEXT,333,200,13
1760124461856,TEXT,332,200,13
1760124461857,TEXT,331,200,13
1760124461857,TEXT,331,200,13
1760124461858,TEXT,330,200,13
1760124461859,JOIN,329,200,13
1760124461862,TEXT,326,200,13
1760124461862,TEXT,326,200,13
1760124461862,TEXT,326,200,13
1760124461862,TEXT,326,200,13
1760124461862,TEXT,326,200,13
1760124461862,TEXT,326,200,13
1760124461866,TEXT,322,200,13
1760124461868,TEXT,320,200,13
1760124461868,TEXT,320,200,13
1760124461868,TEXT,320,200,13
1760124461868,TEXT,320,200,13
1760124461868,TEXT,320,200,13
1760124461870,TEXT,318,200,13
1760124461870,TEXT,318,200,13
1760124461870,TEXT,318,200,13
1760124461873,TEXT,315,200,13
1760124461873,TEXT,315,200,13
1760124461876,TEXT,312,200,13
1760124461876,TEXT,312,200,13
1760124461877,TEXT,311,200,13
1760124461878,TEXT,310,200,13
1760124461878,TEXT,310,200,13
1760124461878,TEXT,310,200,13
1760124461878,TEXT,310,200,13
1760124461878,TEXT,310,200,13
1760124461878,TEXT,310,200,13
1760124461878,TEXT,310,200,13
1760124461878,TEXT,310,200,13
1760124461879,TEXT,310,200,13
1760124461879,TEXT,309,200,13
1760124461879,TEXT,309,200,13
1760124461879,TEXT,309,200,13
1760124461879,TEXT,309,200,13
1760124461879,TEXT,309,200,13
1760124461879,TEXT,309,200,13
1760124461879,TEXT,309,200,13
1760124461880,TEXT,309,200,13
1760124461880,TEXT,309,200,13
1760124461880,TEXT,309,200,13
1760124461881,TEXT,308,200,13
1760124461881,TEXT,308,200,13
1760124461881,TEXT,308,200,13
1760124461881,TEXT,307,200,13
1760124461882,TEXT,307,200,13
1760124461882,TEXT,307,200,13
1760124461882,TEXT,307,200,13
1760124461885,TEXT,304,200,13
1760124461885,TEXT,304,200,13
1760124461885,TEXT,304,200,13
1760124461885,TEXT,304,200,13
1760124461885,TEXT,304,200,13
1760124461885,TEXT,303,200,13
1760124461885,TEXT,303,200,13
1760124461885,TEXT,303,200,13
1760124461885,TEXT,303,200,13
1760124461885,TEXT,303,200,13
1760124461885,TEXT,303,200,13
1760124461885,TEXT,303,200,13
1760124461885,TEXT,303,200,13
1760124461885,TEXT,303,200,13
1760124461885,TEXT,303,200,13
1760124461886,TEXT,303,200,13
1760124461886,TEXT,303,200,13
1760124461886,TEXT,303,200,13
1760124461886,TEXT,303,200,13
1760124461887,TEXT,302,200,13
1760124461887,TEXT,302,200,13
1760124461887,TEXT,301,200,13
1760124461887,TEXT,301,200,13
1760124461888,TEXT,301,200,13
1760124461888,TEXT,301,200,13
1760124461888,TEXT,301,200,13
1760124461888,TEXT,301,200,13
1760124461888,TEXT,301,200,13
1760124461888,TEXT,301,200,13
1760124461888,TEXT,301,200,13
1760124461888,TEXT,301,200,13
1760124461888,TEXT,301,200,13
1760124461888,TEXT,301,200,13
1760124461889,TEXT,300,200,13
1760124461889,TEXT,300,200,13
1760124461889,TEXT,300,200,13
1760124461854,TEXT,352,200,3
1760124461854,TEXT,352,200,3
1760124461855,TEXT,351,200,3
1760124461855,TEXT,351,200,3
1760124461855,TEXT,351,200,3
1760124461856,TEXT,350,200,3
1760124461856,TEXT,350,200,3
1760124461857,TEXT,349,200,3
1760124461857,TEXT,349,200,3
1760124461857,JOIN,349,200,3
1760124461857,TEXT,349,200,3
1760124461857,TEXT,349,200,3
1760124461857,TEXT,349,200,3
1760124461857,TEXT,349,200,3
1760124461857,JOIN,349,200,3
1760124461857,TEXT,349,200,3
1760124461859,TEXT,347,200,3
1760124461862,TEXT,344,200,3
1760124461862,TEXT,344,200,3
1760124461866,TEXT,340,200,3
1760124461866,TEXT,340,200,3
1760124461868,TEXT,338,200,3
1760124461868,JOIN,338,200,3
1760124461868,TEXT,338,200,3
1760124461870,TEXT,336,200,3
1760124461870,TEXT,336,200,3
1760124461871,TEXT,335,200,3
1760124461874,TEXT,332,200,3
1760124461876,TEXT,330,200,3
1760124461877,TEXT,329,200,3
1760124461877,TEXT,329,200,3
1760124461877,TEXT,329,200,3
1760124461877,TEXT,329,200,3
1760124461877,TEXT,329,200,3
1760124461877,TEXT,329,200,3
1760124461877,TEXT,329,200,3
1760124461877,TEXT,329,200,3
1760124461878,TEXT,328,200,3
1760124461878,TEXT,328,200,3
1760124461878,TEXT,328,200,3
1760124461853,TEXT,355,200,18
1760124461854,TEXT,354,200,18
1760124461854,TEXT,354,200,18
1760124461854,TEXT,354,200,18
1760124461855,TEXT,353,200,18
1760124461856,TEXT,353,200,18
1760124461856,TEXT,352,200,18
1760124461856,TEXT,352,200,18
1760124461856,TEXT,352,200,18
1760124461857,TEXT,352,200,18
1760124461857,TEXT,351,200,18
1760124461858,TEXT,350,200,18
1760124461859,TEXT,350,200,18
1760124461860,TEXT,348,200,18
1760124461862,TEXT,346,200,18
1760124461862,TEXT,346,200,18
1760124461862,TEXT,346,200,18
1760124461857,TEXT,357,200,11
1760124461859,TEXT,356,200,11
1760124461859,TEXT,356,200,11
1760124461862,TEXT,352,200,11
1760124461866,TEXT,349,200,11
1760124461866,TEXT,348,200,11
1760124461868,TEXT,347,200,11
1760124461870,TEXT,345,200,11
1760124461870,TEXT,345,200,11
1760124461871,TEXT,343,200,11
1760124461873,LEAVE,342,200,11
1760124461874,TEXT,341,200,11
1760124461874,TEXT,341,200,11
1760124461874,TEXT,341,200,11
1760124461877,TEXT,338,200,11
1760124461877,TEXT,338,200,11
1760124461877,JOIN,338,200,11
1760124461877,TEXT,338,200,11
1760124461878,TEXT,337,200,11
1760124461878,LEAVE,337,200,11
1760124461878,TEXT,337,200,11
1760124461878,TEXT,337,200,11
1760124461878,TEXT,337,200,11
1760124461878,LEAVE,337,200,11
1760124461879,TEXT,336,200,11
1760124461879,TEXT,336,200,11
1760124461879,TEXT,336,200,11
1760124461879,LEAVE,336,200,11
1760124461879,TEXT,336,200,11
1760124461879,TEXT,336,200,11
1760124461879,TEXT,336,200,11
1760124461879,TEXT,336,200,11
1760124461879,TEXT,336,200,11
1760124461879,TEXT,336,200,11
1760124461879,TEXT,336,200,11
1760124461879,TEXT,336,200,11
1760124461880,TEXT,335,200,11
1760124461880,TEXT,335,200,11
1760124461880,JOIN,335,200,11
1760124461880,JOIN,335,200,11
1760124461880,LEAVE,335,200,11
1760124461880,TEXT,335,200,11
1760124461881,TEXT,334,200,11
1760124461881,TEXT,334,200,11
1760124461881,TEXT,334,200,11
1760124461881,TEXT,334,200,11
1760124461881,TEXT,334,200,11
1760124461881,TEXT,334,200,11
1760124461881,TEXT,334,200,11
1760124461882,TEXT,333,200,11
1760124461882,TEXT,333,200,11
1760124461885,TEXT,330,200,11
1760124461885,TEXT,330,200,11
1760124461885,TEXT,330,200,11
1760124461885,TEXT,330,200,11
1760124461885,TEXT,330,200,11
1760124461885,TEXT,330,200,11
1760124461885,TEXT,330,200,11
1760124461885,TEXT,330,200,11
1760124461885,TEXT,330,200,11
1760124461885,TEXT,330,200,11
1760124461885,LEAVE,330,200,11
1760124461885,TEXT,330,200,11
1760124461885,JOIN,330,200,11
1760124461885,TEXT,330,200,11
1760124461886,TEXT,330,200,11
1760124461886,TEXT,330,200,11
1760124461886,TEXT,329,200,11
1760124461886,TEXT,329,200,11
1760124461886,TEXT,329,200,11
1760124461886,TEXT,329,200,11
1760124461886,TEXT,329,200,11
1760124461887,TEXT,328,200,11
1760124461887,TEXT,328,200,11
1760124461887,TEXT,328,200,11
1760124461887,JOIN,328,200,11
1760124461887,TEXT,328,200,11
1760124461888,JOIN,328,200,11
1760124461888,TEXT,327,200,11
1760124461888,TEXT,327,200,11
1760124461888,TEXT,327,200,11
1760124461888,TEXT,327,200,11
1760124461888,TEXT,327,200,11
1760124461888,TEXT,327,200,11
1760124461889,TEXT,327,200,11
1760124461889,TEXT,327,200,11
1760124461889,TEXT,327,200,11
1760124461889,TEXT,327,200,11
1760124461889,TEXT,327,200,11
1760124461889,TEXT,327,200,11
1760124461889,TEXT,327,200,11
1760124461856,TEXT,375,200,16
1760124461856,TEXT,375,200,16
1760124461856,TEXT,375,200,16
1760124461857,TEXT,373,200,16
1760124461858,TEXT,373,200,16
1760124461858,TEXT,373,200,16
1760124461862,TEXT,369,200,16
1760124461862,TEXT,368,200,16
1760124461866,JOIN,365,200,16
1760124461866,TEXT,365,200,16
1760124461866,TEXT,364,200,16
1760124461868,TEXT,363,200,16
1760124461870,TEXT,361,200,16
1760124461870,TEXT,360,200,16
1760124461870,TEXT,360,200,16
1760124461873,TEXT,358,200,16
1760124461876,TEXT,354,200,16
1760124461877,TEXT,354,200,16
1760124461877,TEXT,354,200,16
1760124461877,TEXT,354,200,16
1760124461877,TEXT,354,200,16
1760124461877,TEXT,354,200,16
1760124461878,TEXT,353,200,16
1760124461878,TEXT,353,200,16
1760124461878,TEXT,353,200,16
1760124461878,TEXT,353,200,16
1760124461879,TEXT,352,200,16
1760124461879,TEXT,352,200,16
1760124461879,TEXT,352,200,16
1760124461879,TEXT,352,200,16
1760124461879,TEXT,352,200,16
1760124461879,TEXT,352,200,16
1760124461879,TEXT,352,200,16
1760124461880,TEXT,351,200,16
1760124461880,TEXT,351,200,16
1760124461880,TEXT,351,200,16
1760124461880,TEXT,351,200,16
1760124461880,TEXT,351,200,16
1760124461881,JOIN,350,200,16
1760124461881,TEXT,350,200,16
1760124461881,TEXT,350,200,16
1760124461881,TEXT,350,200,16
1760124461881,LEAVE,350,200,16
1760124461881,TEXT,350,200,16
1760124461881,TEXT,350,200,16
1760124461881,TEXT,350,200,16
1760124461882,TEXT,349,200,16
1760124461885,TEXT,346,200,16
1760124461885,TEXT,346,200,16
1760124461885,TEXT,346,200,16
1760124461885,TEXT,346,200,16
1760124461885,TEXT,346,200,16
1760124461885,TEXT,346,200,16
1760124461885,TEXT,346,200,16
1760124461885,JOIN,346,200,16
1760124461885,TEXT,346,200,16
1760124461886,TEXT,345,200,16
1760124461886,TEXT,345,200,16
1760124461886,TEXT,345,200,16
1760124461886,TEXT,345,200,16
1760124461886,TEXT,345,200,16
1760124461887,TEXT,344,200,16
1760124461887,TEXT,344,200,16
1760124461887,TEXT,344,200,16
1760124461887,JOIN,344,200,16
1760124461888,TEXT,344,200,16
1760124461888,TEXT,343,200,16
1760124461888,TEXT,343,200,16
1760124461888,TEXT,343,200,16
1760124461888,TEXT,343,200,16
1760124461888,LEAVE,343,200,16
1760124461888,TEXT,343,200,16
1760124461888,TEXT,343,200,16
1760124461888,TEXT,343,200,16
1760124461888,LEAVE,343,200,16
1760124461888,TEXT,343,200,16
1760124461888,TEXT,343,200,16
1760124461889,TEXT,343,200,16
1760124461889,TEXT,343,200,16
1760124461889,TEXT,343,200,16
1760124461889,TEXT,343,200,16
1760124461889,TEXT,343,200,16
1760124461891,TEXT,341,200,16
1760124461891,TEXT,341,200,16
1760124461891,TEXT,341,200,16
1760124461891,LEAVE,341,200,16
1760124461891,TEXT,340,200,16
1760124461895,TEXT,337,200,16
1760124461895,TEXT,337,200,16
1760124461895,TEXT,337,200,16
1760124461895,TEXT,337,200,16
1760124461895,TEXT,337,200,16
1760124461895,TEXT,336,200,16
1760124461895,TEXT,336,200,16
1760124461895,TEXT,336,200,16
1760124461895,TEXT,336,200,16
1760124461896,TEXT,336,200,16
1760124461855,TEXT,386,200,1
1760124461855,TEXT,386,200,1
1760124461855,LEAVE,386,200,1
1760124461855,TEXT,386,200,1
1760124461855,TEXT,385,200,1
1760124461856,TEXT,385,200,1
1760124461856,TEXT,385,200,1
1760124461856,LEAVE,385,200,1
1760124461857,LEAVE,384,200,1
1760124461858,TEXT,383,200,1
1760124461858,TEXT,383,200,1
1760124461859,TEXT,382,200,1
1760124461862,TEXT,379,200,1
1760124461862,LEAVE,379,200,1
1760124461862,TEXT,379,200,1
1760124461864,TEXT,376,200,1
1760124461866,TEXT,375,200,1
1760124461866,TEXT,375,200,1
1760124461866,TEXT,375,200,1
1760124461866,JOIN,375,200,1
1760124461866,TEXT,375,200,1
1760124461866,TEXT,375,200,1
1760124461866,TEXT,375,200,1
1760124461866,TEXT,375,200,1
1760124461868,TEXT,373,200,1
1760124461870,TEXT,371,200,1
1760124461871,TEXT,370,200,1
1760124461871,TEXT,370,200,1
1760124461873,LEAVE,368,200,1
1760124461873,JOIN,368,200,1
1760124461874,TEXT,367,200,1
1760124461874,LEAVE,367,200,1
1760124461876,TEXT,365,200,1
1760124461877,TEXT,364,200,1
1760124461877,TEXT,364,200,1
1760124461857,TEXT,396,200,12
1760124461857,TEXT,396,200,12
1760124461858,JOIN,395,200,12
1760124461859,TEXT,394,200,12
1760124461860,TEXT,393,200,12
1760124461866,TEXT,387,200,12
1760124461866,TEXT,387,200,12
1760124461870,TEXT,383,200,12
1760124461871,TEXT,382,200,12
1760124461873,JOIN,380,200,12
1760124461855,TEXT,398,200,14
1760124461873,JOIN,380,200,12
1760124461873,TEXT,380,200,12
1760124461874,TEXT,379,200,12
1760124461876,TEXT,377,200,12
1760124461877,LEAVE,376,200,12
1760124461856,LEAVE,397,200,14
1760124461857,TEXT,396,200,14
1760124461857,TEXT,396,200,14
1760124461859,LEAVE,394,200,14
1760124461877,TEXT,376,200,12
1760124461859,TEXT,394,200,14
1760124461877,TEXT,376,200,12
1760124461860,TEXT,393,200,14
1760124461877,TEXT,376,200,12
1760124461877,TEXT,376,200,12
1760124461862,JOIN,391,200,14
1760124461877,TEXT,376,200,12
1760124461862,TEXT,391,200,14
1760124461877,TEXT,376,200,12
1760124461862,JOIN,391,200,14
1760124461877,TEXT,376,200,12
1760124461862,TEXT,391,200,14
1760124461877,TEXT,376,200,12
1760124461865,TEXT,388,200,14
1760124461878,TEXT,376,200,12
1760124461866,TEXT,387,200,14
1760124461878,TEXT,375,200,12
1760124461878,TEXT,375,200,12
1760124461878,TEXT,375,200,12
1760124461866,TEXT,387,200,14
1760124461878,TEXT,375,200,12
1760124461866,TEXT,387,200,14
1760124461878,TEXT,375,200,12
1760124461868,LEAVE,386,200,14
1760124461879,TEXT,374,200,12
1760124461879,TEXT,374,200,12
1760124461879,TEXT,374,200,12
1760124461879,TEXT,374,200,12
1760124461879,TEXT,374,200,12
1760124461879,TEXT,374,200,12
1760124461880,TEXT,374,200,12
1760124461880,TEXT,374,200,12
1760124461880,TEXT,374,200,12
1760124461880,TEXT,374,200,12
1760124461880,TEXT,373,200,12
1760124461880,TEXT,373,200,12
1760124461880,LEAVE,373,200,12
1760124461880,JOIN,373,200,12
1760124461880,TEXT,373,200,12
1760124461881,TEXT,373,200,12
1760124461881,TEXT,373,200,12
1760124461881,TEXT,373,200,12
1760124461881,TEXT,372,200,12
1760124461881,TEXT,372,200,12
1760124461881,TEXT,372,200,12
1760124461881,TEXT,372,200,12
1760124461882,TEXT,372,200,12
1760124461882,TEXT,372,200,12
1760124461885,TEXT,369,200,12
1760124461885,TEXT,369,200,12
1760124461885,TEXT,369,200,12
1760124461885,TEXT,369,200,12
1760124461885,TEXT,369,200,12
1760124461885,TEXT,369,200,12
1760124461885,TEXT,369,200,12
1760124461885,JOIN,368,200,12
1760124461885,TEXT,368,200,12
1760124461885,TEXT,368,200,12
1760124461885,TEXT,368,200,12
1760124461885,TEXT,368,200,12
1760124461886,TEXT,368,200,12
1760124461886,TEXT,368,200,12
1760124461886,TEXT,368,200,12
1760124461886,TEXT,368,200,12
1760124461886,TEXT,367,200,12
1760124461886,TEXT,367,200,12
1760124461886,TEXT,367,200,12
1760124461886,JOIN,367,200,12
1760124461886,TEXT,367,200,12
1760124461886,TEXT,367,200,12
1760124461887,TEXT,367,200,12
1760124461887,LEAVE,367,200,12
1760124461887,TEXT,367,200,12
1760124461887,TEXT,366,200,12
1760124461887,TEXT,366,200,12
1760124461887,TEXT,366,200,12
1760124461887,TEXT,366,200,12
1760124461888,TEXT,366,200,12
1760124461888,TEXT,366,200,12
1760124461888,TEXT,366,200,12
1760124461888,TEXT,365,200,12
1760124461888,TEXT,365,200,12
1760124461889,TEXT,365,200,12
1760124461889,TEXT,365,200,12
1760124461891,TEXT,363,200,12
1760124461891,TEXT,363,200,12
1760124461891,TEXT,363,200,12
1760124461891,TEXT,362,200,12
1760124461891,TEXT,362,200,12
1760124461891,TEXT,362,200,12
1760124461891,TEXT,362,200,12
1760124461892,TEXT,362,200,12
1760124461895,TEXT,359,200,12
1760124461895,TEXT,359,200,12
1760124461852,TEXT,406,200,17
1760124461852,TEXT,406,200,17
1760124461852,TEXT,406,200,17
1760124461852,TEXT,406,200,17
1760124461853,TEXT,405,200,17
1760124461854,TEXT,404,200,17
1760124461854,LEAVE,404,200,17
1760124461855,TEXT,403,200,17
1760124461855,TEXT,403,200,17
1760124461856,TEXT,402,200,17
1760124461857,TEXT,401,200,17
1760124461857,TEXT,401,200,17
1760124461857,TEXT,401,200,17
1760124461862,TEXT,396,200,17
1760124461862,TEXT,396,200,17
1760124461866,TEXT,392,200,17
1760124461866,TEXT,392,200,17
1760124461866,TEXT,392,200,17
1760124461870,TEXT,388,200,17
1760124461871,TEXT,387,200,17
1760124461871,TEXT,387,200,17
1760124461871,TEXT,387,200,17
1760124461871,TEXT,387,200,17
1760124461873,TEXT,385,200,17
1760124461874,TEXT,384,200,17
1760124461870,TEXT,388,200,19
1760124461874,TEXT,385,200,19
1760124461874,TEXT,385,200,19
1760124461876,TEXT,383,200,19
1760124461876,TEXT,383,200,19
1760124461877,TEXT,382,200,19
1760124461877,TEXT,382,200,19
1760124461877,TEXT,382,200,19
1760124461877,TEXT,382,200,19
1760124461877,TEXT,382,200,19
1760124461877,TEXT,382,200,19
1760124461877,LEAVE,381,200,19
1760124461878,TEXT,381,200,19
1760124461878,TEXT,381,200,19
1760124461878,TEXT,381,200,19
1760124461878,TEXT,381,200,19
1760124461878,TEXT,381,200,19
1760124461878,TEXT,381,200,19
1760124461879,TEXT,381,200,19
1760124461879,TEXT,380,200,19
1760124461879,TEXT,380,200,19
1760124461879,TEXT,380,200,19
1760124461879,TEXT,380,200,19
1760124461879,TEXT,380,200,19
1760124461879,TEXT,380,200,19
1760124461880,TEXT,380,200,19
1760124461880,TEXT,379,200,19
1760124461880,TEXT,379,200,19
1760124461880,TEXT,379,200,19
1760124461881,TEXT,379,200,19
1760124461881,TEXT,378,200,19
1760124461881,TEXT,378,200,19
1760124461881,TEXT,378,200,19
1760124461881,TEXT,378,200,19
1760124461881,TEXT,378,200,19
1760124461881,TEXT,378,200,19
1760124461881,TEXT,378,200,19
1760124461884,TEXT,375,200,19
1760124461885,TEXT,375,200,19
1760124461885,TEXT,375,200,19
1760124461885,TEXT,375,200,19
1760124461885,TEXT,374,200,19
1760124461885,TEXT,374,200,19
1760124461885,TEXT,374,200,19
1760124461885,TEXT,374,200,19
1760124461885,TEXT,374,200,19
1760124461886,TEXT,374,200,19
1760124461886,TEXT,374,200,19
1760124461886,TEXT,374,200,19
1760124461886,TEXT,373,200,19
1760124461886,TEXT,374,200,19
1760124461886,TEXT,373,200,19
1760124461886,TEXT,373,200,19
1760124461886,TEXT,373,200,19
1760124461887,TEXT,373,200,19
1760124461887,TEXT,373,200,19
1760124461887,TEXT,372,200,19
1760124461887,LEAVE,372,200,19
1760124461887,LEAVE,372,200,19
1760124461887,TEXT,372,200,19
1760124461887,TEXT,372,200,19
1760124461888,TEXT,372,200,19
1760124461888,TEXT,372,200,19
1760124461888,TEXT,372,200,19
1760124461888,TEXT,372,200,19
1760124461888,TEXT,372,200,19
1760124461888,TEXT,372,200,19
1760124461888,TEXT,372,200,19
1760124461888,TEXT,372,200,19
1760124461888,TEXT,371,200,19
1760124461888,TEXT,371,200,19
1760124461888,TEXT,371,200,19
1760124461888,TEXT,371,200,19
1760124461888,TEXT,371,200,19
1760124461889,TEXT,371,200,19
1760124461889,TEXT,370,200,19
1760124461891,TEXT,369,200,19
1760124461891,TEXT,369,200,19
1760124461891,TEXT,369,200,19
1760124461891,TEXT,368,200,19
1760124461895,TEXT,365,200,19
1760124461895,TEXT,365,200,19
1760124461895,JOIN,365,200,19
1760124461895,TEXT,365,200,19
1760124461895,TEXT,365,200,19
1760124461896,TEXT,364,200,19
1760124461896,TEXT,364,200,19
1760124461896,TEXT,364,200,19
1760124461896,TEXT,364,200,19
1760124461896,TEXT,364,200,19
1760124461896,TEXT,363,200,19
1760124461896,TEXT,363,200,19
1760124461856,TEXT,409,200,9
1760124461857,TEXT,409,200,9
1760124461858,TEXT,408,200,9
1760124461858,TEXT,408,200,9
1760124461859,TEXT,407,200,9
1760124461862,LEAVE,404,200,9
1760124461868,TEXT,398,200,9
1760124461868,TEXT,397,200,9
1760124461874,TEXT,392,200,9
1760124461876,TEXT,390,200,9
1760124461876,TEXT,390,200,9
1760124461877,TEXT,389,200,9
1760124461877,TEXT,389,200,9
1760124461877,TEXT,389,200,9
1760124461877,TEXT,389,200,9
1760124461877,TEXT,389,200,9
1760124461878,TEXT,388,200,9
1760124461878,TEXT,388,200,9
1760124461878,JOIN,388,200,9
1760124461878,TEXT,388,200,9
1760124461878,TEXT,388,200,9
1760124461879,JOIN,388,200,9
1760124461879,TEXT,387,200,9
1760124461879,TEXT,387,200,9
1760124461879,TEXT,387,200,9
1760124461879,TEXT,387,200,9
1760124461879,TEXT,387,200,9
1760124461879,TEXT,387,200,9
1760124461879,JOIN,387,200,9
1760124461880,TEXT,387,200,9
1760124461880,TEXT,387,200,9
1760124461880,TEXT,387,200,9
1760124461852,TEXT,512,200,10
1760124461852,TEXT,512,200,10
1760124461852,TEXT,512,200,10
1760124461852,TEXT,512,200,10
1760124461853,TEXT,511,200,10
1760124461853,TEXT,511,200,10
1760124461853,JOIN,511,200,10
1760124461853,TEXT,511,200,10
1760124461854,LEAVE,511,200,10
1760124461855,TEXT,510,200,10
1760124461855,TEXT,509,200,10
1760124461857,TEXT,508,200,10
1760124461857,TEXT,507,200,10
1760124461858,TEXT,507,200,10
1760124461858,TEXT,507,200,10
1760124461860,TEXT,505,200,10
1760124461862,TEXT,503,200,10
1760124461864,TEXT,500,200,10
1760124461866,TEXT,499,200,10
1760124461866,TEXT,498,200,10
1760124461866,TEXT,498,200,10
1760124461868,TEXT,497,200,10
1760124461868,TEXT,496,200,10
1760124461871,TEXT,494,200,10
1760124461871,TEXT,493,200,10
1760124461873,TEXT,492,200,10
1760124461876,TEXT,488,200,10
1760124461877,TEXT,488,200,10
1760124461877,TEXT,488,200,10
1760124461877,TEXT,488,200,10
1760124461877,TEXT,488,200,10
1760124461877,TEXT,488,200,10
1760124461877,TEXT,488,200,10
1760124461877,TEXT,488,200,10
1760124461877,TEXT,488,200,10
1760124461877,TEXT,488,200,10
1760124461877,TEXT,488,200,10
1760124461877,TEXT,488,200,10
1760124461877,TEXT,487,200,10
1760124461877,JOIN,487,200,10
1760124461877,TEXT,487,200,10
1760124461878,TEXT,487,200,10
1760124461878,TEXT,487,200,10
1760124461878,TEXT,487,200,10
1760124461878,TEXT,487,200,10
1760124461878,TEXT,486,200,10
1760124461878,TEXT,486,200,10
1760124461879,TEXT,486,200,10
1760124461879,TEXT,486,200,10
1760124461879,TEXT,486,200,10
1760124461879,LEAVE,486,200,10
1760124461879,JOIN,486,200,10
1760124461879,TEXT,486,200,10
1760124461879,JOIN,486,200,10
1760124461879,TEXT,485,200,10
1760124461879,TEXT,485,200,10
1760124461880,TEXT,485,200,10
1760124461880,TEXT,485,200,10
1760124461880,TEXT,485,200,10
1760124461880,TEXT,485,200,10
1760124461880,TEXT,485,200,10
1760124461880,TEXT,485,200,10
1760124461880,TEXT,484,200,10
1760124461881,TEXT,484,200,10
1760124461881,TEXT,484,200,10
1760124461881,TEXT,484,200,10
1760124461881,TEXT,484,200,10
1760124461881,TEXT,484,200,10
1760124461882,TEXT,483,200,10
1760124461882,TEXT,483,200,10
1760124461885,TEXT,480,200,10
1760124461885,TEXT,480,200,10
1760124461885,TEXT,480,200,10
1760124461885,LEAVE,480,200,10
1760124461885,TEXT,480,200,10
1760124461885,TEXT,480,200,10
1760124461885,TEXT,480,200,10
1760124461885,TEXT,480,200,10
1760124461885,TEXT,480,200,10
1760124461885,TEXT,480,200,10
1760124461885,TEXT,480,200,10
1760124461885,JOIN,480,200,10
1760124461885,TEXT,479,200,10
1760124461886,JOIN,479,200,10
1760124461886,TEXT,479,200,10
1760124461886,TEXT,479,200,10
1760124461886,TEXT,479,200,10
1760124461886,TEXT,479,200,10
1760124461886,TEXT,479,200,10
1760124461886,TEXT,479,200,10
1760124461886,TEXT,479,200,10
1760124461886,TEXT,479,200,10
1760124461886,TEXT,479,200,10
1760124461886,TEXT,479,200,10
1760124461886,TEXT,479,200,10
1760124461887,TEXT,478,200,10
1760124461887,TEXT,478,200,10
1760124461887,TEXT,478,200,10
1760124461887,TEXT,478,200,10
1760124461887,TEXT,478,200,10
1760124461887,JOIN,478,200,10
1760124461888,TEXT,477,200,10
1760124461888,TEXT,477,200,10
1760124461888,TEXT,477,200,10
1760124461888,TEXT,477,200,10
1760124461888,JOIN,477,200,10
1760124461888,TEXT,477,200,10
1760124461889,TEXT,476,200,10
1760124461889,TEXT,476,200,10
1760124461889,JOIN,476,200,10
1760124461871,LEAVE,495,200,2
1760124461871,LEAVE,495,200,2
1760124461871,TEXT,494,200,2
1760124461876,TEXT,490,200,2
1760124461876,TEXT,489,200,2
1760124461877,TEXT,489,200,2
1760124461877,TEXT,489,200,2
1760124461878,TEXT,488,200,2
1760124461878,TEXT,487,200,2
1760124461878,TEXT,487,200,2
1760124461878,TEXT,487,200,2
1760124461878,TEXT,487,200,2
1760124461879,TEXT,487,200,2
1760124461879,TEXT,487,200,2
1760124461879,TEXT,487,200,2
1760124461879,TEXT,486,200,2
1760124461879,TEXT,486,200,2
1760124461879,TEXT,486,200,2
1760124461879,TEXT,486,200,2
1760124461880,LEAVE,486,200,2
1760124461880,TEXT,486,200,2
1760124461880,TEXT,486,200,2
1760124461881,TEXT,486,200,2
1760124461881,TEXT,485,200,2
1760124461881,TEXT,485,200,2
1760124461882,TEXT,484,200,2
1760124461885,TEXT,482,200,2
1760124461885,TEXT,481,200,2
1760124461885,TEXT,481,200,2
1760124461885,TEXT,481,200,2
1760124461885,TEXT,481,200,2
1760124461885,TEXT,481,200,2
1760124461885,TEXT,481,200,2
1760124461885,LEAVE,481,200,2
1760124461885,TEXT,481,200,2
1760124461885,TEXT,481,200,2
1760124461885,TEXT,481,200,2
1760124461886,TEXT,481,200,2
1760124461886,TEXT,481,200,2
1760124461886,TEXT,480,200,2
1760124461886,TEXT,480,200,2
1760124461886,LEAVE,480,200,2
1760124461886,LEAVE,480,200,2
1760124461886,TEXT,480,200,2
1760124461887,TEXT,479,200,2
1760124461887,TEXT,479,200,2
1760124461887,TEXT,479,200,2
1760124461888,TEXT,479,200,2
1760124461888,TEXT,478,200,2
1760124461888,TEXT,478,200,2
1760124461888,TEXT,478,200,2
1760124461888,TEXT,478,200,2
1760124461888,TEXT,478,200,2
1760124461888,TEXT,478,200,2
1760124461889,TEXT,478,200,2
1760124461889,TEXT,478,200,2
1760124461889,TEXT,477,200,2
1760124461889,TEXT,477,200,2
1760124461889,TEXT,477,200,2
1760124461871,TEXT,504,200,7
1760124461874,TEXT,502,200,7
1760124461874,TEXT,502,200,7
1760124461874,TEXT,502,200,7
1760124461874,TEXT,502,200,7
1760124461876,TEXT,499,200,7
1760124461876,LEAVE,499,200,7
1760124461877,TEXT,499,200,7
1760124461877,TEXT,499,200,7
1760124461877,TEXT,499,200,7
1760124461877,TEXT,499,200,7
1760124461877,TEXT,499,200,7
1760124461877,LEAVE,499,200,7
1760124461877,TEXT,498,200,7
1760124461878,TEXT,498,200,7
1760124461878,TEXT,498,200,7
1760124461879,TEXT,497,200,7
1760124461879,TEXT,497,200,7
1760124461879,JOIN,497,200,7
1760124461879,TEXT,497,200,7
1760124461879,TEXT,497,200,7
1760124461879,TEXT,497,200,7
1760124461879,TEXT,497,200,7
1760124461879,TEXT,497,200,7
1760124461879,TEXT,496,200,7
1760124461880,TEXT,496,200,7
1760124461880,TEXT,496,200,7
1760124461880,TEXT,496,200,7
1760124461880,TEXT,496,200,7
1760124461880,TEXT,496,200,7
1760124461880,TEXT,496,200,7
1760124461880,TEXT,496,200,7
1760124461880,TEXT,495,200,7
1760124461880,TEXT,495,200,7
1760124461881,TEXT,495,200,7
1760124461881,TEXT,495,200,7
1760124461881,TEXT,495,200,7
1760124461881,TEXT,495,200,7
1760124461881,TEXT,495,200,7
1760124461881,TEXT,495,200,7
1760124461881,TEXT,495,200,7
1760124461881,LEAVE,495,200,7
1760124461881,TEXT,495,200,7
1760124461881,TEXT,495,200,7
1760124461881,TEXT,495,200,7
1760124461881,TEXT,495,200,7
1760124461881,TEXT,495,200,7
1760124461882,TEXT,494,200,7
1760124461885,TEXT,491,200,7
1760124461885,TEXT,491,200,7
1760124461885,LEAVE,491,200,7
1760124461885,TEXT,490,200,7
1760124461885,TEXT,490,200,7
1760124461886,TEXT,490,200,7
1760124461886,LEAVE,490,200,7
1760124461886,TEXT,490,200,7
1760124461886,TEXT,490,200,7
1760124461886,TEXT,490,200,7
1760124461886,JOIN,490,200,7
1760124461886,TEXT,490,200,7
1760124461886,TEXT,490,200,7
1760124461887,TEXT,489,200,7
1760124461887,TEXT,489,200,7
1760124461887,TEXT,488,200,7
1760124461888,JOIN,488,200,7
1760124461888,TEXT,488,200,7
1760124461888,TEXT,488,200,7
1760124461888,TEXT,488,200,7
1760124461888,JOIN,488,200,7
1760124461888,TEXT,487,200,7
1760124461889,JOIN,487,200,7
1760124461889,LEAVE,487,200,7
1760124461889,TEXT,487,200,7
1760124461889,TEXT,487,200,7
1760124461889,TEXT,487,200,7
1760124461889,TEXT,487,200,7
1760124461891,TEXT,485,200,7
1760124461891,TEXT,485,200,7
1760124461891,LEAVE,485,200,7
1760124461891,TEXT,485,200,7
1760124461891,TEXT,485,200,7
1760124461895,TEXT,481,200,7
1760124461895,TEXT,481,200,7
1760124461878,TEXT,501,200,15
1760124461878,TEXT,501,200,15
1760124461878,TEXT,501,200,15
1760124461878,TEXT,501,200,15
1760124461879,TEXT,500,200,15
1760124461879,TEXT,500,200,15
1760124461879,TEXT,500,200,15
1760124461879,TEXT,500,200,15
1760124461880,TEXT,499,200,15
1760124461880,TEXT,499,200,15
1760124461881,TEXT,498,200,15
1760124461881,JOIN,498,200,15
1760124461881,TEXT,498,200,15
1760124461881,TEXT,498,200,15
1760124461881,TEXT,498,200,15
1760124461882,TEXT,497,200,15
1760124461885,TEXT,494,200,15
1760124461885,TEXT,494,200,15
1760124461885,TEXT,494,200,15
1760124461885,TEXT,494,200,15
1760124461885,TEXT,494,200,15
1760124461885,TEXT,494,200,15
1760124461886,TEXT,494,200,15
1760124461886,TEXT,493,200,15
1760124461886,TEXT,493,200,15
1760124461886,TEXT,493,200,15
1760124461886,TEXT,493,200,15
1760124461887,TEXT,492,200,15
1760124461887,TEXT,492,200,15
1760124461887,TEXT,492,200,15
1760124461887,TEXT,492,200,15
1760124461888,TEXT,491,200,15
1760124461888,LEAVE,491,200,15
1760124461888,TEXT,491,200,15
1760124461888,TEXT,491,200,15
1760124461888,TEXT,491,200,15
1760124461889,TEXT,491,200,15
1760124461889,TEXT,490,200,15
1760124461889,TEXT,490,200,15
1760124461889,TEXT,490,200,15
1760124461889,TEXT,490,200,15
1760124461889,TEXT,490,200,15
1760124461891,TEXT,488,200,15
1760124461891,TEXT,488,200,15
1760124461891,TEXT,488,200,15
1760124461891,TEXT,488,200,15
1760124461895,TEXT,485,200,15
1760124461895,TEXT,484,200,15
1760124461895,TEXT,484,200,15
1760124461895,TEXT,484,200,15
1760124461895,TEXT,484,200,15
1760124461895,TEXT,484,200,15
1760124461895,TEXT,484,200,15
1760124461895,TEXT,484,200,15
1760124461895,TEXT,484,200,15
1760124461895,TEXT,484,200,15
1760124461895,TEXT,484,200,15
1760124461896,TEXT,484,200,15
1760124461896,TEXT,483,200,15
1760124461896,JOIN,483,200,15
1760124461896,TEXT,483,200,15
1760124461896,TEXT,483,200,15
1760124461896,TEXT,483,200,15
1760124461896,TEXT,483,200,15
1760124461896,JOIN,483,200,15
1760124461879,JOIN,500,200,20
1760124461880,TEXT,500,200,20
1760124461880,TEXT,500,200,20
1760124461880,TEXT,500,200,20
1760124461880,TEXT,500,200,20
1760124461880,TEXT,499,200,20
1760124461880,TEXT,499,200,20
1760124461881,TEXT,499,200,20
1760124461881,TEXT,499,200,20
1760124461881,TEXT,498,200,20
1760124461881,LEAVE,498,200,20
1760124461881,TEXT,498,200,20
1760124461881,TEXT,498,200,20
1760124461882,TEXT,498,200,20
1760124461882,TEXT,498,200,20
1760124461884,TEXT,495,200,20
1760124461885,LEAVE,495,200,20
1760124461885,TEXT,495,200,20
1760124461885,TEXT,494,200,20
1760124461885,TEXT,494,200,20
1760124461885,TEXT,494,200,20
1760124461885,TEXT,494,200,20
1760124461886,TEXT,494,200,20
1760124461886,TEXT,494,200,20
1760124461886,TEXT,494,200,20
1760124461886,TEXT,494,200,20
1760124461886,TEXT,494,200,20
1760124461886,TEXT,494,200,20
1760124461886,TEXT,494,200,20
1760124461886,TEXT,494,200,20
1760124461886,TEXT,494,200,20
1760124461886,JOIN,493,200,20
1760124461886,TEXT,493,200,20
1760124461886,JOIN,493,200,20
1760124461886,TEXT,493,200,20
1760124461886,TEXT,493,200,20
1760124461887,TEXT,493,200,20
1760124461887,TEXT,493,200,20
1760124461887,TEXT,493,200,20
1760124461887,TEXT,492,200,20
1760124461887,TEXT,492,200,20
1760124461887,TEXT,492,200,20
1760124461887,JOIN,492,200,20
1760124461887,TEXT,492,200,20
1760124461888,TEXT,492,200,20
1760124461888,TEXT,492,200,20
1760124461888,TEXT,492,200,20
1760124461888,TEXT,491,200,20
1760124461888,TEXT,491,200,20
1760124461888,TEXT,491,200,20
1760124461888,JOIN,491,200,20
1760124461888,TEXT,491,200,20
1760124461888,TEXT,491,200,20
1760124461889,TEXT,491,200,20
1760124461889,TEXT,491,200,20
1760124461889,TEXT,491,200,20
1760124461889,TEXT,491,200,20
1760124461891,TEXT,489,200,20
1760124461891,TEXT,489,200,20
1760124461895,TEXT,485,200,20
1760124461895,TEXT,485,200,20
1760124461895,TEXT,485,200,20
1760124461895,TEXT,485,200,20
1760124461895,TEXT,485,200,20
1760124461895,TEXT,485,200,20
1760124461896,TEXT,483,200,15
1760124461897,TEXT,483,200,15
1760124461897,TEXT,483,200,15
1760124461897,TEXT,483,200,15
1760124461897,TEXT,483,200,15
1760124461897,TEXT,482,200,15
1760124461898,TEXT,482,200,15
1760124461898,TEXT,482,200,15
1760124461898,TEXT,482,200,15
1760124461898,TEXT,482,200,15
1760124461898,TEXT,482,200,15
1760124461898,TEXT,482,200,15
1760124461898,TEXT,482,200,15
1760124461898,JOIN,482,200,15
1760124461898,LEAVE,482,200,15
1760124461898,JOIN,482,200,15
1760124461898,TEXT,481,200,15
1760124461900,TEXT,480,200,15
1760124461900,LEAVE,480,200,15
1760124461902,TEXT,478,200,15
1760124461903,TEXT,477,200,15
1760124461903,TEXT,477,200,15
1760124461905,TEXT,475,200,15
1760124461905,TEXT,475,200,15
1760124461905,TEXT,475,200,15
1760124461905,TEXT,475,200,15
1760124461908,TEXT,472,200,15
1760124461909,TEXT,471,200,15
1760124461910,TEXT,470,200,15
1760124461913,TEXT,466,200,15
1760124461914,TEXT,466,200,15
1760124461914,TEXT,466,200,15
1760124461914,TEXT,466,200,15
1760124461914,TEXT,466,200,15
1760124461914,TEXT,466,200,15
1760124461914,TEXT,466,200,15
1760124461914,TEXT,466,200,15
1760124461914,TEXT,466,200,15
1760124461914,LEAVE,466,200,15
1760124461914,TEXT,466,200,15
1760124461914,TEXT,466,200,15
1760124461914,TEXT,466,200,15
1760124461914,TEXT,466,200,15
1760124461915,JOIN,466,200,15
1760124461915,TEXT,465,200,15
1760124461915,TEXT,465,200,15
1760124461915,LEAVE,465,200,15
1760124461915,TEXT,465,200,15
1760124461916,TEXT,464,200,15
1760124461916,TEXT,464,200,15
1760124461916,LEAVE,464,200,15
1760124461916,TEXT,464,200,15
1760124461916,TEXT,464,200,15
1760124461916,TEXT,464,200,15
1760124461916,TEXT,464,200,15
1760124461916,JOIN,464,200,15
1760124461917,TEXT,463,200,15
1760124461917,TEXT,463,200,15
1760124461917,TEXT,463,200,15
1760124461917,TEXT,463,200,15
1760124461918,TEXT,463,200,15
1760124461918,JOIN,463,200,15
1760124461918,TEXT,463,200,15
1760124461918,JOIN,463,200,15
1760124461918,TEXT,462,200,15
1760124461918,TEXT,462,200,15
1760124461918,TEXT,462,200,15
1760124461918,TEXT,462,200,15
1760124461919,TEXT,462,200,15
1760124461919,TEXT,462,200,15
1760124461919,TEXT,461,200,15
1760124461919,TEXT,461,200,15
1760124461919,TEXT,461,200,15
1760124461919,LEAVE,461,200,15
1760124461919,TEXT,461,200,15
1760124461919,TEXT,461,200,15
1760124461919,TEXT,461,200,15
1760124461920,TEXT,460,200,15
1760124461920,TEXT,460,200,15
1760124461920,TEXT,460,200,15
1760124461921,JOIN,460,200,15
1760124461921,TEXT,460,200,15
1760124461921,TEXT,459,200,15
1760124461921,TEXT,459,200,15
1760124461921,TEXT,459,200,15
1760124461921,TEXT,459,200,15
1760124461922,TEXT,458,200,15
1760124461922,JOIN,458,200,15
1760124461923,TEXT,458,200,15
1760124461923,TEXT,458,200,15
1760124461923,TEXT,457,200,15
1760124461923,TEXT,457,200,15
1760124461923,TEXT,457,200,15
1760124461923,TEXT,457,200,15
1760124461923,TEXT,457,200,15
1760124461923,TEXT,457,200,15
1760124461924,LEAVE,457,200,15
1760124461924,LEAVE,457,200,15
1760124461924,TEXT,457,200,15
1760124461879,TEXT,519,200,5
1760124461879,TEXT,519,200,5
1760124461879,TEXT,519,200,5
1760124461879,TEXT,519,200,5
1760124461880,LEAVE,518,200,5
1760124461880,TEXT,518,200,5
1760124461880,TEXT,518,200,5
1760124461880,TEXT,518,200,5
1760124461881,TEXT,517,200,5
1760124461881,TEXT,517,200,5
1760124461882,TEXT,517,200,5
1760124461882,TEXT,516,200,5
1760124461884,TEXT,514,200,5
1760124461885,TEXT,514,200,5
1760124461885,TEXT,514,200,5
1760124461885,TEXT,513,200,5
1760124461885,JOIN,513,200,5
1760124461885,TEXT,513,200,5
1760124461885,TEXT,513,200,5
1760124461885,TEXT,513,200,5
1760124461886,TEXT,512,200,5
1760124461886,TEXT,512,200,5
1760124461886,LEAVE,512,200,5
1760124461886,TEXT,512,200,5
1760124461886,TEXT,512,200,5
1760124461886,TEXT,512,200,5
1760124461887,TEXT,511,200,5
1760124461887,LEAVE,511,200,5
1760124461887,TEXT,511,200,5
1760124461887,TEXT,511,200,5
1760124461888,LEAVE,510,200,5
1760124461888,TEXT,510,200,5
1760124461888,TEXT,510,200,5
1760124461888,TEXT,510,200,5
1760124461888,JOIN,510,200,5
1760124461888,TEXT,510,200,5
1760124461888,TEXT,510,200,5
1760124461888,TEXT,510,200,5
1760124461888,TEXT,510,200,5
1760124461889,TEXT,510,200,5
1760124461889,TEXT,510,200,5
1760124461889,TEXT,510,200,5
1760124461889,TEXT,509,200,5
1760124461889,TEXT,509,200,5
1760124461889,TEXT,509,200,5
1760124461891,TEXT,508,200,5
1760124461891,JOIN,507,200,5
1760124461891,TEXT,507,200,5
1760124461891,TEXT,507,200,5
1760124461891,TEXT,507,200,5
1760124461895,TEXT,504,200,5
1760124461895,TEXT,504,200,5
1760124461895,TEXT,503,200,5
1760124461895,TEXT,503,200,5
1760124461895,TEXT,503,200,5
1760124461895,TEXT,503,200,5
1760124461896,TEXT,503,200,5
1760124461896,TEXT,503,200,5
1760124461896,TEXT,503,200,5
1760124461896,TEXT,503,200,5
1760124461896,JOIN,502,200,5
1760124461885,TEXT,514,200,8
1760124461896,TEXT,502,200,5
1760124461885,TEXT,514,200,8
1760124461896,TEXT,502,200,5
1760124461896,TEXT,502,200,5
1760124461885,TEXT,513,200,8
1760124461896,LEAVE,502,200,5
1760124461897,TEXT,502,200,5
1760124461885,TEXT,513,200,8
1760124461897,TEXT,502,200,5
1760124461897,TEXT,502,200,5
1760124461885,TEXT,513,200,8
1760124461885,TEXT,513,200,8
1760124461886,TEXT,513,200,8
1760124461886,TEXT,513,200,8
1760124461886,TEXT,512,200,8
1760124461886,TEXT,512,200,8
1760124461886,TEXT,512,200,8
1760124461886,TEXT,512,200,8
1760124461886,TEXT,512,200,8
1760124461887,TEXT,512,200,8
1760124461887,TEXT,511,200,8
1760124461887,TEXT,511,200,8
1760124461887,TEXT,511,200,8
1760124461887,TEXT,511,200,8
1760124461887,TEXT,511,200,8
1760124461888,TEXT,511,200,8
1760124461888,TEXT,511,200,8
1760124461888,TEXT,511,200,8
1760124461888,TEXT,511,200,8
1760124461888,JOIN,510,200,8
1760124461888,TEXT,510,200,8
1760124461889,TEXT,510,200,8
1760124461889,TEXT,510,200,8
1760124461889,LEAVE,510,200,8
1760124461889,TEXT,510,200,8
1760124461891,TEXT,508,200,8
1760124461891,TEXT,508,200,8
1760124461891,TEXT,507,200,8
1760124461891,TEXT,507,200,8
1760124461895,TEXT,504,200,8
1760124461895,TEXT,504,200,8
1760124461895,TEXT,504,200,8
1760124461895,TEXT,503,200,8
1760124461896,TEXT,503,200,8
1760124461896,TEXT,503,200,8
1760124461896,TEXT,503,200,8
1760124461896,JOIN,503,200,8
1760124461896,TEXT,503,200,8
1760124461896,TEXT,502,200,8
1760124461897,TEXT,502,200,8
1760124461897,TEXT,502,200,8
1760124461897,TEXT,501,200,8
1760124461897,TEXT,501,200,8
1760124461897,TEXT,501,200,8
1760124461898,TEXT,501,200,8
1760124461898,TEXT,501,200,8
1760124461898,TEXT,501,200,8
1760124461898,TEXT,501,200,8
1760124461898,TEXT,501,200,8
1760124461898,TEXT,501,200,8
1760124461898,TEXT,501,200,8
1760124461900,TEXT,499,200,8
1760124461900,TEXT,499,200,8
1760124461900,TEXT,499,200,8
1760124461903,TEXT,496,200,8
1760124461903,TEXT,496,200,8
1760124461903,TEXT,496,200,8
1760124461905,TEXT,494,200,8
1760124461905,TEXT,494,200,8
1760124461889,TEXT,514,200,13
1760124461889,TEXT,514,200,13
1760124461891,TEXT,512,200,13
1760124461891,TEXT,512,200,13
1760124461891,TEXT,512,200,13
1760124461891,TEXT,512,200,13
1760124461891,TEXT,512,200,13
1760124461891,TEXT,512,200,13
1760124461892,TEXT,511,200,13
1760124461895,TEXT,508,200,13
1760124461895,TEXT,508,200,13
1760124461895,TEXT,508,200,13
1760124461895,TEXT,508,200,13
1760124461895,TEXT,508,200,13
1760124461896,TEXT,507,200,13
1760124461896,TEXT,507,200,13
1760124461896,TEXT,507,200,13
1760124461896,TEXT,507,200,13
1760124461897,TEXT,506,200,13
1760124461897,TEXT,506,200,13
1760124461897,TEXT,506,200,13
1760124461897,TEXT,506,200,13
1760124461897,TEXT,506,200,13
1760124461898,TEXT,505,200,13
1760124461898,TEXT,505,200,13
1760124461898,TEXT,505,200,13
1760124461898,JOIN,505,200,13
1760124461898,TEXT,505,200,13
1760124461900,TEXT,503,200,13
1760124461900,TEXT,503,200,13
1760124461902,TEXT,501,200,13
1760124461902,JOIN,501,200,13
1760124461902,TEXT,500,200,13
1760124461903,TEXT,500,200,13
1760124461905,TEXT,498,200,13
1760124461905,JOIN,498,200,13
1760124461905,TEXT,498,200,13
1760124461905,TEXT,498,200,13
1760124461910,TEXT,493,200,13
1760124461910,TEXT,493,200,13
1760124461878,TEXT,553,200,3
1760124461879,LEAVE,553,200,3
1760124461879,TEXT,553,200,3
1760124461879,TEXT,553,200,3
1760124461879,TEXT,553,200,3
1760124461879,TEXT,553,200,3
1760124461879,TEXT,553,200,3
1760124461879,TEXT,553,200,3
1760124461879,TEXT,553,200,3
1760124461879,TEXT,553,200,3
1760124461879,TEXT,553,200,3
1760124461880,TEXT,553,200,3
1760124461880,TEXT,553,200,3
1760124461880,TEXT,553,200,3
1760124461880,TEXT,552,200,3
1760124461880,TEXT,552,200,3
1760124461880,TEXT,552,200,3
1760124461880,TEXT,552,200,3
1760124461880,JOIN,552,200,3
1760124461881,TEXT,552,200,3
1760124461881,TEXT,551,200,3
1760124461881,TEXT,551,200,3
1760124461881,TEXT,551,200,3
1760124461882,TEXT,550,200,3
1760124461885,TEXT,547,200,3
1760124461886,TEXT,546,200,3
1760124461886,TEXT,546,200,3
1760124461886,TEXT,546,200,3
1760124461886,TEXT,546,200,3
1760124461886,TEXT,546,200,3
1760124461886,TEXT,546,200,3
1760124461886,TEXT,546,200,3
1760124461887,TEXT,545,200,3
1760124461887,TEXT,545,200,3
1760124461887,TEXT,545,200,3
1760124461887,TEXT,545,200,3
1760124461887,TEXT,545,200,3
1760124461888,TEXT,545,200,3
1760124461888,TEXT,544,200,3
1760124461888,TEXT,544,200,3
1760124461888,TEXT,544,200,3
1760124461888,TEXT,544,200,3
1760124461889,TEXT,544,200,3
1760124461889,TEXT,544,200,3
1760124461889,LEAVE,543,200,3
1760124461891,TEXT,542,200,3
1760124461891,TEXT,541,200,3
1760124461891,TEXT,541,200,3
1760124461895,TEXT,538,200,3
1760124461895,TEXT,537,200,3
1760124461895,TEXT,537,200,3
1760124461895,TEXT,537,200,3
1760124461895,LEAVE,537,200,3
1760124461895,TEXT,537,200,3
1760124461896,TEXT,537,200,3
1760124461896,JOIN,537,200,3
1760124461896,TEXT,536,200,3
1760124461896,LEAVE,536,200,3
1760124461896,TEXT,536,200,3
1760124461896,TEXT,536,200,3
1760124461896,TEXT,536,200,3
1760124461896,TEXT,536,200,3
1760124461896,JOIN,536,200,3
1760124461897,TEXT,535,200,3
1760124461897,TEXT,535,200,3
1760124461897,TEXT,535,200,3
1760124461865,TEXT,619,200,18
1760124461866,TEXT,619,200,18
1760124461866,TEXT,618,200,18
1760124461866,TEXT,618,200,18
1760124461868,TEXT,617,200,18
1760124461868,LEAVE,617,200,18
1760124461868,TEXT,617,200,18
1760124461870,TEXT,615,200,18
1760124461870,TEXT,614,200,18
1760124461871,TEXT,614,200,18
1760124461873,TEXT,612,200,18
1760124461873,TEXT,612,200,18
1760124461874,TEXT,611,200,18
1760124461874,TEXT,611,200,18
1760124461874,TEXT,611,200,18
1760124461874,JOIN,611,200,18
1760124461874,TEXT,611,200,18
1760124461877,JOIN,608,200,18
1760124461877,TEXT,608,200,18
1760124461877,TEXT,608,200,18
1760124461877,TEXT,608,200,18
1760124461877,TEXT,608,200,18
1760124461877,TEXT,608,200,18
1760124461877,TEXT,608,200,18
1760124461877,TEXT,607,200,18
1760124461878,TEXT,607,200,18
1760124461878,TEXT,606,200,18
1760124461878,TEXT,606,200,18
1760124461879,TEXT,606,200,18
1760124461879,TEXT,606,200,18
1760124461879,TEXT,606,200,18
1760124461879,TEXT,606,200,18
1760124461879,TEXT,606,200,18
1760124461879,TEXT,606,200,18
1760124461880,TEXT,605,200,18
1760124461880,TEXT,605,200,18
1760124461880,TEXT,604,200,18
1760124461881,LEAVE,604,200,18
1760124461881,TEXT,604,200,18
1760124461881,TEXT,604,200,18
1760124461881,TEXT,604,200,18
1760124461881,TEXT,603,200,18
1760124461885,TEXT,600,200,18
1760124461885,TEXT,600,200,18
1760124461885,TEXT,600,200,18
1760124461885,TEXT,600,200,18
1760124461885,LEAVE,600,200,18
1760124461885,TEXT,600,200,18
1760124461885,TEXT,600,200,18
1760124461885,TEXT,600,200,18
1760124461885,TEXT,600,200,18
1760124461885,TEXT,600,200,18
1760124461885,TEXT,600,200,18
1760124461885,TEXT,600,200,18
1760124461885,TEXT,600,200,18
1760124461885,TEXT,600,200,18
1760124461885,TEXT,599,200,18
1760124461886,TEXT,599,200,18
1760124461886,TEXT,599,200,18
1760124461886,TEXT,599,200,18
1760124461886,TEXT,599,200,18
1760124461886,TEXT,599,200,18
1760124461886,TEXT,599,200,18
1760124461886,TEXT,599,200,18
1760124461887,LEAVE,598,200,18
1760124461887,TEXT,598,200,18
1760124461887,TEXT,598,200,18
1760124461887,TEXT,597,200,18
1760124461887,TEXT,598,200,18
1760124461887,TEXT,597,200,18
1760124461888,TEXT,597,200,18
1760124461888,TEXT,597,200,18
1760124461888,TEXT,597,200,18
1760124461888,TEXT,597,200,18
1760124461888,JOIN,597,200,18
1760124461888,JOIN,597,200,18
1760124461888,TEXT,597,200,18
1760124461889,TEXT,596,200,18
1760124461889,TEXT,596,200,18
1760124461891,TEXT,594,200,18
1760124461891,LEAVE,594,200,18
1760124461891,TEXT,594,200,18
1760124461891,TEXT,594,200,18
1760124461891,TEXT,594,200,18
1760124461895,TEXT,591,200,18
1760124461895,TEXT,590,200,18
1760124461895,TEXT,590,200,18
1760124461895,TEXT,590,200,18
1760124461895,TEXT,590,200,18
1760124461896,TEXT,590,200,18
1760124461896,TEXT,590,200,18
1760124461896,TEXT,589,200,18
1760124461896,TEXT,589,200,18
1760124461896,TEXT,589,200,18
1760124461896,TEXT,589,200,18
1760124461896,TEXT,589,200,18
1760124461891,TEXT,601,200,11
1760124461891,TEXT,600,200,11
1760124461891,TEXT,601,200,11
1760124461891,TEXT,600,200,11
1760124461895,TEXT,596,200,11
1760124461895,TEXT,596,200,11
1760124461895,TEXT,596,200,11
1760124461895,TEXT,596,200,11
1760124461896,TEXT,596,200,11
1760124461896,TEXT,596,200,11
1760124461896,TEXT,595,200,11
1760124461896,TEXT,595,200,11
1760124461896,TEXT,595,200,11
1760124461896,TEXT,595,200,11
1760124461897,TEXT,595,200,11
1760124461897,TEXT,595,200,11
1760124461897,TEXT,594,200,11
1760124461897,TEXT,594,200,11
1760124461897,TEXT,594,200,11
1760124461897,TEXT,594,200,11
1760124461897,TEXT,594,200,11
1760124461897,TEXT,594,200,11
1760124461897,TEXT,594,200,11
1760124461897,TEXT,594,200,11
1760124461897,TEXT,594,200,11
1760124461898,TEXT,594,200,11
1760124461898,TEXT,594,200,11
1760124461898,TEXT,594,200,11
1760124461898,TEXT,594,200,11
1760124461898,JOIN,594,200,11
1760124461898,TEXT,593,200,11
1760124461898,TEXT,593,200,11
1760124461898,TEXT,593,200,11
1760124461900,TEXT,592,200,11
1760124461901,TEXT,590,200,11
1760124461901,TEXT,590,200,11
1760124461903,TEXT,589,200,11
1760124461903,TEXT,589,200,11
1760124461905,TEXT,587,200,11
1760124461905,TEXT,586,200,11
1760124461905,TEXT,586,200,11
1760124461905,TEXT,586,200,11
1760124461907,TEXT,585,200,11
1760124461908,TEXT,583,200,11
1760124461910,TEXT,582,200,11
1760124461910,TEXT,582,200,11
1760124461910,TEXT,582,200,11
1760124461910,TEXT,582,200,11
1760124461913,TEXT,579,200,11
1760124461913,TEXT,578,200,11
1760124461913,TEXT,578,200,11
1760124461913,TEXT,578,200,11
1760124461914,TEXT,578,200,11
1760124461914,TEXT,578,200,11
1760124461914,TEXT,578,200,11
1760124461914,TEXT,578,200,11
1760124461914,TEXT,578,200,11
1760124461914,LEAVE,578,200,11
1760124461914,TEXT,577,200,11
1760124461914,TEXT,577,200,11
1760124461914,TEXT,577,200,11
1760124461914,TEXT,577,200,11
1760124461914,TEXT,577,200,11
1760124461914,LEAVE,577,200,11
1760124461915,TEXT,577,200,11
1760124461915,TEXT,577,200,11
1760124461915,TEXT,577,200,11
1760124461915,TEXT,576,200,11
1760124461916,TEXT,576,200,11
1760124461916,TEXT,576,200,11
1760124461917,TEXT,575,200,11
1760124461917,TEXT,575,200,11
1760124461917,TEXT,575,200,11
1760124461917,TEXT,574,200,11
1760124461917,TEXT,574,200,11
1760124461918,TEXT,574,200,11
1760124461918,TEXT,574,200,11
1760124461918,TEXT,574,200,11
1760124461918,TEXT,574,200,11
1760124461918,TEXT,574,200,11
1760124461918,TEXT,573,200,11
1760124461918,TEXT,573,200,11
1760124461918,TEXT,573,200,11
1760124461918,TEXT,573,200,11
1760124461919,TEXT,573,200,11
1760124461919,TEXT,573,200,11
1760124461919,TEXT,573,200,11
1760124461919,TEXT,573,200,11
1760124461919,LEAVE,573,200,11
1760124461919,TEXT,573,200,11
1760124461919,TEXT,573,200,11
1760124461919,TEXT,573,200,11
1760124461919,TEXT,573,200,11
1760124461919,TEXT,573,200,11
1760124461919,TEXT,572,200,11
1760124461920,TEXT,572,200,11
1760124461920,TEXT,572,200,11
1760124461920,TEXT,571,200,11
1760124461920,TEXT,571,200,11
1760124461921,TEXT,571,200,11
1760124461921,TEXT,571,200,11
1760124461923,TEXT,569,200,11
1760124461896,TEXT,620,200,16
1760124461896,TEXT,620,200,16
1760124461896,TEXT,620,200,16
1760124461896,TEXT,620,200,16
1760124461896,TEXT,620,200,16
1760124461896,TEXT,620,200,16
1760124461896,TEXT,620,200,16
1760124461897,TEXT,619,200,16
1760124461897,TEXT,619,200,16
1760124461897,TEXT,619,200,16
1760124461897,TEXT,619,200,16
1760124461897,TEXT,619,200,16
1760124461897,TEXT,619,200,16
1760124461898,LEAVE,619,200,16
1760124461898,TEXT,619,200,16
1760124461898,TEXT,618,200,16
1760124461898,TEXT,618,200,16
1760124461898,TEXT,618,200,16
1760124461898,TEXT,618,200,16
1760124461898,TEXT,618,200,16
1760124461898,TEXT,618,200,16
1760124461898,LEAVE,618,200,16
1760124461898,TEXT,618,200,16
1760124461898,TEXT,618,200,16
1760124461900,TEXT,617,200,16
1760124461902,TEXT,614,200,16
1760124461903,TEXT,614,200,16
1760124461905,TEXT,612,200,16
1760124461905,TEXT,611,200,16
1760124461905,TEXT,611,200,16
1760124461908,TEXT,609,200,16
1760124461908,TEXT,609,200,16
1760124461908,TEXT,608,200,16
1760124461909,TEXT,607,200,16
1760124461910,TEXT,607,200,16
1760124461910,TEXT,607,200,16
1760124461910,TEXT,607,200,16
1760124461910,TEXT,607,200,16
1760124461910,TEXT,606,200,16
1760124461913,TEXT,604,200,16
1760124461913,TEXT,603,200,16
1760124461913,TEXT,603,200,16
1760124461913,TEXT,603,200,16
1760124461913,TEXT,603,200,16
1760124461913,LEAVE,603,200,16
1760124461914,TEXT,603,200,16
1760124461914,TEXT,603,200,16
1760124461914,TEXT,603,200,16
1760124461914,TEXT,602,200,16
1760124461914,TEXT,602,200,16
1760124461914,TEXT,602,200,16
1760124461914,TEXT,602,200,16
1760124461914,TEXT,602,200,16
1760124461914,TEXT,602,200,16
1760124461914,TEXT,602,200,16
1760124461914,TEXT,602,200,16
1760124461914,TEXT,602,200,16
1760124461915,TEXT,602,200,16
1760124461915,TEXT,602,200,16
1760124461915,TEXT,602,200,16
1760124461915,LEAVE,602,200,16
1760124461915,TEXT,602,200,16
1760124461916,TEXT,601,200,16
1760124461916,TEXT,601,200,16
1760124461916,JOIN,601,200,16
1760124461916,LEAVE,601,200,16
1760124461916,TEXT,601,200,16
1760124461916,TEXT,601,200,16
1760124461916,TEXT,601,200,16
1760124461916,TEXT,600,200,16
1760124461916,TEXT,600,200,16
1760124461918,TEXT,599,200,16
1760124461918,TEXT,599,200,16
1760124461918,TEXT,599,200,16
1760124461918,LEAVE,599,200,16
1760124461918,JOIN,599,200,16
1760124461918,LEAVE,599,200,16
1760124461918,JOIN,599,200,16
1760124461918,JOIN,599,200,16
1760124461918,TEXT,599,200,16
1760124461918,TEXT,599,200,16
1760124461918,TEXT,599,200,16
1760124461918,TEXT,598,200,16
1760124461918,TEXT,598,200,16
1760124461918,TEXT,598,200,16
1760124461918,TEXT,598,200,16
1760124461919,TEXT,598,200,16
1760124461919,TEXT,598,200,16
1760124461919,TEXT,598,200,16
1760124461919,TEXT,598,200,16
1760124461919,TEXT,598,200,16
1760124461919,TEXT,598,200,16
1760124461919,TEXT,598,200,16
1760124461919,TEXT,598,200,16
1760124461920,TEXT,597,200,16
1760124461920,TEXT,596,200,16
1760124461921,TEXT,596,200,16
1760124461921,TEXT,596,200,16
1760124461877,TEXT,649,200,1
1760124461878,TEXT,649,200,1
1760124461878,JOIN,649,200,1
1760124461878,TEXT,649,200,1
1760124461878,TEXT,648,200,1
1760124461879,TEXT,648,200,1
1760124461879,TEXT,648,200,1
1760124461879,TEXT,647,200,1
1760124461879,TEXT,647,200,1
1760124461879,TEXT,647,200,1
1760124461879,TEXT,647,200,1
1760124461879,TEXT,647,200,1
1760124461879,TEXT,647,200,1
1760124461879,TEXT,647,200,1
1760124461880,TEXT,647,200,1
1760124461880,JOIN,647,200,1
1760124461880,TEXT,647,200,1
1760124461880,TEXT,647,200,1
1760124461880,TEXT,646,200,1
1760124461880,TEXT,646,200,1
1760124461881,TEXT,646,200,1
1760124461881,TEXT,646,200,1
1760124461881,TEXT,646,200,1
1760124461881,TEXT,646,200,1
1760124461881,TEXT,646,200,1
1760124461881,TEXT,646,200,1
1760124461885,TEXT,642,200,1
1760124461885,TEXT,642,200,1
1760124461885,TEXT,642,200,1
1760124461885,TEXT,642,200,1
1760124461885,LEAVE,642,200,1
1760124461885,TEXT,642,200,1
1760124461886,LEAVE,642,200,1
1760124461886,TEXT,641,200,1
1760124461886,TEXT,641,200,1
1760124461886,TEXT,641,200,1
1760124461886,TEXT,641,200,1
1760124461886,TEXT,641,200,1
1760124461886,LEAVE,641,200,1
1760124461887,TEXT,640,200,1
1760124461887,TEXT,640,200,1
1760124461888,JOIN,639,200,1
1760124461888,TEXT,639,200,1
1760124461888,TEXT,639,200,1
1760124461888,TEXT,639,200,1
1760124461888,TEXT,639,200,1
1760124461888,TEXT,639,200,1
1760124461889,TEXT,639,200,1
1760124461889,TEXT,639,200,1
1760124461889,TEXT,639,200,1
1760124461889,TEXT,638,200,1
1760124461889,TEXT,638,200,1
1760124461889,TEXT,638,200,1
1760124461889,TEXT,638,200,1
1760124461889,TEXT,638,200,1
1760124461889,TEXT,638,200,1
1760124461891,TEXT,636,200,1
1760124461891,TEXT,636,200,1
1760124461891,TEXT,636,200,1
1760124461895,TEXT,633,200,1
1760124461895,TEXT,633,200,1
1760124461895,TEXT,632,200,1
1760124461895,TEXT,632,200,1
1760124461895,TEXT,632,200,1
1760124461896,JOIN,632,200,1
1760124461896,TEXT,632,200,1
1760124461896,TEXT,632,200,1
1760124461896,JOIN,632,200,1
1760124461896,TEXT,631,200,1
1760124461896,TEXT,631,200,1
1760124461896,TEXT,631,200,1
1760124461896,TEXT,631,200,1
1760124461896,TEXT,631,200,1
1760124461896,TEXT,631,200,1
1760124461896,TEXT,631,200,1
1760124461896,TEXT,631,200,1
1760124461895,TEXT,645,200,12
1760124461895,TEXT,645,200,12
1760124461895,TEXT,645,200,12
1760124461895,TEXT,645,200,12
1760124461896,TEXT,645,200,12
1760124461896,TEXT,645,200,12
1760124461896,TEXT,644,200,12
1760124461896,TEXT,644,200,12
1760124461896,TEXT,644,200,12
1760124461896,TEXT,644,200,12
1760124461896,TEXT,644,200,12
1760124461896,LEAVE,644,200,12
1760124461896,TEXT,644,200,12
1760124461897,TEXT,644,200,12
1760124461897,TEXT,644,200,12
1760124461897,TEXT,643,200,12
1760124461897,TEXT,643,200,12
1760124461897,TEXT,643,200,12
1760124461897,TEXT,643,200,12
1760124461897,LEAVE,643,200,12
1760124461897,TEXT,643,200,12
1760124461898,TEXT,643,200,12
1760124461898,TEXT,643,200,12
1760124461898,TEXT,642,200,12
1760124461898,TEXT,642,200,12
1760124461898,TEXT,642,200,12
1760124461898,TEXT,642,200,12
1760124461900,TEXT,640,200,12
1760124461900,TEXT,640,200,12
1760124461903,TEXT,637,200,12
1760124461905,TEXT,636,200,12
1760124461905,TEXT,635,200,12
1760124461905,TEXT,635,200,12
1760124461905,TEXT,635,200,12
1760124461905,TEXT,635,200,12
1760124461905,TEXT,635,200,12
1760124461908,TEXT,633,200,12
1760124461908,TEXT,632,200,12
1760124461910,TEXT,631,200,12
1760124461910,TEXT,630,200,12
1760124461910,TEXT,630,200,12
1760124461910,TEXT,630,200,12
1760124461913,LEAVE,627,200,12
1760124461913,TEXT,627,200,12
1760124461914,TEXT,627,200,12
1760124461914,TEXT,627,200,12
1760124461914,TEXT,627,200,12
1760124461914,TEXT,627,200,12
1760124461914,TEXT,627,200,12
1760124461914,TEXT,627,200,12
1760124461914,TEXT,627,200,12
1760124461914,TEXT,627,200,12
1760124461914,TEXT,626,200,12
1760124461914,TEXT,626,200,12
1760124461914,TEXT,626,200,12
1760124461915,TEXT,626,200,12
1760124461915,TEXT,626,200,12
1760124461915,TEXT,625,200,12
1760124461916,TEXT,625,200,12
1760124461916,TEXT,625,200,12
1760124461916,TEXT,625,200,12
1760124461916,TEXT,624,200,12
1760124461916,TEXT,624,200,12
1760124461916,TEXT,624,200,12
1760124461916,TEXT,624,200,12
1760124461916,TEXT,624,200,12
1760124461916,TEXT,624,200,12
1760124461916,TEXT,624,200,12
1760124461917,TEXT,623,200,12
1760124461917,TEXT,623,200,12
1760124461917,TEXT,623,200,12
1760124461918,TEXT,623,200,12
1760124461918,TEXT,623,200,12
1760124461918,TEXT,623,200,12
1760124461918,TEXT,623,200,12
1760124461918,TEXT,623,200,12
1760124461918,TEXT,623,200,12
1760124461918,TEXT,623,200,12
1760124461918,TEXT,623,200,12
1760124461918,TEXT,623,200,12
1760124461918,TEXT,622,200,12
1760124461918,TEXT,622,200,12
1760124461918,TEXT,622,200,12
1760124461918,TEXT,622,200,12
1760124461918,TEXT,622,200,12
1760124461918,TEXT,622,200,12
1760124461918,TEXT,622,200,12
1760124461919,TEXT,622,200,12
1760124461919,TEXT,622,200,12
1760124461919,TEXT,622,200,12
1760124461919,JOIN,621,200,12
1760124461919,TEXT,621,200,12
1760124461919,TEXT,621,200,12
1760124461919,TEXT,621,200,12
1760124461919,JOIN,621,200,12
1760124461919,LEAVE,621,200,12
1760124461919,TEXT,621,200,12
1760124461868,TEXT,674,200,14
1760124461868,TEXT,674,200,14
1760124461868,TEXT,674,200,14
1760124461871,TEXT,671,200,14
1760124461873,TEXT,669,200,14
1760124461873,TEXT,669,200,14
1760124461874,TEXT,668,200,14
1760124461877,LEAVE,665,200,14
1760124461877,TEXT,665,200,14
1760124461877,TEXT,665,200,14
1760124461877,TEXT,665,200,14
1760124461877,TEXT,665,200,14
1760124461878,TEXT,664,200,14
1760124461878,TEXT,664,200,14
1760124461878,TEXT,664,200,14
1760124461878,TEXT,664,200,14
1760124461878,TEXT,664,200,14
1760124461878,TEXT,664,200,14
1760124461879,TEXT,663,200,14
1760124461879,TEXT,663,200,14
1760124461879,TEXT,663,200,14
1760124461879,TEXT,663,200,14
1760124461880,TEXT,662,200,14
1760124461881,TEXT,662,200,14
1760124461881,TEXT,661,200,14
1760124461881,TEXT,661,200,14
1760124461881,TEXT,661,200,14
1760124461881,TEXT,661,200,14
1760124461881,TEXT,661,200,14
1760124461881,TEXT,661,200,14
1760124461881,TEXT,661,200,14
1760124461882,TEXT,661,200,14
1760124461882,TEXT,661,200,14
1760124461882,TEXT,661,200,14
1760124461882,TEXT,660,200,14
1760124461885,TEXT,658,200,14
1760124461885,TEXT,658,200,14
1760124461885,TEXT,657,200,14
1760124461885,TEXT,657,200,14
1760124461885,TEXT,657,200,14
1760124461885,TEXT,657,200,14
1760124461885,TEXT,657,200,14
1760124461886,TEXT,657,200,14
1760124461886,TEXT,657,200,14
1760124461886,TEXT,656,200,14
1760124461886,TEXT,656,200,14
1760124461886,TEXT,656,200,14
1760124461886,TEXT,656,200,14
1760124461886,TEXT,656,200,14
1760124461887,TEXT,655,200,14
1760124461887,TEXT,655,200,14
1760124461887,TEXT,655,200,14
1760124461887,TEXT,655,200,14
1760124461887,TEXT,655,200,14
1760124461887,TEXT,655,200,14
1760124461888,TEXT,655,200,14
1760124461888,JOIN,654,200,14
1760124461888,LEAVE,654,200,14
1760124461888,TEXT,654,200,14
1760124461888,TEXT,654,200,14
1760124461888,TEXT,654,200,14
1760124461888,LEAVE,654,200,14
1760124461888,TEXT,654,200,14
1760124461889,TEXT,654,200,14
1760124461889,TEXT,654,200,14
1760124461889,TEXT,654,200,14
1760124461889,TEXT,654,200,14
1760124461891,TEXT,652,200,14
1760124461891,TEXT,651,200,14
1760124461891,TEXT,651,200,14
1760124461891,TEXT,651,200,14
1760124461891,TEXT,651,200,14
1760124461895,TEXT,648,200,14
1760124461895,TEXT,648,200,14
1760124461895,JOIN,648,200,14
1760124461895,TEXT,648,200,14
1760124461895,TEXT,648,200,14
1760124461895,TEXT,648,200,14
1760124461895,TEXT,648,200,14
1760124461895,TEXT,648,200,14
1760124461895,TEXT,648,200,14
1760124461895,TEXT,648,200,14
1760124461895,LEAVE,647,200,14
1760124461895,TEXT,647,200,14
1760124461895,TEXT,647,200,14
1760124461895,TEXT,647,200,14
1760124461895,JOIN,647,200,14
1760124461895,TEXT,647,200,14
1760124461895,TEXT,647,200,14
1760124461895,TEXT,647,200,14
1760124461895,TEXT,647,200,14
1760124461896,TEXT,647,200,14
1760124461896,TEXT,647,200,14
1760124461896,TEXT,646,200,14
1760124461876,LEAVE,672,200,17
1760124461877,TEXT,672,200,17
1760124461877,TEXT,671,200,17
1760124461877,TEXT,671,200,17
1760124461877,TEXT,671,200,17
1760124461877,TEXT,671,200,17
1760124461877,LEAVE,671,200,17
1760124461877,TEXT,671,200,17
1760124461877,TEXT,671,200,17
1760124461877,TEXT,671,200,17
1760124461877,TEXT,671,200,17
1760124461878,TEXT,670,200,17
1760124461878,TEXT,670,200,17
1760124461878,TEXT,670,200,17
1760124461878,TEXT,670,200,17
1760124461878,TEXT,670,200,17
1760124461878,TEXT,670,200,17
1760124461878,TEXT,670,200,17
1760124461879,TEXT,669,200,17
1760124461879,JOIN,669,200,17
1760124461879,TEXT,669,200,17
1760124461880,TEXT,669,200,17
1760124461880,TEXT,669,200,17
1760124461880,TEXT,669,200,17
1760124461880,TEXT,668,200,17
1760124461880,TEXT,668,200,17
1760124461880,JOIN,668,200,17
1760124461881,TEXT,668,200,17
1760124461881,TEXT,667,200,17
1760124461881,TEXT,667,200,17
1760124461881,TEXT,667,200,17
1760124461881,TEXT,667,200,17
1760124461881,TEXT,667,200,17
1760124461881,TEXT,667,200,17
1760124461881,TEXT,667,200,17
1760124461881,TEXT,667,200,17
1760124461881,TEXT,667,200,17
1760124461882,TEXT,667,200,17
1760124461885,TEXT,664,200,17
1760124461885,TEXT,664,200,17
1760124461885,TEXT,663,200,17
1760124461885,TEXT,663,200,17
1760124461885,TEXT,663,200,17
1760124461885,TEXT,663,200,17
1760124461885,TEXT,663,200,17
1760124461885,TEXT,663,200,17
1760124461885,TEXT,663,200,17
1760124461885,LEAVE,663,200,17
1760124461885,TEXT,663,200,17
1760124461885,TEXT,663,200,17
1760124461886,TEXT,663,200,17
1760124461886,TEXT,663,200,17
1760124461886,TEXT,662,200,17
1760124461886,TEXT,662,200,17
1760124461886,TEXT,662,200,17
1760124461886,TEXT,662,200,17
1760124461886,TEXT,662,200,17
1760124461886,TEXT,662,200,17
1760124461886,TEXT,662,200,17
1760124461886,LEAVE,662,200,17
1760124461886,TEXT,662,200,17
1760124461887,TEXT,662,200,17
1760124461887,TEXT,661,200,17
1760124461887,TEXT,661,200,17
1760124461887,TEXT,661,200,17
1760124461887,TEXT,661,200,17
1760124461887,TEXT,661,200,17
1760124461888,TEXT,661,200,17
1760124461888,TEXT,661,200,17
1760124461888,TEXT,660,200,17
1760124461888,TEXT,660,200,17
1760124461888,TEXT,660,200,17
1760124461888,TEXT,660,200,17
1760124461888,TEXT,660,200,17
1760124461889,JOIN,660,200,17
1760124461889,TEXT,660,200,17
1760124461889,TEXT,660,200,17
1760124461889,TEXT,660,200,17
1760124461889,TEXT,660,200,17
1760124461889,TEXT,660,200,17
1760124461891,TEXT,658,200,17
1760124461891,TEXT,658,200,17
1760124461891,TEXT,658,200,17
1760124461891,TEXT,657,200,17
1760124461891,TEXT,657,200,17
1760124461891,TEXT,657,200,17
1760124461891,TEXT,657,200,17
1760124461895,JOIN,654,200,17
1760124461895,TEXT,654,200,17
1760124461895,TEXT,653,200,17
1760124461895,LEAVE,653,200,17
1760124461895,TEXT,653,200,17
1760124461895,TEXT,653,200,17
1760124461895,TEXT,653,200,17
1760124461895,TEXT,653,200,17
1760124461895,TEXT,653,200,17
1760124461896,TEXT,653,200,17
1760124461896,TEXT,653,200,17
1760124461896,TEXT,652,200,17
1760124461896,LEAVE,652,200,17
1760124461896,TEXT,652,200,17
1760124461896,TEXT,652,200,17
1760124461897,TEXT,652,200,17
1760124461897,TEXT,652,200,17
1760124461897,TEXT,651,200,17
1760124461897,TEXT,651,200,17
1760124461898,TEXT,651,200,17
1760124461898,TEXT,651,200,17
1760124461898,TEXT,651,200,17
1760124461898,TEXT,650,200,17
1760124461898,TEXT,650,200,17
1760124461898,TEXT,650,200,17
1760124461898,TEXT,650,200,17
1760124461899,TEXT,649,200,17
1760124461899,TEXT,649,200,17
1760124461903,TEXT,646,200,17
1760124461903,TEXT,646,200,17
1760124461905,TEXT,643,200,17
1760124461905,TEXT,643,200,17
1760124461905,TEXT,643,200,17
1760124461905,TEXT,643,200,17
1760124461905,TEXT,643,200,17
1760124461908,TEXT,640,200,17
1760124461909,LEAVE,639,200,17
1760124461897,TEXT,670,200,19
1760124461897,TEXT,670,200,19
1760124461897,JOIN,670,200,19
1760124461897,TEXT,669,200,19
1760124461897,TEXT,669,200,19
1760124461897,TEXT,669,200,19
1760124461897,TEXT,669,200,19
1760124461897,TEXT,669,200,19
1760124461897,TEXT,669,200,19
1760124461897,TEXT,669,200,19
1760124461898,TEXT,669,200,19
1760124461898,TEXT,669,200,19
1760124461898,LEAVE,669,200,19
1760124461898,TEXT,669,200,19
1760124461898,TEXT,668,200,19
1760124461898,TEXT,668,200,19
1760124461898,LEAVE,668,200,19
1760124461898,TEXT,668,200,19
1760124461900,LEAVE,667,200,19
1760124461900,TEXT,666,200,19
1760124461905,LEAVE,661,200,19
1760124461905,TEXT,661,200,19
1760124461905,TEXT,661,200,19
1760124461905,TEXT,661,200,19
1760124461908,TEXT,659,200,19
1760124461910,TEXT,657,200,19
1760124461910,TEXT,656,200,19
1760124461910,TEXT,656,200,19
1760124461913,LEAVE,654,200,19
1760124461913,LEAVE,653,200,19
1760124461913,TEXT,653,200,19
1760124461914,TEXT,653,200,19
1760124461914,LEAVE,653,200,19
1760124461914,TEXT,653,200,19
1760124461914,TEXT,653,200,19
1760124461914,TEXT,653,200,19
1760124461914,TEXT,652,200,19
1760124461914,JOIN,652,200,19
1760124461914,TEXT,652,200,19
1760124461914,TEXT,652,200,19
1760124461914,TEXT,652,200,19
1760124461914,TEXT,652,200,19
1760124461914,TEXT,652,200,19
1760124461915,TEXT,652,200,19
1760124461915,TEXT,652,200,19
1760124461915,TEXT,652,200,19
1760124461915,TEXT,652,200,19
1760124461915,TEXT,651,200,19
1760124461915,TEXT,651,200,19
1760124461915,TEXT,651,200,19
1760124461915,TEXT,651,200,19
1760124461916,TEXT,651,200,19
1760124461916,TEXT,651,200,19
1760124461916,TEXT,651,200,19
1760124461916,TEXT,650,200,19
1760124461916,TEXT,650,200,19
1760124461916,TEXT,650,200,19
1760124461917,TEXT,650,200,19
1760124461917,TEXT,649,200,19
1760124461917,TEXT,649,200,19
1760124461917,TEXT,649,200,19
1760124461918,TEXT,649,200,19
1760124461918,TEXT,649,200,19
1760124461918,JOIN,649,200,19
1760124461918,TEXT,649,200,19
1760124461918,TEXT,648,200,19
1760124461918,TEXT,648,200,19
1760124461918,TEXT,648,200,19
1760124461918,TEXT,648,200,19
1760124461918,TEXT,648,200,19
1760124461919,TEXT,648,200,19
1760124461919,JOIN,648,200,19
1760124461919,TEXT,648,200,19
1760124461919,TEXT,648,200,19
1760124461919,JOIN,648,200,19
1760124461919,TEXT,648,200,19
1760124461919,TEXT,648,200,19
1760124461919,TEXT,648,200,19
1760124461919,TEXT,648,200,19
1760124461919,TEXT,647,200,19
1760124461919,TEXT,647,200,19
1760124461919,TEXT,647,200,19
1760124461920,TEXT,647,200,19
1760124461920,TEXT,646,200,19
1760124461920,TEXT,646,200,19
1760124461921,TEXT,646,200,19
1760124461921,TEXT,646,200,19
1760124461921,TEXT,646,200,19
1760124461922,TEXT,644,200,19
1760124461922,TEXT,644,200,19
1760124461922,TEXT,644,200,19
1760124461923,TEXT,644,200,19
1760124461880,TEXT,688,200,9
1760124461880,TEXT,687,200,9
1760124461880,JOIN,687,200,9
1760124461881,TEXT,687,200,9
1760124461881,TEXT,687,200,9
1760124461881,TEXT,687,200,9
1760124461881,TEXT,687,200,9
1760124461881,JOIN,687,200,9
1760124461882,TEXT,686,200,9
1760124461882,TEXT,686,200,9
1760124461885,TEXT,683,200,9
1760124461885,TEXT,683,200,9
1760124461885,TEXT,682,200,9
1760124461885,LEAVE,682,200,9
1760124461885,TEXT,682,200,9
1760124461886,TEXT,682,200,9
1760124461886,TEXT,682,200,9
1760124461886,TEXT,682,200,9
1760124461886,TEXT,682,200,9
1760124461886,TEXT,681,200,9
1760124461887,TEXT,680,200,9
1760124461887,TEXT,680,200,9
1760124461887,TEXT,680,200,9
1760124461887,TEXT,680,200,9
1760124461887,TEXT,680,200,9
1760124461888,TEXT,680,200,9
1760124461888,TEXT,680,200,9
1760124461888,TEXT,680,200,9
1760124461888,TEXT,680,200,9
1760124461888,TEXT,679,200,9
1760124461888,TEXT,679,200,9
1760124461888,TEXT,679,200,9
1760124461888,TEXT,679,200,9
1760124461888,TEXT,679,200,9
1760124461889,TEXT,679,200,9
1760124461889,TEXT,679,200,9
1760124461889,TEXT,679,200,9
1760124461889,TEXT,679,200,9
1760124461891,TEXT,676,200,9
1760124461891,LEAVE,676,200,9
1760124461895,TEXT,673,200,9
1760124461895,TEXT,673,200,9
1760124461895,TEXT,672,200,9
1760124461895,LEAVE,672,200,9
1760124461896,TEXT,672,200,9
1760124461896,TEXT,672,200,9
1760124461896,JOIN,672,200,9
1760124461896,TEXT,672,200,9
1760124461896,TEXT,672,200,9
1760124461896,TEXT,671,200,9
1760124461896,TEXT,671,200,9
1760124461896,TEXT,671,200,9
1760124461896,TEXT,671,200,9
1760124461897,TEXT,671,200,9
1760124461897,JOIN,671,200,9
1760124461897,TEXT,671,200,9
1760124461897,TEXT,671,200,9
1760124461897,TEXT,671,200,9
1760124461897,TEXT,671,200,9
1760124461897,TEXT,671,200,9
1760124461897,TEXT,670,200,9
1760124461897,TEXT,670,200,9
1760124461897,TEXT,670,200,9
1760124461898,TEXT,670,200,9
1760124461898,TEXT,670,200,9
1760124461898,TEXT,670,200,9
1760124461898,TEXT,670,200,9
1760124461899,TEXT,669,200,9
1760124461899,TEXT,669,200,9
1760124461899,TEXT,669,200,9
1760124461903,TEXT,665,200,9
1760124461905,TEXT,663,200,9
1760124461905,JOIN,663,200,9
1760124461905,TEXT,663,200,9
1760124461905,TEXT,663,200,9
1760124461905,TEXT,663,200,9
1760124461910,TEXT,658,200,9
1760124461910,TEXT,658,200,9
1760124461910,TEXT,658,200,9
1760124461910,TEXT,658,200,9
1760124461910,TEXT,658,200,9
1760124461910,TEXT,658,200,9
1760124461910,TEXT,658,200,9
1760124461913,TEXT,655,200,9
1760124461913,TEXT,654,200,9
1760124461913,TEXT,654,200,9
1760124461913,TEXT,654,200,9
1760124461914,TEXT,654,200,9
1760124461914,TEXT,654,200,9
1760124461914,TEXT,654,200,9
1760124461870,TEXT,726,200,4
1760124461870,TEXT,726,200,4
1760124461870,TEXT,725,200,4
1760124461871,TEXT,725,200,4
1760124461873,TEXT,723,200,4
1760124461874,TEXT,722,200,4
1760124461874,TEXT,722,200,4
1760124461874,TEXT,722,200,4
1760124461874,TEXT,722,200,4
1760124461876,TEXT,719,200,4
1760124461877,JOIN,719,200,4
1760124461877,TEXT,719,200,4
1760124461877,TEXT,719,200,4
1760124461877,TEXT,719,200,4
1760124461877,JOIN,719,200,4
1760124461877,TEXT,719,200,4
1760124461877,TEXT,719,200,4
1760124461877,TEXT,718,200,4
1760124461878,TEXT,718,200,4
1760124461878,TEXT,718,200,4
1760124461878,TEXT,718,200,4
1760124461879,TEXT,717,200,4
1760124461879,TEXT,717,200,4
1760124461879,TEXT,717,200,4
1760124461879,TEXT,717,200,4
1760124461879,TEXT,717,200,4
1760124461879,TEXT,717,200,4
1760124461879,TEXT,717,200,4
1760124461879,TEXT,716,200,4
1760124461879,TEXT,716,200,4
1760124461879,JOIN,716,200,4
1760124461880,TEXT,715,200,4
1760124461880,TEXT,715,200,4
1760124461880,TEXT,715,200,4
1760124461881,TEXT,715,200,4
1760124461881,TEXT,715,200,4
1760124461881,TEXT,715,200,4
1760124461881,TEXT,714,200,4
1760124461882,TEXT,714,200,4
1760124461882,TEXT,714,200,4
1760124461885,TEXT,711,200,4
1760124461885,TEXT,711,200,4
1760124461885,TEXT,710,200,4
1760124461885,LEAVE,710,200,4
1760124461885,TEXT,710,200,4
1760124461886,TEXT,710,200,4
1760124461886,TEXT,710,200,4
1760124461886,TEXT,710,200,4
1760124461886,TEXT,710,200,4
1760124461886,TEXT,710,200,4
1760124461886,TEXT,710,200,4
1760124461886,TEXT,710,200,4
1760124461886,TEXT,710,200,4
1760124461886,TEXT,710,200,4
1760124461887,TEXT,709,200,4
1760124461887,LEAVE,709,200,4
1760124461887,TEXT,708,200,4
1760124461888,TEXT,708,200,4
1760124461888,TEXT,708,200,4
1760124461888,TEXT,708,200,4
1760124461888,TEXT,708,200,4
1760124461888,TEXT,708,200,4
1760124461888,TEXT,708,200,4
1760124461888,TEXT,708,200,4
1760124461888,TEXT,708,200,4
1760124461889,TEXT,708,200,4
1760124461889,TEXT,708,200,4
1760124461889,TEXT,708,200,4
1760124461889,TEXT,707,200,4
1760124461889,TEXT,707,200,4
1760124461889,TEXT,707,200,4
1760124461889,TEXT,707,200,4
1760124461889,TEXT,707,200,4
1760124461889,TEXT,707,200,4
1760124461889,TEXT,707,200,4
1760124461889,TEXT,707,200,4
1760124461891,TEXT,705,200,4
1760124461892,JOIN,704,200,4
1760124461895,JOIN,701,200,4
1760124461895,TEXT,701,200,4
1760124461895,JOIN,701,200,4
1760124461895,TEXT,701,200,4
1760124461895,TEXT,701,200,4
1760124461896,TEXT,700,200,4
1760124461896,TEXT,700,200,4
1760124461896,TEXT,700,200,4
1760124461896,TEXT,700,200,4
1760124461896,TEXT,700,200,4
1760124461897,TEXT,700,200,4
1760124461897,TEXT,699,200,4
1760124461897,TEXT,699,200,4
1760124461897,TEXT,699,200,4
1760124461897,TEXT,699,200,4
1760124461897,TEXT,699,200,4
1760124461897,TEXT,699,200,4
1760124461898,TEXT,699,200,4
1760124461898,TEXT,699,200,4
1760124461898,TEXT,699,200,4
1760124461898,TEXT,699,200,4
1760124461898,JOIN,698,200,4
1760124461898,TEXT,698,200,4
1760124461898,TEXT,698,200,4
1760124461898,TEXT,698,200,4
1760124461898,TEXT,698,200,4
1760124461898,TEXT,698,200,4
1760124461899,TEXT,697,200,4
1760124461899,TEXT,697,200,4
1760124461900,LEAVE,697,200,4
1760124461902,TEXT,694,200,4
1760124461903,TEXT,693,200,4
1760124461903,TEXT,693,200,4
1760124461905,TEXT,691,200,4
1760124461905,TEXT,691,200,4
1760124461905,TEXT,691,200,4
1760124461905,TEXT,691,200,4
1760124461907,TEXT,690,200,4
1760124461908,TEXT,688,200,4
1760124461908,TEXT,688,200,4
1760124461908,TEXT,688,200,4
1760124461908,TEXT,688,200,4
1760124461909,LEAVE,687,200,4
1760124461913,TEXT,683,200,4
1760124461913,TEXT,683,200,4
1760124461913,TEXT,683,200,4
1760124461914,LEAVE,683,200,4
1760124461914,TEXT,683,200,4
1760124461914,JOIN,682,200,4
1760124461914,TEXT,682,200,4
1760124461914,TEXT,682,200,4
1760124461914,TEXT,682,200,4
1760124461914,TEXT,682,200,4
1760124461915,TEXT,682,200,4
1760124461915,TEXT,682,200,4
1760124461915,LEAVE,682,200,4
1760124461915,TEXT,682,200,4
1760124461915,TEXT,682,200,4
1760124461915,TEXT,681,200,4
1760124461915,TEXT,681,200,4
1760124461916,JOIN,681,200,4
1760124461916,TEXT,680,200,4
1760124461916,TEXT,680,200,4
1760124461916,TEXT,680,200,4
1760124461916,TEXT,680,200,4
1760124461917,TEXT,680,200,4
1760124461917,JOIN,680,200,4
1760124461917,TEXT,679,200,4
1760124461917,TEXT,679,200,4
1760124461918,TEXT,679,200,4
1760124461918,TEXT,678,200,4
1760124461918,TEXT,678,200,4
1760124461918,TEXT,678,200,4
1760124461918,LEAVE,678,200,4
1760124461918,TEXT,678,200,4
1760124461918,TEXT,678,200,4
1760124461919,TEXT,678,200,4
1760124461919,TEXT,678,200,4
1760124461919,TEXT,678,200,4
1760124461919,LEAVE,678,200,4
1760124461919,TEXT,677,200,4
1760124461919,LEAVE,677,200,4
1760124461919,TEXT,677,200,4
1760124461919,TEXT,677,200,4
1760124461919,TEXT,677,200,4
1760124461920,TEXT,676,200,4
1760124461921,TEXT,676,200,4
1760124461921,TEXT,675,200,4
1760124461922,TEXT,674,200,4
1760124461923,TEXT,674,200,4
1760124461923,TEXT,674,200,4
1760124461923,TEXT,674,200,4
1760124461923,TEXT,674,200,4
1760124461923,TEXT,673,200,4
1760124461923,TEXT,673,200,4
1760124461923,TEXT,673,200,4
1760124461923,TEXT,673,200,4
1760124461923,TEXT,673,200,4
1760124461923,TEXT,673,200,4
1760124461923,TEXT,673,200,4
1760124461923,TEXT,673,200,4
1760124461923,TEXT,673,200,4
1760124461923,TEXT,673,200,4
1760124461924,TEXT,673,200,4
1760124461924,TEXT,673,200,4
1760124461878,JOIN,751,200,6
1760124461879,TEXT,750,200,6
1760124461879,TEXT,750,200,6
1760124461879,TEXT,750,200,6
1760124461880,TEXT,750,200,6
1760124461880,TEXT,749,200,6
1760124461880,TEXT,749,200,6
1760124461881,JOIN,749,200,6
1760124461881,TEXT,748,200,6
1760124461881,TEXT,748,200,6
1760124461881,TEXT,748,200,6
1760124461881,TEXT,748,200,6
1760124461881,TEXT,748,200,6
1760124461882,TEXT,747,200,6
1760124461885,TEXT,745,200,6
1760124461885,TEXT,744,200,6
1760124461885,TEXT,744,200,6
1760124461885,TEXT,744,200,6
1760124461885,TEXT,744,200,6
1760124461885,TEXT,744,200,6
1760124461885,TEXT,744,200,6
1760124461885,TEXT,744,200,6
1760124461885,TEXT,744,200,6
1760124461885,TEXT,744,200,6
1760124461886,TEXT,744,200,6
1760124461886,TEXT,744,200,6
1760124461886,TEXT,743,200,6
1760124461886,TEXT,743,200,6
1760124461886,TEXT,743,200,6
1760124461886,JOIN,743,200,6
1760124461887,TEXT,742,200,6
1760124461887,TEXT,742,200,6
1760124461887,TEXT,742,200,6
1760124461887,LEAVE,742,200,6
1760124461887,TEXT,742,200,6
1760124461887,TEXT,742,200,6
1760124461888,TEXT,742,200,6
1760124461888,TEXT,742,200,6
1760124461888,TEXT,742,200,6
1760124461888,JOIN,741,200,6
1760124461888,TEXT,741,200,6
1760124461888,TEXT,741,200,6
1760124461888,JOIN,741,200,6
1760124461888,TEXT,741,200,6
1760124461889,TEXT,741,200,6
1760124461889,TEXT,740,200,6
1760124461891,TEXT,739,200,6
1760124461891,TEXT,739,200,6
1760124461891,TEXT,739,200,6
1760124461891,TEXT,738,200,6
1760124461891,TEXT,738,200,6
1760124461895,TEXT,735,200,6
1760124461895,TEXT,735,200,6
1760124461895,TEXT,735,200,6
1760124461895,JOIN,735,200,6
1760124461895,TEXT,735,200,6
1760124461895,TEXT,735,200,6
1760124461895,TEXT,734,200,6
1760124461895,TEXT,734,200,6
1760124461895,TEXT,734,200,6
1760124461895,TEXT,734,200,6
1760124461896,TEXT,734,200,6
1760124461896,TEXT,734,200,6
1760124461896,TEXT,734,200,6
1760124461896,TEXT,734,200,6
1760124461896,TEXT,734,200,6
1760124461896,TEXT,734,200,6
1760124461896,TEXT,733,200,6
1760124461896,TEXT,733,200,6
1760124461896,TEXT,733,200,6
1760124461896,TEXT,733,200,6
1760124461896,TEXT,733,200,6
1760124461896,TEXT,733,200,6
1760124461896,TEXT,733,200,6
1760124461897,TEXT,733,200,6
1760124461897,TEXT,733,200,6
1760124461897,JOIN,733,200,6
1760124461897,TEXT,733,200,6
1760124461897,TEXT,733,200,6
1760124461897,TEXT,732,200,6
1760124461897,LEAVE,732,200,6
1760124461897,TEXT,732,200,6
1760124461897,TEXT,732,200,6
1760124461897,TEXT,732,200,6
1760124461897,LEAVE,732,200,6
1760124461897,TEXT,732,200,6
1760124461897,JOIN,732,200,6
1760124461897,TEXT,732,200,6
1760124461898,LEAVE,732,200,6
1760124461898,TEXT,732,200,6
1760124461898,TEXT,732,200,6
1760124461898,TEXT,732,200,6
1760124461898,TEXT,731,200,6
1760124461898,TEXT,731,200,6
1760124461898,TEXT,731,200,6
1760124461898,TEXT,731,200,6
1760124461898,TEXT,731,200,6
1760124461898,TEXT,731,200,6
1760124461903,TEXT,727,200,6
1760124461903,TEXT,727,200,6
1760124461905,TEXT,725,200,6
1760124461905,TEXT,725,200,6
1760124461905,TEXT,724,200,6
1760124461908,TEXT,722,200,6
1760124461908,TEXT,721,200,6
1760124461909,TEXT,720,200,6
1760124461910,TEXT,720,200,6
1760124461910,TEXT,720,200,6
1760124461910,TEXT,720,200,6
1760124461910,TEXT,720,200,6
1760124461913,TEXT,717,200,6
1760124461913,TEXT,717,200,6
1760124461913,TEXT,717,200,6
1760124461913,TEXT,716,200,6
1760124461913,TEXT,716,200,6
1760124461914,TEXT,716,200,6
1760124461914,TEXT,716,200,6
1760124461914,TEXT,716,200,6
1760124461914,TEXT,716,200,6
1760124461914,JOIN,716,200,6
1760124461914,TEXT,716,200,6
1760124461914,TEXT,715,200,6
1760124461914,TEXT,715,200,6
1760124461914,TEXT,715,200,6
1760124461914,TEXT,715,200,6
1760124461914,TEXT,715,200,6
1760124461915,TEXT,715,200,6
1760124461915,TEXT,715,200,6
1760124461915,TEXT,715,200,6
1760124461915,TEXT,714,200,6
1760124461916,TEXT,714,200,6
1760124461916,TEXT,713,200,6
1760124461916,TEXT,713,200,6
1760124461916,TEXT,713,200,6
1760124461916,TEXT,713,200,6
1760124461916,TEXT,713,200,6
1760124461917,JOIN,712,200,6
1760124461917,TEXT,712,200,6
1760124461917,TEXT,712,200,6
1760124461918,JOIN,712,200,6
1760124461918,TEXT,711,200,6
1760124461918,TEXT,711,200,6
1760124461918,TEXT,711,200,6
1760124461919,LEAVE,711,200,6
1760124461919,TEXT,711,200,6
1760124461919,TEXT,711,200,6
1760124461919,TEXT,711,200,6
1760124461919,TEXT,711,200,6
1760124461919,TEXT,711,200,6
1760124461919,TEXT,711,200,6
1760124461919,TEXT,710,200,6
1760124461919,TEXT,710,200,6
1760124461920,TEXT,709,200,6
1760124461920,TEXT,709,200,6
1760124461920,TEXT,709,200,6
1760124461920,TEXT,709,200,6
1760124461921,TEXT,709,200,6
1760124461921,TEXT,709,200,6
1760124461921,TEXT,709,200,6
1760124461921,TEXT,708,200,6
1760124461922,TEXT,707,200,6
1760124461922,TEXT,707,200,6
1760124461922,TEXT,707,200,6
1760124461923,TEXT,707,200,6
1760124461923,TEXT,707,200,6
1760124461923,TEXT,707,200,6
1760124461923,TEXT,707,200,6
1760124461923,TEXT,707,200,6
1760124461923,TEXT,707,200,6
1760124461923,TEXT,707,200,6
1760124461923,JOIN,707,200,6
1760124461923,TEXT,707,200,6
1760124461923,TEXT,707,200,6
1760124461923,TEXT,707,200,6
1760124461923,TEXT,707,200,6
1760124461923,TEXT,707,200,6
1760124461923,TEXT,707,200,6
1760124461923,TEXT,706,200,6
1760124461923,TEXT,706,200,6
1760124461923,TEXT,706,200,6
1760124461923,TEXT,706,200,6
1760124461924,JOIN,706,200,6
1760124461924,LEAVE,706,200,6
1760124461924,LEAVE,705,200,6
1760124461924,TEXT,705,200,6
1760124461924,TEXT,705,200,6
1760124461925,TEXT,705,200,6
1760124461925,TEXT,705,200,6
1760124461925,JOIN,705,200,6
1760124461925,TEXT,705,200,6
1760124461925,TEXT,705,200,6
1760124461926,TEXT,704,200,6
1760124461926,TEXT,704,200,6
1760124461926,TEXT,704,200,6
1760124461926,TEXT,704,200,6
1760124461926,TEXT,704,200,6
1760124461926,TEXT,703,200,6
1760124461926,TEXT,703,200,6
1760124461926,TEXT,703,200,6
1760124461926,TEXT,703,200,6
1760124461926,TEXT,703,200,6
1760124461926,TEXT,703,200,6
1760124461926,TEXT,703,200,6
1760124461927,TEXT,703,200,6
1760124461927,TEXT,703,200,6
1760124461927,TEXT,703,200,6
1760124461927,JOIN,703,200,6
1760124461927,TEXT,703,200,6
1760124461927,TEXT,703,200,6
1760124461927,TEXT,703,200,6
1760124461927,TEXT,702,200,6
1760124461927,TEXT,702,200,6
1760124461928,TEXT,702,200,6
1760124461928,TEXT,701,200,6
1760124461928,TEXT,702,200,6
1760124461928,TEXT,702,200,6
1760124461928,TEXT,702,200,6
1760124461928,TEXT,701,200,6
1760124461929,TEXT,701,200,6
1760124461929,TEXT,701,200,6
1760124461929,TEXT,701,200,6
1760124461929,TEXT,701,200,6
1760124461929,TEXT,701,200,6
1760124461929,TEXT,701,200,6
1760124461929,TEXT,701,200,6
1760124461929,TEXT,701,200,6
1760124461929,TEXT,701,200,6
1760124461929,TEXT,701,200,6
1760124461929,LEAVE,701,200,6
1760124461929,JOIN,701,200,6
1760124461929,TEXT,701,200,6
1760124461929,TEXT,701,200,6
1760124461929,TEXT,701,200,6
1760124461929,TEXT,701,200,6
1760124461929,TEXT,701,200,6
1760124461930,TEXT,700,200,6
1760124461930,TEXT,700,200,6
1760124461930,TEXT,700,200,6
1760124461931,TEXT,699,200,6
1760124461931,TEXT,699,200,6
1760124461931,TEXT,699,200,6
1760124461931,TEXT,699,200,6
1760124461931,TEXT,699,200,6
1760124461931,TEXT,699,200,6
1760124461931,TEXT,699,200,6
1760124461932,TEXT,699,200,6
1760124461932,TEXT,698,200,6
1760124461932,TEXT,698,200,6
1760124461932,TEXT,698,200,6
1760124461932,TEXT,698,200,6
1760124461933,TEXT,697,200,6
1760124461933,TEXT,697,200,6
1760124461936,TEXT,694,200,6
1760124461936,TEXT,694,200,6
1760124461940,TEXT,690,200,6
1760124461940,TEXT,690,200,6
1760124461940,TEXT,690,200,6
1760124461940,TEXT,690,200,6
1760124461940,TEXT,690,200,6
1760124461891,TEXT,774,200,2
1760124461895,TEXT,770,200,2
1760124461895,LEAVE,770,200,2
1760124461895,TEXT,770,200,2
1760124461895,TEXT,770,200,2
1760124461895,TEXT,770,200,2
1760124461895,TEXT,769,200,2
1760124461895,TEXT,769,200,2
1760124461895,JOIN,769,200,2
1760124461895,TEXT,769,200,2
1760124461896,TEXT,769,200,2
1760124461896,TEXT,769,200,2
1760124461896,TEXT,769,200,2
1760124461896,TEXT,769,200,2
1760124461896,TEXT,769,200,2
1760124461896,TEXT,769,200,2
1760124461896,TEXT,769,200,2
1760124461896,TEXT,769,200,2
1760124461896,TEXT,769,200,2
1760124461896,TEXT,769,200,2
1760124461896,TEXT,769,200,2
1760124461897,TEXT,768,200,2
1760124461898,TEXT,767,200,2
1760124461898,TEXT,767,200,2
1760124461898,TEXT,767,200,2
1760124461898,TEXT,767,200,2
1760124461899,TEXT,766,200,2
1760124461900,TEXT,765,200,2
1760124461900,TEXT,765,200,2
1760124461902,TEXT,762,200,2
1760124461905,TEXT,760,200,2
1760124461905,TEXT,760,200,2
1760124461905,TEXT,760,200,2
1760124461905,TEXT,760,200,2
1760124461905,TEXT,760,200,2
1760124461910,TEXT,755,200,2
1760124461913,TEXT,752,200,2
1760124461913,TEXT,752,200,2
1760124461913,TEXT,751,200,2
1760124461914,TEXT,751,200,2
1760124461914,TEXT,751,200,2
1760124461914,TEXT,750,200,2
1760124461915,TEXT,750,200,2
1760124461915,TEXT,750,200,2
1760124461916,TEXT,749,200,2
1760124461916,TEXT,749,200,2
1760124461917,TEXT,748,200,2
1760124461917,TEXT,748,200,2
1760124461917,TEXT,747,200,2
1760124461917,TEXT,747,200,2
1760124461917,TEXT,747,200,2
1760124461917,LEAVE,747,200,2
1760124461918,TEXT,747,200,2
1760124461918,TEXT,747,200,2
1760124461918,TEXT,747,200,2
1760124461918,TEXT,747,200,2
1760124461918,JOIN,747,200,2
1760124461918,TEXT,747,200,2
1760124461918,TEXT,747,200,2
1760124461918,TEXT,747,200,2
1760124461918,TEXT,747,200,2
1760124461918,TEXT,747,200,2
1760124461918,TEXT,747,200,2
1760124461918,TEXT,747,200,2
1760124461918,TEXT,747,200,2
1760124461918,TEXT,747,200,2
1760124461918,TEXT,747,200,2
1760124461918,TEXT,747,200,2
1760124461919,TEXT,746,200,2
1760124461919,TEXT,746,200,2
1760124461919,TEXT,746,200,2
1760124461919,TEXT,746,200,2
1760124461919,TEXT,746,200,2
1760124461919,TEXT,746,200,2
1760124461919,TEXT,746,200,2
1760124461919,JOIN,746,200,2
1760124461919,TEXT,746,200,2
1760124461920,TEXT,745,200,2
1760124461920,TEXT,745,200,2
1760124461920,TEXT,745,200,2
1760124461920,TEXT,745,200,2
1760124461921,TEXT,744,200,2
1760124461895,TEXT,779,200,7
1760124461895,TEXT,779,200,7
1760124461895,TEXT,779,200,7
1760124461895,TEXT,779,200,7
1760124461895,TEXT,778,200,7
1760124461895,TEXT,778,200,7
1760124461895,TEXT,778,200,7
1760124461895,TEXT,778,200,7
1760124461896,TEXT,778,200,7
1760124461896,TEXT,778,200,7
1760124461896,LEAVE,778,200,7
1760124461896,TEXT,778,200,7
1760124461896,TEXT,777,200,7
1760124461896,JOIN,777,200,7
1760124461897,TEXT,777,200,7
1760124461897,TEXT,777,200,7
1760124461897,TEXT,776,200,7
1760124461897,TEXT,776,200,7
1760124461897,TEXT,776,200,7
1760124461897,TEXT,776,200,7
1760124461897,TEXT,776,200,7
1760124461897,TEXT,776,200,7
1760124461897,TEXT,776,200,7
1760124461898,TEXT,776,200,7
1760124461898,TEXT,776,200,7
1760124461898,TEXT,776,200,7
1760124461898,TEXT,775,200,7
1760124461898,JOIN,775,200,7
1760124461898,TEXT,775,200,7
1760124461900,TEXT,774,200,7
1760124461900,TEXT,774,200,7
1760124461900,TEXT,774,200,7
1760124461901,TEXT,772,200,7
1760124461902,JOIN,771,200,7
1760124461903,JOIN,771,200,7
1760124461903,TEXT,771,200,7
1760124461903,TEXT,771,200,7
1760124461905,LEAVE,769,200,7
1760124461906,TEXT,767,200,7
1760124461907,TEXT,766,200,7
1760124461908,TEXT,766,200,7
1760124461908,TEXT,765,200,7
1760124461910,TEXT,764,200,7
1760124461910,TEXT,764,200,7
1760124461910,TEXT,764,200,7
1760124461910,JOIN,764,200,7
1760124461910,TEXT,763,200,7
1760124461913,JOIN,760,200,7
1760124461914,TEXT,760,200,7
1760124461914,TEXT,760,200,7
1760124461914,TEXT,760,200,7
1760124461914,TEXT,760,200,7
1760124461914,TEXT,760,200,7
1760124461914,LEAVE,760,200,7
1760124461914,TEXT,760,200,7
1760124461914,TEXT,759,200,7
1760124461914,LEAVE,759,200,7
1760124461914,TEXT,759,200,7
1760124461914,TEXT,759,200,7
1760124461915,JOIN,759,200,7
1760124461915,TEXT,759,200,7
1760124461915,TEXT,758,200,7
1760124461915,TEXT,758,200,7
1760124461915,TEXT,758,200,7
1760124461915,TEXT,758,200,7
1760124461915,TEXT,758,200,7
1760124461915,TEXT,758,200,7
1760124461916,TEXT,758,200,7
1760124461916,TEXT,758,200,7
1760124461916,TEXT,758,200,7
1760124461916,TEXT,758,200,7
1760124461916,TEXT,758,200,7
1760124461916,TEXT,759,200,7
1760124461916,TEXT,759,200,7
1760124461916,TEXT,759,200,7
1760124461916,JOIN,759,200,7
1760124461916,TEXT,759,200,7
1760124461916,TEXT,759,200,7
1760124461916,JOIN,759,200,7
1760124461917,TEXT,758,200,7
1760124461917,TEXT,758,200,7
1760124461918,TEXT,758,200,7
1760124461918,TEXT,758,200,7
1760124461918,TEXT,757,200,7
1760124461918,JOIN,757,200,7
1760124461918,TEXT,757,200,7
1760124461918,TEXT,757,200,7
1760124461918,TEXT,757,200,7
1760124461918,LEAVE,757,200,7
1760124461918,TEXT,757,200,7
1760124461918,TEXT,757,200,7
1760124461918,JOIN,757,200,7
1760124461919,TEXT,757,200,7
1760124461924,TEXT,764,200,15
1760124461924,TEXT,764,200,15
1760124461924,TEXT,764,200,15
1760124461924,TEXT,764,200,15
1760124461924,JOIN,764,200,15
1760124461924,TEXT,763,200,15
1760124461925,LEAVE,763,200,15
1760124461925,TEXT,763,200,15
1760124461925,TEXT,763,200,15
1760124461925,TEXT,763,200,15
1760124461925,TEXT,763,200,15
1760124461925,LEAVE,763,200,15
1760124461925,TEXT,763,200,15
1760124461925,TEXT,763,200,15
1760124461925,TEXT,762,200,15
1760124461926,TEXT,763,200,15
1760124461926,TEXT,762,200,15
1760124461926,TEXT,762,200,15
1760124461926,TEXT,762,200,15
1760124461926,TEXT,762,200,15
1760124461926,TEXT,762,200,15
1760124461926,TEXT,762,200,15
1760124461926,TEXT,762,200,15
1760124461926,TEXT,762,200,15
1760124461926,TEXT,762,200,15
1760124461926,TEXT,762,200,15
1760124461927,TEXT,762,200,15
1760124461927,TEXT,761,200,15
1760124461927,TEXT,761,200,15
1760124461927,TEXT,761,200,15
1760124461927,TEXT,761,200,15
1760124461927,JOIN,761,200,15
1760124461927,TEXT,761,200,15
1760124461927,TEXT,761,200,15
1760124461927,TEXT,761,200,15
1760124461927,TEXT,761,200,15
1760124461928,TEXT,760,200,15
1760124461929,TEXT,760,200,15
1760124461929,TEXT,760,200,15
1760124461929,TEXT,760,200,15
1760124461929,TEXT,759,200,15
1760124461929,TEXT,759,200,15
1760124461929,TEXT,759,200,15
1760124461929,TEXT,759,200,15
1760124461929,TEXT,759,200,15
1760124461929,TEXT,759,200,15
1760124461929,TEXT,759,200,15
1760124461929,TEXT,759,200,15
1760124461930,TEXT,758,200,15
1760124461930,TEXT,758,200,15
1760124461930,TEXT,758,200,15
1760124461930,TEXT,758,200,15
1760124461930,TEXT,758,200,15
1760124461930,TEXT,758,200,15
1760124461931,TEXT,758,200,15
1760124461931,TEXT,757,200,15
1760124461931,TEXT,757,200,15
1760124461931,TEXT,757,200,15
1760124461931,TEXT,757,200,15
1760124461931,TEXT,757,200,15
1760124461932,TEXT,757,200,15
1760124461932,TEXT,757,200,15
1760124461932,TEXT,757,200,15
1760124461932,TEXT,756,200,15
1760124461932,TEXT,757,200,15
1760124461932,TEXT,756,200,15
1760124461932,TEXT,756,200,15
1760124461932,TEXT,756,200,15
1760124461932,TEXT,756,200,15
1760124461932,TEXT,756,200,15
1760124461936,LEAVE,752,200,15
1760124461936,TEXT,752,200,15
1760124461936,TEXT,752,200,15
1760124461940,TEXT,749,200,15
1760124461940,TEXT,748,200,15
1760124461940,TEXT,748,200,15
1760124461940,TEXT,748,200,15
1760124461940,TEXT,748,200,15
1760124461940,TEXT,748,200,15
1760124461940,JOIN,748,200,15
1760124461940,TEXT,748,200,15
1760124461941,TEXT,748,200,15
1760124461941,TEXT,747,200,15
1760124461941,TEXT,747,200,15
1760124461941,TEXT,747,200,15
1760124461941,TEXT,747,200,15
1760124461941,TEXT,747,200,15
1760124461941,TEXT,747,200,15
1760124461941,TEXT,747,200,15
1760124461942,TEXT,747,200,15
1760124461942,TEXT,747,200,15
1760124461942,TEXT,746,200,15
1760124461942,JOIN,746,200,15
1760124461943,TEXT,746,200,15
1760124461943,TEXT,746,200,15
1760124461943,TEXT,745,200,15
1760124461895,TEXT,802,200,20
1760124461895,TEXT,802,200,20
1760124461896,TEXT,802,200,20
1760124461896,TEXT,802,200,20
1760124461896,TEXT,802,200,20
1760124461896,TEXT,802,200,20
1760124461896,LEAVE,801,200,20
1760124461896,TEXT,801,200,20
1760124461896,LEAVE,801,200,20
1760124461896,TEXT,801,200,20
1760124461896,TEXT,801,200,20
1760124461896,TEXT,801,200,20
1760124461897,LEAVE,801,200,20
1760124461897,TEXT,800,200,20
1760124461897,TEXT,800,200,20
1760124461897,TEXT,800,200,20
1760124461897,TEXT,800,200,20
1760124461897,TEXT,800,200,20
1760124461898,TEXT,800,200,20
1760124461898,TEXT,800,200,20
1760124461898,TEXT,799,200,20
1760124461898,TEXT,799,200,20
1760124461900,JOIN,798,200,20
1760124461900,TEXT,798,200,20
1760124461902,TEXT,795,200,20
1760124461903,TEXT,795,200,20
1760124461903,TEXT,795,200,20
1760124461905,TEXT,793,200,20
1760124461905,TEXT,793,200,20
1760124461905,TEXT,793,200,20
1760124461905,TEXT,793,200,20
1760124461907,TEXT,791,200,20
1760124461908,TEXT,790,200,20
1760124461910,TEXT,788,200,20
1760124461910,TEXT,788,200,20
1760124461910,TEXT,788,200,20
1760124461910,TEXT,788,200,20
1760124461913,TEXT,785,200,20
1760124461913,TEXT,784,200,20
1760124461913,TEXT,784,200,20
1760124461914,TEXT,784,200,20
1760124461914,TEXT,784,200,20
1760124461914,TEXT,784,200,20
1760124461914,TEXT,784,200,20
1760124461914,TEXT,783,200,20
1760124461914,TEXT,783,200,20
1760124461915,TEXT,783,200,20
1760124461915,TEXT,783,200,20
1760124461915,TEXT,783,200,20
1760124461915,TEXT,783,200,20
1760124461915,TEXT,783,200,20
1760124461915,JOIN,783,200,20
1760124461915,TEXT,783,200,20
1760124461915,TEXT,783,200,20
1760124461915,TEXT,783,200,20
1760124461915,TEXT,783,200,20
1760124461915,TEXT,783,200,20
1760124461915,TEXT,783,200,20
1760124461915,TEXT,783,200,20
1760124461915,TEXT,782,200,20
1760124461916,TEXT,782,200,20
1760124461916,TEXT,782,200,20
1760124461916,TEXT,782,200,20
1760124461916,TEXT,782,200,20
1760124461916,TEXT,782,200,20
1760124461916,TEXT,782,200,20
1760124461916,TEXT,782,200,20
1760124461916,TEXT,782,200,20
1760124461916,LEAVE,781,200,20
1760124461917,TEXT,781,200,20
1760124461917,TEXT,781,200,20
1760124461917,TEXT,781,200,20
1760124461917,TEXT,780,200,20
1760124461918,JOIN,780,200,20
1760124461918,LEAVE,780,200,20
1760124461918,TEXT,780,200,20
1760124461918,TEXT,780,200,20
1760124461918,TEXT,780,200,20
1760124461918,TEXT,780,200,20
1760124461918,TEXT,780,200,20
1760124461918,TEXT,780,200,20
1760124461919,TEXT,779,200,20
1760124461919,TEXT,779,200,20
1760124461919,TEXT,779,200,20
1760124461919,TEXT,779,200,20
1760124461919,TEXT,779,200,20
1760124461919,TEXT,779,200,20
1760124461919,TEXT,779,200,20
1760124461920,TEXT,778,200,20
1760124461920,TEXT,778,200,20
1760124461920,TEXT,778,200,20
1760124461920,TEXT,778,200,20
1760124461921,TEXT,777,200,20
1760124461921,TEXT,777,200,20
1760124461897,TEXT,821,200,5
1760124461897,TEXT,821,200,5
1760124461897,TEXT,821,200,5
1760124461897,TEXT,821,200,5
1760124461897,TEXT,821,200,5
1760124461897,TEXT,821,200,5
1760124461898,TEXT,821,200,5
1760124461898,TEXT,821,200,5
1760124461898,TEXT,821,200,5
1760124461898,TEXT,820,200,5
1760124461898,JOIN,820,200,5
1760124461898,TEXT,820,200,5
1760124461898,JOIN,820,200,5
1760124461898,LEAVE,820,200,5
1760124461898,TEXT,820,200,5
1760124461900,TEXT,818,200,5
1760124461900,TEXT,818,200,5
1760124461900,TEXT,818,200,5
1760124461900,TEXT,818,200,5
1760124461900,TEXT,818,200,5
1760124461901,TEXT,817,200,5
1760124461902,TEXT,816,200,5
1760124461903,TEXT,815,200,5
1760124461905,TEXT,813,200,5
1760124461905,TEXT,813,200,5
1760124461905,TEXT,813,200,5
1760124461905,TEXT,813,200,5
1760124461905,TEXT,813,200,5
1760124461910,TEXT,809,200,5
1760124461910,TEXT,808,200,5
1760124461913,TEXT,805,200,5
1760124461913,TEXT,805,200,5
1760124461913,TEXT,805,200,5
1760124461913,TEXT,805,200,5
1760124461914,TEXT,805,200,5
1760124461914,TEXT,804,200,5
1760124461914,TEXT,804,200,5
1760124461914,TEXT,804,200,5
1760124461914,TEXT,804,200,5
1760124461914,TEXT,804,200,5
1760124461914,TEXT,804,200,5
1760124461914,TEXT,804,200,5
1760124461914,TEXT,804,200,5
1760124461915,TEXT,804,200,5
1760124461915,TEXT,804,200,5
1760124461915,TEXT,803,200,5
1760124461916,TEXT,803,200,5
1760124461916,LEAVE,803,200,5
1760124461916,TEXT,803,200,5
1760124461916,TEXT,803,200,5
1760124461916,TEXT,802,200,5
1760124461916,JOIN,802,200,5
1760124461916,TEXT,802,200,5
1760124461916,TEXT,802,200,5
1760124461916,TEXT,802,200,5
1760124461916,TEXT,802,200,5
1760124461916,TEXT,802,200,5
1760124461916,TEXT,802,200,5
1760124461917,TEXT,802,200,5
1760124461917,JOIN,802,200,5
1760124461917,TEXT,802,200,5
1760124461918,LEAVE,801,200,5
1760124461918,TEXT,800,200,5
1760124461918,TEXT,800,200,5
1760124461918,TEXT,800,200,5
1760124461918,JOIN,800,200,5
1760124461918,TEXT,800,200,5
1760124461918,TEXT,800,200,5
1760124461918,TEXT,800,200,5
1760124461918,LEAVE,800,200,5
1760124461919,TEXT,799,200,5
1760124461919,TEXT,799,200,5
1760124461919,LEAVE,799,200,5
1760124461919,TEXT,799,200,5
1760124461919,JOIN,799,200,5
1760124461919,TEXT,799,200,5
1760124461919,TEXT,799,200,5
1760124461919,TEXT,799,200,5
1760124461919,TEXT,799,200,5
1760124461919,TEXT,799,200,5
1760124461919,TEXT,799,200,5
1760124461920,TEXT,798,200,5
1760124461920,JOIN,798,200,5
1760124461920,TEXT,798,200,5
1760124461921,TEXT,798,200,5
1760124461921,TEXT,798,200,5
1760124461921,TEXT,797,200,5
1760124461923,TEXT,795,200,5
1760124461923,TEXT,795,200,5
1760124461923,TEXT,795,200,5
1760124461923,JOIN,795,200,5
1760124461923,TEXT,795,200,5
1760124461923,TEXT,795,200,5
1760124461923,TEXT,795,200,5
1760124461923,TEXT,795,200,5
1760124461924,TEXT,795,200,5
1760124461905,TEXT,822,200,8
1760124461905,TEXT,822,200,8
1760124461908,TEXT,819,200,8
1760124461909,TEXT,819,200,8
1760124461909,JOIN,818,200,8
1760124461910,TEXT,817,200,8
1760124461913,LEAVE,814,200,8
1760124461913,TEXT,814,200,8
1760124461913,TEXT,814,200,8
1760124461914,TEXT,814,200,8
1760124461914,TEXT,813,200,8
1760124461914,TEXT,813,200,8
1760124461914,TEXT,813,200,8
1760124461914,JOIN,813,200,8
1760124461914,TEXT,813,200,8
1760124461914,TEXT,813,200,8
1760124461914,TEXT,813,200,8
1760124461914,TEXT,813,200,8
1760124461915,TEXT,813,200,8
1760124461915,TEXT,813,200,8
1760124461915,TEXT,813,200,8
1760124461915,TEXT,813,200,8
1760124461915,JOIN,813,200,8
1760124461915,TEXT,812,200,8
1760124461915,TEXT,812,200,8
1760124461915,LEAVE,812,200,8
1760124461915,TEXT,812,200,8
1760124461916,TEXT,812,200,8
1760124461916,TEXT,812,200,8
1760124461914,TEXT,814,200,8
1760124461916,TEXT,811,200,8
1760124461916,TEXT,811,200,8
1760124461916,TEXT,811,200,8
1760124461914,TEXT,814,200,8
1760124461916,TEXT,811,200,8
1760124461916,LEAVE,811,200,8
1760124461917,TEXT,810,200,8
1760124461914,TEXT,814,200,8
1760124461918,TEXT,810,200,8
1760124461918,TEXT,810,200,8
1760124461918,TEXT,810,200,8
1760124461918,TEXT,810,200,8
1760124461918,TEXT,810,200,8
1760124461918,TEXT,810,200,8
1760124461918,TEXT,809,200,8
1760124461918,TEXT,809,200,8
1760124461918,JOIN,809,200,8
1760124461918,TEXT,809,200,8
1760124461918,TEXT,809,200,8
1760124461918,TEXT,809,200,8
1760124461918,JOIN,809,200,8
1760124461918,TEXT,809,200,8
1760124461919,JOIN,809,200,8
1760124461919,TEXT,809,200,8
1760124461919,TEXT,809,200,8
1760124461919,TEXT,809,200,8
1760124461919,LEAVE,809,200,8
1760124461919,TEXT,809,200,8
1760124461919,LEAVE,808,200,8
1760124461919,TEXT,808,200,8
1760124461919,TEXT,808,200,8
1760124461919,TEXT,808,200,8
1760124461919,TEXT,808,200,8
1760124461920,TEXT,807,200,8
1760124461920,TEXT,807,200,8
1760124461921,TEXT,807,200,8
1760124461921,TEXT,807,200,8
1760124461921,TEXT,806,200,8
1760124461921,TEXT,806,200,8
1760124461921,TEXT,806,200,8
1760124461923,TEXT,805,200,8
1760124461923,TEXT,805,200,8
1760124461910,LEAVE,839,200,13
1760124461910,TEXT,839,200,13
1760124461910,TEXT,838,200,13
1760124461913,TEXT,836,200,13
1760124461913,TEXT,835,200,13
1760124461913,TEXT,835,200,13
1760124461914,TEXT,835,200,13
1760124461914,TEXT,835,200,13
1760124461914,TEXT,835,200,13
1760124461914,JOIN,835,200,13
1760124461914,TEXT,835,200,13
1760124461914,TEXT,834,200,13
1760124461914,TEXT,834,200,13
1760124461914,TEXT,834,200,13
1760124461914,TEXT,834,200,13
1760124461914,TEXT,834,200,13
1760124461914,TEXT,834,200,13
1760124461914,TEXT,834,200,13
1760124461914,TEXT,834,200,13
1760124461914,TEXT,834,200,13
1760124461914,TEXT,834,200,13
1760124461915,TEXT,834,200,13
1760124461915,TEXT,834,200,13
1760124461915,TEXT,834,200,13
1760124461915,TEXT,834,200,13
1760124461915,TEXT,834,200,13
1760124461915,TEXT,833,200,13
1760124461915,TEXT,833,200,13
1760124461915,TEXT,833,200,13
1760124461915,TEXT,833,200,13
1760124461915,TEXT,833,200,13
1760124461915,TEXT,833,200,13
1760124461916,TEXT,833,200,13
1760124461916,TEXT,833,200,13
1760124461916,TEXT,833,200,13
1760124461916,JOIN,833,200,13
1760124461916,TEXT,832,200,13
1760124461916,TEXT,832,200,13
1760124461918,TEXT,831,200,13
1760124461918,JOIN,831,200,13
1760124461918,TEXT,831,200,13
1760124461918,TEXT,831,200,13
1760124461918,JOIN,831,200,13
1760124461918,TEXT,831,200,13
1760124461918,TEXT,831,200,13
1760124461918,LEAVE,830,200,13
1760124461918,TEXT,830,200,13
1760124461918,TEXT,830,200,13
1760124461918,TEXT,830,200,13
1760124461918,TEXT,830,200,13
1760124461919,TEXT,830,200,13
1760124461919,TEXT,830,200,13
1760124461919,TEXT,830,200,13
1760124461919,TEXT,830,200,13
1760124461919,TEXT,830,200,13
1760124461919,TEXT,830,200,13
1760124461919,LEAVE,830,200,13
1760124461919,TEXT,829,200,13
1760124461920,TEXT,828,200,13
1760124461920,TEXT,828,200,13
1760124461920,TEXT,828,200,13
1760124461920,TEXT,828,200,13
1760124461920,TEXT,828,200,13
1760124461920,TEXT,828,200,13
1760124461921,TEXT,828,200,13
1760124461921,TEXT,827,200,13
1760124461922,JOIN,827,200,13
1760124461922,TEXT,826,200,13
1760124461922,TEXT,826,200,13
1760124461923,TEXT,826,200,13
1760124461923,TEXT,826,200,13
1760124461923,JOIN,826,200,13
1760124461923,TEXT,826,200,13
1760124461923,TEXT,826,200,13
1760124461923,TEXT,825,200,13
1760124461923,TEXT,825,200,13
1760124461923,TEXT,825,200,13
1760124461923,TEXT,825,200,13
1760124461923,LEAVE,825,200,13
1760124461923,TEXT,825,200,13
1760124461924,TEXT,825,200,13
1760124461924,LEAVE,825,200,13
1760124461924,TEXT,825,200,13
1760124461924,TEXT,825,200,13
1760124461924,TEXT,824,200,13
1760124461924,TEXT,824,200,13
1760124461925,TEXT,824,200,13
1760124461925,TEXT,824,200,13
1760124461925,TEXT,824,200,13
1760124461925,TEXT,824,200,13
1760124461925,TEXT,824,200,13
1760124461925,TEXT,824,200,13
1760124461925,TEXT,824,200,13
1760124461925,TEXT,823,200,13
1760124461925,TEXT,823,200,13
1760124461925,TEXT,823,200,13
1760124461925,TEXT,823,200,13
1760124461925,TEXT,823,200,13
1760124461925,LEAVE,823,200,13
1760124461925,TEXT,823,200,13
1760124461926,TEXT,823,200,13
1760124461926,TEXT,823,200,13
1760124461926,TEXT,823,200,13
1760124461926,TEXT,823,200,13
1760124461897,TEXT,865,200,3
1760124461897,TEXT,865,200,3
1760124461897,TEXT,865,200,3
1760124461898,TEXT,864,200,3
1760124461898,LEAVE,864,200,3
1760124461898,TEXT,864,200,3
1760124461898,TEXT,864,200,3
1760124461898,TEXT,864,200,3
1760124461898,TEXT,864,200,3
1760124461898,TEXT,864,200,3
1760124461898,TEXT,864,200,3
1760124461898,TEXT,864,200,3
1760124461898,TEXT,864,200,3
1760124461900,TEXT,863,200,3
1760124461900,TEXT,862,200,3
1760124461903,TEXT,860,200,3
1760124461903,TEXT,860,200,3
1760124461903,TEXT,859,200,3
1760124461905,TEXT,857,200,3
1760124461905,TEXT,857,200,3
1760124461905,TEXT,857,200,3
1760124461905,TEXT,857,200,3
1760124461905,TEXT,857,200,3
1760124461908,LEAVE,854,200,3
1760124461910,LEAVE,853,200,3
1760124461910,TEXT,852,200,3
1760124461913,TEXT,849,200,3
1760124461913,TEXT,849,200,3
1760124461913,TEXT,849,200,3
1760124461913,TEXT,849,200,3
1760124461914,TEXT,849,200,3
1760124461914,TEXT,849,200,3
1760124461914,TEXT,849,200,3
1760124461914,TEXT,849,200,3
1760124461914,TEXT,849,200,3
1760124461914,TEXT,848,200,3
1760124461914,TEXT,848,200,3
1760124461914,TEXT,848,200,3
1760124461914,TEXT,848,200,3
1760124461914,JOIN,848,200,3
1760124461914,TEXT,848,200,3
1760124461914,TEXT,848,200,3
1760124461914,TEXT,848,200,3
1760124461914,TEXT,848,200,3
1760124461915,JOIN,848,200,3
1760124461915,TEXT,848,200,3
1760124461915,TEXT,848,200,3
1760124461915,TEXT,848,200,3
1760124461916,TEXT,847,200,3
1760124461916,TEXT,846,200,3
1760124461916,TEXT,846,200,3
1760124461916,TEXT,846,200,3
1760124461916,JOIN,846,200,3
1760124461916,TEXT,846,200,3
1760124461916,TEXT,846,200,3
1760124461916,TEXT,846,200,3
1760124461917,TEXT,845,200,3
1760124461917,TEXT,845,200,3
1760124461917,TEXT,845,200,3
1760124461918,TEXT,845,200,3
1760124461918,TEXT,844,200,3
1760124461918,TEXT,844,200,3
1760124461918,TEXT,844,200,3
1760124461918,TEXT,844,200,3
1760124461918,TEXT,844,200,3
1760124461918,TEXT,844,200,3
1760124461918,TEXT,844,200,3
1760124461919,TEXT,844,200,3
1760124461919,TEXT,844,200,3
1760124461919,TEXT,844,200,3
1760124461919,LEAVE,844,200,3
1760124461919,TEXT,844,200,3
1760124461919,TEXT,844,200,3
1760124461919,TEXT,843,200,3
1760124461919,TEXT,843,200,3
1760124461919,TEXT,843,200,3
1760124461919,TEXT,843,200,3
1760124461919,TEXT,843,200,3
1760124461921,TEXT,842,200,3
1760124461921,TEXT,841,200,3
1760124461922,TEXT,840,200,3
1760124461922,TEXT,840,200,3
1760124461923,TEXT,840,200,3
1760124461923,TEXT,840,200,3
1760124461923,TEXT,840,200,3
1760124461923,TEXT,840,200,3
1760124461923,TEXT,839,200,3
1760124461923,JOIN,839,200,3
1760124461923,TEXT,839,200,3
1760124461923,TEXT,839,200,3
1760124461923,TEXT,839,200,3
1760124461923,TEXT,839,200,3
1760124461924,TEXT,839,200,3
1760124461924,TEXT,839,200,3
1760124461924,TEXT,839,200,3
1760124461924,TEXT,839,200,3
1760124461924,TEXT,839,200,3
1760124461924,TEXT,838,200,3
1760124461924,TEXT,838,200,3
1760124461896,TEXT,871,200,18
1760124461897,TEXT,871,200,18
1760124461897,TEXT,870,200,18
1760124461897,TEXT,870,200,18
1760124461897,TEXT,870,200,18
1760124461897,TEXT,870,200,18
1760124461897,TEXT,870,200,18
1760124461897,TEXT,870,200,18
1760124461897,TEXT,870,200,18
1760124461897,TEXT,870,200,18
1760124461897,TEXT,870,200,18
1760124461898,TEXT,870,200,18
1760124461898,TEXT,870,200,18
1760124461898,TEXT,870,200,18
1760124461898,TEXT,869,200,18
1760124461899,TEXT,868,200,18
1760124461900,TEXT,867,200,18
1760124461900,TEXT,867,200,18
1760124461902,TEXT,865,200,18
1760124461905,TEXT,862,200,18
1760124461905,TEXT,862,200,18
1760124461905,TEXT,862,200,18
1760124461905,TEXT,862,200,18
1760124461905,TEXT,862,200,18
1760124461908,TEXT,860,200,18
1760124461908,TEXT,859,200,18
1760124461910,TEXT,858,200,18
1760124461910,TEXT,857,200,18
1760124461910,TEXT,857,200,18
1760124461910,TEXT,857,200,18
1760124461913,JOIN,855,200,18
1760124461913,TEXT,854,200,18
1760124461913,TEXT,854,200,18
1760124461913,TEXT,854,200,18
1760124461913,TEXT,854,200,18
1760124461913,TEXT,854,200,18
1760124461913,TEXT,854,200,18
1760124461914,TEXT,854,200,18
1760124461914,TEXT,854,200,18
1760124461914,LEAVE,854,200,18
1760124461914,JOIN,854,200,18
1760124461914,TEXT,853,200,18
1760124461914,TEXT,853,200,18
1760124461914,TEXT,853,200,18
1760124461915,TEXT,853,200,18
1760124461915,TEXT,853,200,18
1760124461915,TEXT,853,200,18
1760124461915,TEXT,853,200,18
1760124461915,TEXT,852,200,18
1760124461915,LEAVE,852,200,18
1760124461915,TEXT,852,200,18
1760124461915,TEXT,852,200,18
1760124461915,TEXT,852,200,18
1760124461915,TEXT,852,200,18
1760124461915,TEXT,852,200,18
1760124461915,TEXT,852,200,18
1760124461916,TEXT,852,200,18
1760124461916,LEAVE,852,200,18
1760124461916,TEXT,852,200,18
1760124461916,TEXT,852,200,18
1760124461916,TEXT,852,200,18
1760124461916,TEXT,852,200,18
1760124461916,TEXT,851,200,18
1760124461917,TEXT,851,200,18
1760124461917,TEXT,850,200,18
1760124461918,TEXT,850,200,18
1760124461918,TEXT,849,200,18
1760124461918,TEXT,849,200,18
1760124461918,TEXT,849,200,18
1760124461919,TEXT,849,200,18
1760124461919,TEXT,849,200,18
1760124461919,TEXT,849,200,18
1760124461919,TEXT,849,200,18
1760124461919,TEXT,849,200,18
1760124461919,TEXT,849,200,18
1760124461919,TEXT,849,200,18
1760124461919,TEXT,849,200,18
1760124461919,TEXT,848,200,18
1760124461919,TEXT,848,200,18
1760124461920,TEXT,847,200,18
1760124461920,TEXT,847,200,18
1760124461921,TEXT,847,200,18
1760124461921,TEXT,847,200,18
1760124461921,TEXT,847,200,18
1760124461921,TEXT,847,200,18
1760124461922,TEXT,846,200,18
1760124461922,TEXT,845,200,18
1760124461922,TEXT,845,200,18
1760124461922,TEXT,845,200,18
1760124461923,TEXT,845,200,18
1760124461923,TEXT,845,200,18
1760124461923,LEAVE,845,200,18
1760124461923,TEXT,845,200,18
1760124461923,TEXT,845,200,18
1760124461923,TEXT,845,200,18
1760124461923,TEXT,845,200,18
1760124461923,TEXT,855,200,11
1760124461923,TEXT,856,200,11
1760124461923,TEXT,856,200,11
1760124461923,TEXT,856,200,11
1760124461923,TEXT,855,200,11
1760124461923,TEXT,855,200,11
1760124461923,TEXT,855,200,11
1760124461923,TEXT,855,200,11
1760124461923,TEXT,855,200,11
1760124461923,TEXT,855,200,11
1760124461923,TEXT,855,200,11
1760124461923,TEXT,855,200,11
1760124461923,TEXT,855,200,11
1760124461923,TEXT,855,200,11
1760124461923,TEXT,855,200,11
1760124461924,TEXT,855,200,11
1760124461924,TEXT,855,200,11
1760124461924,TEXT,855,200,11
1760124461924,TEXT,855,200,11
1760124461924,TEXT,855,200,11
1760124461924,TEXT,855,200,11
1760124461924,TEXT,855,200,11
1760124461924,TEXT,855,200,11
1760124461924,TEXT,855,200,11
1760124461924,TEXT,854,200,11
1760124461924,TEXT,854,200,11
1760124461925,TEXT,854,200,11
1760124461925,TEXT,854,200,11
1760124461925,TEXT,854,200,11
1760124461925,TEXT,854,200,11
1760124461925,TEXT,854,200,11
1760124461925,TEXT,854,200,11
1760124461925,TEXT,854,200,11
1760124461925,TEXT,854,200,11
1760124461925,TEXT,853,200,11
1760124461925,TEXT,853,200,11
1760124461926,TEXT,853,200,11
1760124461926,TEXT,853,200,11
1760124461926,TEXT,852,200,11
1760124461926,TEXT,852,200,11
1760124461926,TEXT,852,200,11
1760124461926,TEXT,852,200,11
1760124461926,TEXT,852,200,11
1760124461927,TEXT,852,200,11
1760124461927,JOIN,852,200,11
1760124461927,TEXT,852,200,11
1760124461927,JOIN,852,200,11
1760124461927,TEXT,852,200,11
1760124461927,TEXT,851,200,11
1760124461928,TEXT,851,200,11
1760124461928,TEXT,851,200,11
1760124461928,TEXT,850,200,11
1760124461929,TEXT,850,200,11
1760124461929,TEXT,850,200,11
1760124461929,TEXT,850,200,11
1760124461929,TEXT,850,200,11
1760124461929,TEXT,850,200,11
1760124461929,TEXT,850,200,11
1760124461929,TEXT,850,200,11
1760124461929,TEXT,850,200,11
1760124461929,TEXT,849,200,11
1760124461929,TEXT,849,200,11
1760124461929,TEXT,849,200,11
1760124461929,TEXT,849,200,11
1760124461930,TEXT,849,200,11
1760124461930,TEXT,849,200,11
1760124461930,LEAVE,849,200,11
1760124461930,TEXT,849,200,11
1760124461931,TEXT,848,200,11
1760124461931,TEXT,848,200,11
1760124461931,TEXT,848,200,11
1760124461931,TEXT,848,200,11
1760124461932,TEXT,847,200,11
1760124461932,TEXT,847,200,11
1760124461933,JOIN,846,200,11
1760124461936,TEXT,843,200,11
1760124461936,TEXT,842,200,11
1760124461936,JOIN,842,200,11
1760124461936,TEXT,842,200,11
1760124461940,TEXT,839,200,11
1760124461940,TEXT,839,200,11
1760124461940,JOIN,839,200,11
1760124461940,TEXT,839,200,11
1760124461940,TEXT,839,200,11
1760124461940,TEXT,839,200,11
1760124461940,JOIN,838,200,11
1760124461940,TEXT,838,200,11
1760124461941,TEXT,838,200,11
1760124461941,TEXT,838,200,11
1760124461941,TEXT,838,200,11
1760124461941,TEXT,838,200,11
1760124461941,TEXT,838,200,11
1760124461941,TEXT,838,200,11
1760124461941,TEXT,838,200,11
1760124461896,TEXT,923,200,1
1760124461897,TEXT,923,200,1
1760124461897,TEXT,923,200,1
1760124461897,TEXT,923,200,1
1760124461897,TEXT,923,200,1
1760124461897,TEXT,922,200,1
1760124461897,LEAVE,922,200,1
1760124461897,TEXT,922,200,1
1760124461897,TEXT,922,200,1
1760124461897,JOIN,922,200,1
1760124461897,TEXT,922,200,1
1760124461898,TEXT,922,200,1
1760124461898,TEXT,922,200,1
1760124461898,TEXT,922,200,1
1760124461898,TEXT,922,200,1
1760124461898,TEXT,922,200,1
1760124461898,TEXT,922,200,1
1760124461898,TEXT,922,200,1
1760124461898,TEXT,922,200,1
1760124461898,TEXT,922,200,1
1760124461898,TEXT,922,200,1
1760124461898,TEXT,921,200,1
1760124461899,TEXT,921,200,1
1760124461900,TEXT,920,200,1
1760124461900,TEXT,920,200,1
1760124461905,TEXT,915,200,1
1760124461905,TEXT,915,200,1
1760124461905,JOIN,915,200,1
1760124461905,TEXT,915,200,1
1760124461905,TEXT,915,200,1
1760124461905,TEXT,915,200,1
1760124461905,TEXT,915,200,1
1760124461907,TEXT,913,200,1
1760124461908,JOIN,912,200,1
1760124461909,TEXT,911,200,1
1760124461910,TEXT,910,200,1
1760124461910,TEXT,910,200,1
1760124461910,TEXT,910,200,1
1760124461910,TEXT,910,200,1
1760124461910,TEXT,910,200,1
1760124461910,TEXT,910,200,1
1760124461913,TEXT,907,200,1
1760124461913,LEAVE,906,200,1
1760124461914,TEXT,906,200,1
1760124461914,TEXT,906,200,1
1760124461914,JOIN,906,200,1
1760124461914,TEXT,906,200,1
1760124461914,TEXT,906,200,1
1760124461914,TEXT,906,200,1
1760124461914,JOIN,906,200,1
1760124461915,TEXT,905,200,1
1760124461915,TEXT,905,200,1
1760124461915,JOIN,905,200,1
1760124461915,TEXT,905,200,1
1760124461915,TEXT,905,200,1
1760124461915,TEXT,905,200,1
1760124461915,TEXT,905,200,1
1760124461916,TEXT,904,200,1
1760124461916,TEXT,904,200,1
1760124461916,TEXT,904,200,1
1760124461916,TEXT,904,200,1
1760124461916,LEAVE,904,200,1
1760124461916,TEXT,904,200,1
1760124461916,TEXT,904,200,1
1760124461916,TEXT,904,200,1
1760124461916,JOIN,904,200,1
1760124461917,JOIN,903,200,1
1760124461917,TEXT,903,200,1
1760124461918,TEXT,902,200,1
1760124461918,TEXT,902,200,1
1760124461918,TEXT,902,200,1
1760124461918,TEXT,902,200,1
1760124461918,TEXT,902,200,1
1760124461918,LEAVE,902,200,1
1760124461918,TEXT,902,200,1
1760124461918,TEXT,902,200,1
1760124461918,TEXT,902,200,1
1760124461918,TEXT,902,200,1
1760124461918,TEXT,902,200,1
1760124461918,TEXT,902,200,1
1760124461918,LEAVE,902,200,1
1760124461919,TEXT,901,200,1
1760124461919,TEXT,901,200,1
1760124461919,TEXT,901,200,1
1760124461919,TEXT,901,200,1
1760124461919,JOIN,901,200,1
1760124461919,TEXT,901,200,1
1760124461919,TEXT,901,200,1
1760124461919,TEXT,901,200,1
1760124461919,TEXT,901,200,1
1760124461919,LEAVE,901,200,1
1760124461920,TEXT,900,200,1
1760124461920,TEXT,900,200,1
1760124461921,TEXT,900,200,1
1760124461921,TEXT,899,200,1
1760124461921,TEXT,899,200,1
1760124461919,TEXT,924,200,12
1760124461920,JOIN,923,200,12
1760124461920,TEXT,923,200,12
1760124461920,TEXT,923,200,12
1760124461920,TEXT,923,200,12
1760124461921,TEXT,923,200,12
1760124461921,TEXT,922,200,12
1760124461921,TEXT,922,200,12
1760124461922,TEXT,921,200,12
1760124461922,TEXT,921,200,12
1760124461922,TEXT,921,200,12
1760124461922,TEXT,921,200,12
1760124461922,TEXT,921,200,12
1760124461922,TEXT,921,200,12
1760124461923,TEXT,921,200,12
1760124461923,TEXT,921,200,12
1760124461923,TEXT,920,200,12
1760124461923,TEXT,920,200,12
1760124461923,TEXT,920,200,12
1760124461923,TEXT,920,200,12
1760124461923,TEXT,920,200,12
1760124461923,TEXT,920,200,12
1760124461923,TEXT,920,200,12
1760124461923,TEXT,920,200,12
1760124461923,TEXT,920,200,12
1760124461923,TEXT,920,200,12
1760124461923,TEXT,920,200,12
1760124461924,TEXT,920,200,12
1760124461924,TEXT,919,200,12
1760124461924,TEXT,919,200,12
1760124461924,LEAVE,919,200,12
1760124461924,LEAVE,919,200,12
1760124461924,TEXT,919,200,12
1760124461924,JOIN,919,200,12
1760124461925,TEXT,918,200,12
1760124461925,TEXT,918,200,12
1760124461925,TEXT,918,200,12
1760124461925,TEXT,918,200,12
1760124461926,TEXT,918,200,12
1760124461926,TEXT,918,200,12
1760124461926,JOIN,917,200,12
1760124461926,TEXT,917,200,12
1760124461926,TEXT,917,200,12
1760124461926,TEXT,917,200,12
1760124461926,JOIN,917,200,12
1760124461926,TEXT,917,200,12
1760124461926,TEXT,917,200,12
1760124461926,TEXT,917,200,12
1760124461926,TEXT,917,200,12
1760124461927,TEXT,917,200,12
1760124461927,TEXT,917,200,12
1760124461927,TEXT,917,200,12
1760124461927,LEAVE,917,200,12
1760124461927,TEXT,917,200,12
1760124461927,TEXT,916,200,12
1760124461927,TEXT,916,200,12
1760124461927,TEXT,916,200,12
1760124461927,TEXT,916,200,12
1760124461928,TEXT,916,200,12
1760124461928,TEXT,916,200,12
1760124461928,TEXT,915,200,12
1760124461929,JOIN,915,200,12
1760124461929,TEXT,915,200,12
1760124461929,TEXT,915,200,12
1760124461929,TEXT,915,200,12
1760124461929,TEXT,915,200,12
1760124461929,TEXT,915,200,12
1760124461929,TEXT,914,200,12
1760124461929,JOIN,914,200,12
1760124461929,TEXT,914,200,12
1760124461929,TEXT,914,200,12
1760124461929,TEXT,914,200,12
1760124461929,TEXT,914,200,12
1760124461930,TEXT,914,200,12
1760124461930,TEXT,914,200,12
1760124461930,TEXT,914,200,12
1760124461930,TEXT,914,200,12
1760124461930,TEXT,914,200,12
1760124461930,LEAVE,913,200,12
1760124461930,TEXT,913,200,12
1760124461930,TEXT,913,200,12
1760124461930,TEXT,913,200,12
1760124461930,TEXT,913,200,12
1760124461930,TEXT,913,200,12
1760124461931,TEXT,912,200,12
1760124461931,TEXT,912,200,12
1760124461931,TEXT,912,200,12
1760124461931,TEXT,912,200,12
1760124461897,TEXT,978,200,14
1760124461897,TEXT,978,200,14
1760124461897,TEXT,978,200,14
1760124461897,TEXT,977,200,14
1760124461897,TEXT,977,200,14
1760124461898,TEXT,977,200,14
1760124461898,TEXT,977,200,14
1760124461898,TEXT,977,200,14
1760124461898,TEXT,977,200,14
1760124461898,TEXT,977,200,14
1760124461898,TEXT,977,200,14
1760124461898,TEXT,977,200,14
1760124461898,TEXT,977,200,14
1760124461898,TEXT,977,200,14
1760124461899,TEXT,976,200,14
1760124461900,TEXT,975,200,14
1760124461900,TEXT,975,200,14
1760124461900,JOIN,975,200,14
1760124461900,TEXT,975,200,14
1760124461900,TEXT,975,200,14
1760124461905,TEXT,970,200,14
1760124461905,TEXT,970,200,14
1760124461905,TEXT,970,200,14
1760124461905,TEXT,969,200,14
1760124461908,TEXT,966,200,14
1760124461909,TEXT,966,200,14
1760124461910,TEXT,965,200,14
1760124461910,TEXT,965,200,14
1760124461913,TEXT,962,200,14
1760124461913,TEXT,962,200,14
1760124461913,TEXT,961,200,14
1760124461913,JOIN,961,200,14
1760124461913,TEXT,961,200,14
1760124461913,TEXT,961,200,14
1760124461913,TEXT,961,200,14
1760124461913,TEXT,961,200,14
1760124461913,TEXT,961,200,14
1760124461913,TEXT,961,200,14
1760124461914,TEXT,961,200,14
1760124461914,TEXT,961,200,14
1760124461914,LEAVE,961,200,14
1760124461914,TEXT,960,200,14
1760124461914,TEXT,960,200,14
1760124461914,TEXT,960,200,14
1760124461914,TEXT,960,200,14
1760124461914,TEXT,960,200,14
1760124461914,TEXT,960,200,14
1760124461915,LEAVE,960,200,14
1760124461915,TEXT,960,200,14
1760124461915,TEXT,959,200,14
1760124461916,TEXT,959,200,14
1760124461916,TEXT,959,200,14
1760124461916,TEXT,959,200,14
1760124461916,TEXT,959,200,14
1760124461916,TEXT,959,200,14
1760124461916,TEXT,959,200,14
1760124461916,TEXT,959,200,14
1760124461916,TEXT,958,200,14
1760124461917,TEXT,957,200,14
1760124461918,TEXT,957,200,14
1760124461918,TEXT,957,200,14
1760124461918,TEXT,957,200,14
1760124461918,TEXT,957,200,14
1760124461918,TEXT,957,200,14
1760124461918,TEXT,957,200,14
1760124461918,TEXT,957,200,14
1760124461918,LEAVE,957,200,14
1760124461918,TEXT,956,200,14
1760124461918,TEXT,956,200,14
1760124461919,TEXT,956,200,14
1760124461919,LEAVE,956,200,14
1760124461919,TEXT,956,200,14
1760124461919,TEXT,956,200,14
1760124461919,LEAVE,956,200,14
1760124461919,TEXT,956,200,14
1760124461919,TEXT,956,200,14
1760124461919,TEXT,956,200,14
1760124461919,TEXT,956,200,14
1760124461919,TEXT,956,200,14
1760124461919,TEXT,956,200,14
1760124461919,TEXT,955,200,14
1760124461920,TEXT,954,200,14
1760124461921,TEXT,954,200,14
1760124461921,TEXT,954,200,14
1760124461922,TEXT,953,200,14
1760124461922,TEXT,952,200,14
1760124461922,TEXT,952,200,14
1760124461923,TEXT,952,200,14
1760124461910,TEXT,969,200,17
1760124461910,TEXT,969,200,17
1760124461910,TEXT,969,200,17
1760124461910,TEXT,969,200,17
1760124461913,TEXT,965,200,17
1760124461913,TEXT,965,200,17
1760124461913,JOIN,965,200,17
1760124461913,TEXT,965,200,17
1760124461913,TEXT,965,200,17
1760124461913,TEXT,965,200,17
1760124461914,TEXT,965,200,17
1760124461914,TEXT,965,200,17
1760124461914,TEXT,965,200,17
1760124461914,TEXT,965,200,17
1760124461914,TEXT,964,200,17
1760124461914,TEXT,964,200,17
1760124461914,TEXT,964,200,17
1760124461914,TEXT,964,200,17
1760124461914,TEXT,964,200,17
1760124461915,TEXT,964,200,17
1760124461915,TEXT,964,200,17
1760124461916,TEXT,963,200,17
1760124461916,TEXT,963,200,17
1760124461916,TEXT,963,200,17
1760124461916,TEXT,962,200,17
1760124461916,LEAVE,962,200,17
1760124461917,TEXT,961,200,17
1760124461918,TEXT,961,200,17
1760124461918,TEXT,961,200,17
1760124461918,TEXT,961,200,17
1760124461918,TEXT,961,200,17
1760124461918,TEXT,961,200,17
1760124461918,TEXT,960,200,17
1760124461918,TEXT,960,200,17
1760124461918,TEXT,960,200,17
1760124461918,TEXT,960,200,17
1760124461919,TEXT,960,200,17
1760124461919,TEXT,960,200,17
1760124461919,TEXT,960,200,17
1760124461919,TEXT,960,200,17
1760124461919,TEXT,960,200,17
1760124461919,TEXT,960,200,17
1760124461919,TEXT,960,200,17
1760124461919,TEXT,960,200,17
1760124461919,TEXT,960,200,17
1760124461919,TEXT,960,200,17
1760124461919,LEAVE,959,200,17
1760124461920,TEXT,958,200,17
1760124461920,TEXT,958,200,17
1760124461921,TEXT,958,200,17
1760124461921,TEXT,958,200,17
1760124461921,TEXT,958,200,17
1760124461921,TEXT,958,200,17
1760124461922,TEXT,956,200,17
1760124461923,JOIN,956,200,17
1760124461923,TEXT,956,200,17
1760124461923,TEXT,956,200,17
1760124461923,TEXT,956,200,17
1760124461923,TEXT,956,200,17
1760124461923,TEXT,956,200,17
1760124461923,TEXT,956,200,17
1760124461923,TEXT,956,200,17
1760124461923,TEXT,956,200,17
1760124461923,TEXT,956,200,17
1760124461923,TEXT,956,200,17
1760124461923,TEXT,955,200,17
1760124461924,TEXT,955,200,17
1760124461924,LEAVE,955,200,17
1760124461924,TEXT,955,200,17
1760124461924,TEXT,955,200,17
1760124461924,TEXT,955,200,17
1760124461924,TEXT,955,200,17
1760124461924,TEXT,955,200,17
1760124461924,TEXT,955,200,17
1760124461924,TEXT,955,200,17
1760124461924,TEXT,954,200,17
1760124461925,TEXT,954,200,17
1760124461925,TEXT,954,200,17
1760124461925,JOIN,954,200,17
1760124461925,TEXT,954,200,17
1760124461925,TEXT,954,200,17
1760124461925,TEXT,954,200,17
1760124461925,TEXT,954,200,17
1760124461925,TEXT,954,200,17
1760124461925,LEAVE,954,200,17
1760124461925,TEXT,953,200,17
1760124461923,TEXT,959,200,19
1760124461923,TEXT,958,200,19
1760124461923,TEXT,958,200,19
1760124461923,TEXT,958,200,19
1760124461923,TEXT,958,200,19
1760124461923,TEXT,958,200,19
1760124461923,JOIN,958,200,19
1760124461923,TEXT,958,200,19
1760124461923,TEXT,958,200,19
1760124461924,TEXT,958,200,19
1760124461924,TEXT,958,200,19
1760124461924,JOIN,957,200,19
1760124461924,TEXT,957,200,19
1760124461924,TEXT,957,200,19
1760124461924,TEXT,957,200,19
1760124461925,TEXT,957,200,19
1760124461925,TEXT,957,200,19
1760124461925,TEXT,957,200,19
1760124461925,TEXT,957,200,19
1760124461925,TEXT,957,200,19
1760124461925,TEXT,957,200,19
1760124461925,TEXT,956,200,19
1760124461925,TEXT,956,200,19
1760124461926,TEXT,956,200,19
1760124461926,TEXT,956,200,19
1760124461926,TEXT,955,200,19
1760124461926,TEXT,955,200,19
1760124461926,JOIN,955,200,19
1760124461926,TEXT,955,200,19
1760124461926,TEXT,955,200,19
1760124461926,JOIN,955,200,19
1760124461927,TEXT,955,200,19
1760124461927,TEXT,955,200,19
1760124461927,TEXT,955,200,19
1760124461927,TEXT,955,200,19
1760124461927,TEXT,955,200,19
1760124461927,TEXT,955,200,19
1760124461927,TEXT,954,200,19
1760124461927,TEXT,954,200,19
1760124461927,TEXT,954,200,19
1760124461927,TEXT,954,200,19
1760124461928,TEXT,954,200,19
1760124461928,TEXT,953,200,19
1760124461928,TEXT,953,200,19
1760124461929,TEXT,953,200,19
1760124461929,TEXT,953,200,19
1760124461929,LEAVE,953,200,19
1760124461929,TEXT,953,200,19
1760124461929,TEXT,953,200,19
1760124461929,TEXT,953,200,19
1760124461929,TEXT,952,200,19
1760124461929,JOIN,952,200,19
1760124461929,TEXT,952,200,19
1760124461929,JOIN,952,200,19
1760124461929,TEXT,952,200,19
1760124461929,TEXT,952,200,19
1760124461929,TEXT,952,200,19
1760124461929,TEXT,952,200,19
1760124461929,TEXT,952,200,19
1760124461929,TEXT,952,200,19
1760124461929,TEXT,952,200,19
1760124461930,TEXT,952,200,19
1760124461930,TEXT,952,200,19
1760124461930,TEXT,952,200,19
1760124461930,TEXT,952,200,19
1760124461930,TEXT,952,200,19
1760124461930,TEXT,951,200,19
1760124461930,TEXT,951,200,19
1760124461930,TEXT,951,200,19
1760124461930,TEXT,951,200,19
1760124461930,TEXT,951,200,19
1760124461930,TEXT,951,200,19
1760124461931,TEXT,951,200,19
1760124461931,TEXT,951,200,19
1760124461931,TEXT,950,200,19
1760124461931,TEXT,950,200,19
1760124461931,TEXT,950,200,19
1760124461931,TEXT,950,200,19
1760124461932,TEXT,949,200,19
1760124461933,TEXT,948,200,19
1760124461936,TEXT,946,200,19
1760124461936,TEXT,946,200,19
1760124461936,TEXT,945,200,19
1760124461936,TEXT,945,200,19
1760124461936,TEXT,945,200,19
1760124461940,TEXT,942,200,19
1760124461940,TEXT,941,200,19
1760124461940,TEXT,941,200,19
1760124461941,TEXT,941,200,19
1760124461941,TEXT,941,200,19
1760124461941,TEXT,941,200,19
1760124461941,TEXT,941,200,19
1760124461941,TEXT,940,200,19
1760124461941,TEXT,940,200,19
1760124461914,TEXT,984,200,9
1760124461914,TEXT,984,200,9
1760124461914,TEXT,984,200,9
1760124461915,TEXT,983,200,9
1760124461915,TEXT,983,200,9
1760124461915,TEXT,983,200,9
1760124461915,TEXT,983,200,9
1760124461915,TEXT,983,200,9
1760124461915,TEXT,983,200,9
1760124461915,TEXT,983,200,9
1760124461916,TEXT,982,200,9
1760124461916,TEXT,982,200,9
1760124461916,TEXT,982,200,9
1760124461916,TEXT,982,200,9
1760124461916,TEXT,982,200,9
1760124461916,LEAVE,982,200,9
1760124461916,TEXT,982,200,9
1760124461916,TEXT,982,200,9
1760124461917,TEXT,981,200,9
1760124461918,TEXT,981,200,9
1760124461918,TEXT,981,200,9
1760124461918,TEXT,981,200,9
1760124461918,JOIN,980,200,9
1760124461918,TEXT,980,200,9
1760124461918,TEXT,980,200,9
1760124461918,TEXT,980,200,9
1760124461918,TEXT,980,200,9
1760124461918,TEXT,980,200,9
1760124461918,TEXT,980,200,9
1760124461918,TEXT,980,200,9
1760124461919,LEAVE,980,200,9
1760124461919,TEXT,980,200,9
1760124461919,TEXT,979,200,9
1760124461919,TEXT,979,200,9
1760124461919,TEXT,979,200,9
1760124461919,TEXT,979,200,9
1760124461919,TEXT,979,200,9
1760124461919,LEAVE,979,200,9
1760124461919,TEXT,979,200,9
1760124461919,TEXT,979,200,9
1760124461919,TEXT,979,200,9
1760124461919,TEXT,979,200,9
1760124461919,TEXT,979,200,9
1760124461920,TEXT,978,200,9
1760124461920,TEXT,978,200,9
1760124461920,TEXT,978,200,9
1760124461921,LEAVE,978,200,9
1760124461921,TEXT,977,200,9
1760124461921,TEXT,977,200,9
1760124461921,TEXT,977,200,9
1760124461921,TEXT,977,200,9
1760124461922,TEXT,976,200,9
1760124461922,JOIN,976,200,9
1760124461922,TEXT,976,200,9
1760124461922,TEXT,976,200,9
1760124461923,TEXT,975,200,9
1760124461923,TEXT,975,200,9
1760124461923,JOIN,975,200,9
1760124461923,TEXT,975,200,9
1760124461923,TEXT,975,200,9
1760124461923,TEXT,975,200,9
1760124461923,TEXT,975,200,9
1760124461923,TEXT,975,200,9
1760124461891,TEXT,1023,200,10
1760124461891,TEXT,1023,200,10
1760124461891,LEAVE,1023,200,10
1760124461891,TEXT,1023,200,10
1760124461891,TEXT,1022,200,10
1760124461891,TEXT,1022,200,10
1760124461895,TEXT,1019,200,10
1760124461895,TEXT,1019,200,10
1760124461895,LEAVE,1019,200,10
1760124461895,TEXT,1019,200,10
1760124461895,TEXT,1019,200,10
1760124461895,TEXT,1019,200,10
1760124461895,TEXT,1019,200,10
1760124461895,TEXT,1019,200,10
1760124461895,TEXT,1018,200,10
1760124461895,TEXT,1018,200,10
1760124461895,TEXT,1018,200,10
1760124461896,TEXT,1018,200,10
1760124461896,TEXT,1018,200,10
1760124461896,TEXT,1018,200,10
1760124461896,TEXT,1018,200,10
1760124461896,TEXT,1018,200,10
1760124461896,TEXT,1018,200,10
1760124461896,TEXT,1018,200,10
1760124461896,JOIN,1018,200,10
1760124461896,TEXT,1018,200,10
1760124461896,TEXT,1017,200,10
1760124461897,TEXT,1017,200,10
1760124461897,TEXT,1017,200,10
1760124461897,JOIN,1017,200,10
1760124461897,JOIN,1017,200,10
1760124461897,TEXT,1017,200,10
1760124461897,TEXT,1016,200,10
1760124461898,LEAVE,1016,200,10
1760124461898,TEXT,1016,200,10
1760124461898,TEXT,1016,200,10
1760124461898,TEXT,1016,200,10
1760124461898,TEXT,1016,200,10
1760124461898,TEXT,1016,200,10
1760124461898,TEXT,1016,200,10
1760124461898,TEXT,1016,200,10
1760124461898,TEXT,1016,200,10
1760124461898,TEXT,1015,200,10
1760124461900,TEXT,1014,200,10
1760124461901,TEXT,1013,200,10
1760124461901,TEXT,1013,200,10
1760124461902,LEAVE,1012,200,10
1760124461903,TEXT,1011,200,10
1760124461903,LEAVE,1011,200,10
1760124461903,TEXT,1011,200,10
1760124461905,TEXT,1009,200,10
1760124461905,LEAVE,1009,200,10
1760124461905,TEXT,1008,200,10
1760124461908,TEXT,1005,200,10
1760124461909,TEXT,1005,200,10
1760124461910,TEXT,1004,200,10
1760124461910,TEXT,1004,200,10
1760124461910,TEXT,1004,200,10
1760124461910,TEXT,1004,200,10
1760124461913,TEXT,1001,200,10
1760124461913,TEXT,1001,200,10
1760124461913,JOIN,1000,200,10
1760124461913,LEAVE,1000,200,10
1760124461913,TEXT,1000,200,10
1760124461914,TEXT,1000,200,10
1760124461914,TEXT,1000,200,10
1760124461914,TEXT,1000,200,10
1760124461914,TEXT,1000,200,10
1760124461914,TEXT,1000,200,10
1760124461914,TEXT,1000,200,10
1760124461914,TEXT,1000,200,10
1760124461914,TEXT,1000,200,10
1760124461914,TEXT,999,200,10
1760124461915,TEXT,999,200,10
1760124461915,TEXT,999,200,10
1760124461915,TEXT,998,200,10
1760124461916,TEXT,998,200,10
1760124461916,TEXT,998,200,10
1760124461916,TEXT,997,200,10
1760124461917,TEXT,997,200,10
1760124461918,JOIN,996,200,10
1760124461918,TEXT,996,200,10
1760124461918,TEXT,996,200,10
1760124461918,LEAVE,996,200,10
1760124461918,LEAVE,996,200,10
1760124461918,TEXT,996,200,10
1760124461918,LEAVE,996,200,10
1760124461918,TEXT,995,200,10
1760124461919,TEXT,995,200,10
1760124461919,TEXT,995,200,10
1760124461919,TEXT,995,200,10
1760124461919,TEXT,995,200,10
1760124461919,TEXT,995,200,10
1760124461919,TEXT,995,200,10
1760124461919,TEXT,995,200,10
1760124461919,TEXT,995,200,10
1760124461919,LEAVE,995,200,10
1760124461919,JOIN,995,200,10
1760124461920,TEXT,994,200,10
1760124461920,TEXT,994,200,10
1760124461920,TEXT,994,200,10
1760124461921,LEAVE,993,200,10
1760124461921,TEXT,993,200,10
1760124461921,TEXT,993,200,10
1760124461921,TEXT,993,200,10
1760124461921,TEXT,993,200,10
1760124461922,TEXT,992,200,10
1760124461922,TEXT,992,200,10
1760124461922,LEAVE,991,200,10
1760124461922,TEXT,991,200,10
1760124461923,TEXT,991,200,10
1760124461923,TEXT,991,200,10
1760124461923,TEXT,991,200,10
1760124461923,TEXT,991,200,10
1760124461923,TEXT,991,200,10
1760124461923,LEAVE,991,200,10
1760124461923,TEXT,991,200,10
1760124461923,TEXT,991,200,10
1760124461923,TEXT,991,200,10
1760124461924,TEXT,990,200,10
1760124461924,TEXT,990,200,10
1760124461924,TEXT,990,200,10
1760124461924,TEXT,990,200,10
1760124461924,JOIN,990,200,10
1760124461924,TEXT,990,200,10
1760124461924,TEXT,989,200,10
1760124461924,TEXT,989,200,10
1760124461925,TEXT,989,200,10
1760124461925,TEXT,989,200,10
1760124461925,TEXT,989,200,10
1760124461925,TEXT,989,200,10
1760124461925,TEXT,989,200,10
1760124461925,TEXT,989,200,10
1760124461925,TEXT,989,200,10
1760124461925,TEXT,989,200,10
1760124461925,TEXT,989,200,10
1760124461925,TEXT,988,200,10
1760124461926,TEXT,988,200,10
1760124461926,TEXT,988,200,10
1760124461926,TEXT,988,200,10
1760124461926,TEXT,988,200,10
1760124461926,TEXT,988,200,10
1760124461926,TEXT,988,200,10
1760124461926,TEXT,988,200,10
1760124461926,TEXT,988,200,10
1760124461926,TEXT,988,200,10
1760124461926,TEXT,988,200,10
1760124461926,TEXT,988,200,10
1760124461926,TEXT,988,200,10
1760124461926,TEXT,988,200,10
1760124461927,TEXT,987,200,10
1760124461927,TEXT,987,200,10
1760124461927,TEXT,987,200,10
1760124461927,TEXT,987,200,10
1760124461927,TEXT,987,200,10
1760124461927,TEXT,987,200,10
1760124461927,LEAVE,987,200,10
1760124461927,TEXT,987,200,10
1760124461927,TEXT,987,200,10
1760124461927,TEXT,987,200,10
1760124461927,TEXT,987,200,10
1760124461928,TEXT,986,200,10
1760124461928,TEXT,986,200,10
1760124461928,TEXT,986,200,10
1760124461929,TEXT,985,200,10
1760124461929,TEXT,985,200,10
1760124461929,TEXT,985,200,10
1760124461929,TEXT,985,200,10
1760124461929,TEXT,985,200,10
1760124461929,TEXT,985,200,10
1760124461929,TEXT,985,200,10
1760124461929,JOIN,985,200,10
1760124461929,TEXT,985,200,10
1760124461929,LEAVE,985,200,10
1760124461929,TEXT,985,200,10
1760124461929,TEXT,985,200,10
1760124461930,LEAVE,985,200,10
1760124461930,TEXT,984,200,10
1760124461930,TEXT,984,200,10
1760124461930,LEAVE,984,200,10
1760124461930,TEXT,984,200,10
1760124461930,TEXT,984,200,10
1760124461930,TEXT,984,200,10
1760124461930,TEXT,984,200,10
1760124461930,TEXT,984,200,10
1760124461931,TEXT,983,200,10
1760124461931,TEXT,983,200,10
1760124461931,TEXT,983,200,10
1760124461931,TEXT,983,200,10
1760124461932,TEXT,982,200,10
1760124461932,TEXT,982,200,10
1760124461933,TEXT,981,200,10
1760124461921,TEXT,1078,200,2
1760124461921,LEAVE,1077,200,2
1760124461922,TEXT,1076,200,2
1760124461923,TEXT,1076,200,2
1760124461923,TEXT,1076,200,2
1760124461923,TEXT,1076,200,2
1760124461923,TEXT,1076,200,2
1760124461923,TEXT,1075,200,2
1760124461923,TEXT,1075,200,2
1760124461923,TEXT,1075,200,2
1760124461923,TEXT,1075,200,2
1760124461923,TEXT,1075,200,2
1760124461923,TEXT,1075,200,2
1760124461923,TEXT,1075,200,2
1760124461923,TEXT,1075,200,2
1760124461923,TEXT,1075,200,2
1760124461923,TEXT,1075,200,2
1760124461923,TEXT,1075,200,2
1760124461924,TEXT,1074,200,2
1760124461924,TEXT,1074,200,2
1760124461925,TEXT,1074,200,2
1760124461925,TEXT,1073,200,2
1760124461925,TEXT,1073,200,2
1760124461925,TEXT,1073,200,2
1760124461925,TEXT,1073,200,2
1760124461926,LEAVE,1073,200,2
1760124461926,TEXT,1072,200,2
1760124461926,TEXT,1072,200,2
1760124461926,TEXT,1072,200,2
1760124461926,TEXT,1072,200,2
1760124461926,TEXT,1072,200,2
1760124461926,TEXT,1072,200,2
1760124461927,TEXT,1072,200,2
1760124461927,TEXT,1072,200,2
1760124461927,JOIN,1071,200,2
1760124461927,TEXT,1071,200,2
1760124461927,TEXT,1071,200,2
1760124461927,TEXT,1071,200,2
1760124461928,TEXT,1071,200,2
1760124461928,TEXT,1070,200,2
1760124461929,TEXT,1070,200,2
1760124461929,TEXT,1070,200,2
1760124461929,TEXT,1070,200,2
1760124461929,TEXT,1070,200,2
1760124461929,TEXT,1069,200,2
1760124461929,TEXT,1069,200,2
1760124461929,TEXT,1069,200,2
1760124461929,TEXT,1069,200,2
1760124461929,JOIN,1069,200,2
1760124461929,TEXT,1069,200,2
1760124461929,TEXT,1069,200,2
1760124461929,TEXT,1069,200,2
1760124461930,TEXT,1069,200,2
1760124461930,TEXT,1069,200,2
1760124461930,TEXT,1068,200,2
1760124461931,TEXT,1067,200,2
1760124461931,TEXT,1067,200,2
1760124461931,TEXT,1067,200,2
1760124461932,TEXT,1067,200,2
1760124461932,TEXT,1066,200,2
1760124461936,TEXT,1063,200,2
1760124461936,JOIN,1062,200,2
1760124461936,TEXT,1062,200,2
1760124461940,TEXT,1059,200,2
1760124461940,TEXT,1059,200,2
1760124461940,TEXT,1058,200,2
1760124461940,TEXT,1058,200,2
1760124461940,LEAVE,1058,200,2
1760124461940,TEXT,1058,200,2
1760124461941,TEXT,1058,200,2
1760124461941,TEXT,1057,200,2
1760124461941,TEXT,1057,200,2
1760124461941,TEXT,1057,200,2
1760124461941,TEXT,1057,200,2
1760124461942,TEXT,1057,200,2
1760124461942,JOIN,1056,200,2
1760124461942,LEAVE,1056,200,2
1760124461942,TEXT,1056,200,2
1760124461942,LEAVE,1056,200,2
1760124461943,JOIN,1056,200,2
1760124461943,TEXT,1056,200,2
1760124461943,TEXT,1056,200,2
1760124461943,TEXT,1056,200,2
1760124461944,TEXT,1055,200,2
1760124461919,LEAVE,1081,200,7
1760124461919,TEXT,1081,200,7
1760124461919,TEXT,1081,200,7
1760124461919,TEXT,1080,200,7
1760124461919,TEXT,1080,200,7
1760124461919,TEXT,1080,200,7
1760124461920,TEXT,1079,200,7
1760124461920,TEXT,1079,200,7
1760124461921,JOIN,1078,200,7
1760124461921,TEXT,1078,200,7
1760124461922,TEXT,1077,200,7
1760124461922,TEXT,1077,200,7
1760124461922,TEXT,1077,200,7
1760124461922,TEXT,1077,200,7
1760124461922,TEXT,1077,200,7
1760124461923,TEXT,1077,200,7
1760124461923,LEAVE,1077,200,7
1760124461923,TEXT,1077,200,7
1760124461923,TEXT,1077,200,7
1760124461923,TEXT,1077,200,7
1760124461923,TEXT,1077,200,7
1760124461923,TEXT,1077,200,7
1760124461923,TEXT,1076,200,7
1760124461923,TEXT,1076,200,7
1760124461923,TEXT,1076,200,7
1760124461923,TEXT,1076,200,7
1760124461923,TEXT,1076,200,7
1760124461923,TEXT,1076,200,7
1760124461923,TEXT,1076,200,7
1760124461923,TEXT,1076,200,7
1760124461923,TEXT,1076,200,7
1760124461923,TEXT,1076,200,7
1760124461924,TEXT,1076,200,7
1760124461924,TEXT,1076,200,7
1760124461924,TEXT,1076,200,7
1760124461924,TEXT,1076,200,7
1760124461924,TEXT,1075,200,7
1760124461924,TEXT,1075,200,7
1760124461924,TEXT,1075,200,7
1760124461925,TEXT,1075,200,7
1760124461925,JOIN,1075,200,7
1760124461925,TEXT,1075,200,7
1760124461925,TEXT,1075,200,7
1760124461925,TEXT,1075,200,7
1760124461925,TEXT,1074,200,7
1760124461925,TEXT,1074,200,7
1760124461925,JOIN,1074,200,7
1760124461925,TEXT,1074,200,7
1760124461925,TEXT,1074,200,7
1760124461925,TEXT,1074,200,7
1760124461925,LEAVE,1074,200,7
1760124461926,TEXT,1074,200,7
1760124461926,TEXT,1074,200,7
1760124461926,TEXT,1074,200,7
1760124461926,TEXT,1074,200,7
1760124461926,TEXT,1073,200,7
1760124461926,TEXT,1073,200,7
1760124461926,TEXT,1073,200,7
1760124461926,TEXT,1073,200,7
1760124461926,TEXT,1073,200,7
1760124461927,TEXT,1073,200,7
1760124461927,TEXT,1073,200,7
1760124461927,TEXT,1073,200,7
1760124461927,TEXT,1073,200,7
1760124461927,TEXT,1072,200,7
1760124461927,TEXT,1072,200,7
1760124461927,TEXT,1072,200,7
1760124461927,TEXT,1072,200,7
1760124461927,LEAVE,1072,200,7
1760124461927,TEXT,1072,200,7
1760124461927,TEXT,1072,200,7
1760124461928,TEXT,1072,200,7
1760124461928,TEXT,1072,200,7
1760124461928,TEXT,1072,200,7
1760124461928,TEXT,1072,200,7
1760124461928,TEXT,1071,200,7
1760124461929,JOIN,1071,200,7
1760124461929,TEXT,1071,200,7
1760124461929,JOIN,1071,200,7
1760124461929,TEXT,1071,200,7
1760124461930,LEAVE,1070,200,7
1760124461930,TEXT,1070,200,7
1760124461930,LEAVE,1070,200,7
1760124461930,JOIN,1070,200,7
1760124461930,TEXT,1070,200,7
1760124461931,TEXT,1069,200,7
1760124461931,TEXT,1069,200,7
1760124461931,TEXT,1069,200,7
1760124461931,TEXT,1069,200,7
1760124461943,TEXT,1061,200,15
1760124461943,TEXT,1061,200,15
1760124461943,TEXT,1061,200,15
1760124461944,TEXT,1060,200,15
1760124461944,TEXT,1060,200,15
1760124461944,TEXT,1060,200,15
1760124461944,TEXT,1060,200,15
1760124461945,TEXT,1059,200,15
1760124461945,TEXT,1059,200,15
1760124461945,TEXT,1059,200,15
1760124461945,TEXT,1059,200,15
1760124461945,TEXT,1059,200,15
1760124461945,TEXT,1059,200,15
1760124461946,TEXT,1059,200,15
1760124461946,TEXT,1058,200,15
1760124461946,TEXT,1058,200,15
1760124461946,TEXT,1058,200,15
1760124461947,TEXT,1058,200,15
1760124461947,TEXT,1058,200,15
1760124461947,TEXT,1057,200,15
1760124461947,TEXT,1057,200,15
1760124461948,TEXT,1056,200,15
1760124461948,TEXT,1056,200,15
1760124461949,TEXT,1055,200,15
1760124461949,TEXT,1055,200,15
1760124461949,TEXT,1055,200,15
1760124461949,TEXT,1055,200,15
1760124461949,TEXT,1055,200,15
1760124461949,LEAVE,1055,200,15
1760124461949,TEXT,1055,200,15
1760124461949,TEXT,1055,200,15
1760124461949,TEXT,1055,200,15
1760124461951,TEXT,1053,200,15
1760124461951,TEXT,1053,200,15
1760124461953,TEXT,1051,200,15
1760124461953,TEXT,1051,200,15
1760124461953,TEXT,1051,200,15
1760124461953,TEXT,1051,200,15
1760124461953,TEXT,1051,200,15
1760124461954,TEXT,1051,200,15
1760124461954,TEXT,1050,200,15
1760124461954,TEXT,1050,200,15
1760124461954,TEXT,1050,200,15
1760124461954,TEXT,1050,200,15
1760124461954,TEXT,1050,200,15
1760124461954,TEXT,1050,200,15
1760124461954,LEAVE,1050,200,15
1760124461954,LEAVE,1050,200,15
1760124461954,TEXT,1050,200,15
1760124461955,TEXT,1050,200,15
1760124461955,TEXT,1050,200,15
1760124461958,TEXT,1046,200,15
1760124461958,TEXT,1046,200,15
1760124461958,TEXT,1046,200,15
1760124461959,TEXT,1045,200,15
1760124461960,TEXT,1045,200,15
1760124461960,TEXT,1045,200,15
1760124461960,TEXT,1045,200,15
1760124461960,TEXT,1044,200,15
1760124461960,TEXT,1044,200,15
1760124461961,TEXT,1044,200,15
1760124461961,TEXT,1043,200,15
1760124461961,TEXT,1043,200,15
1760124461962,TEXT,1042,200,15
1760124461962,TEXT,1042,200,15
1760124461962,TEXT,1042,200,15
1760124461962,TEXT,1042,200,15
1760124461962,TEXT,1042,200,15
1760124461962,TEXT,1042,200,15
1760124461962,TEXT,1042,200,15
1760124461962,TEXT,1042,200,15
1760124461962,TEXT,1042,200,15
1760124461962,TEXT,1042,200,15
1760124461962,TEXT,1042,200,15
1760124461963,TEXT,1042,200,15
1760124461963,TEXT,1042,200,15
1760124461963,TEXT,1042,200,15
1760124461963,TEXT,1041,200,15
1760124461963,TEXT,1041,200,15
1760124461963,TEXT,1041,200,15
1760124461963,TEXT,1041,200,15
1760124461963,JOIN,1041,200,15
1760124461963,TEXT,1041,200,15
1760124461963,TEXT,1041,200,15
1760124461963,TEXT,1041,200,15
1760124461963,TEXT,1041,200,15
1760124461963,LEAVE,1041,200,15
1760124461963,TEXT,1041,200,15
1760124461964,TEXT,1041,200,15
1760124461964,TEXT,1041,200,15
1760124461964,TEXT,1040,200,15
1760124461964,TEXT,1040,200,15
1760124461964,TEXT,1040,200,15
1760124461964,TEXT,1040,200,15
1760124461964,TEXT,1040,200,15
1760124461964,TEXT,1040,200,15
1760124461965,LEAVE,1040,200,15
1760124461965,TEXT,1040,200,15
1760124461965,TEXT,1040,200,15
1760124461965,TEXT,1040,200,15
1760124461965,TEXT,1040,200,15
1760124461965,TEXT,1040,200,15
1760124461922,TEXT,1112,200,20
1760124461922,TEXT,1112,200,20
1760124461922,JOIN,1112,200,20
1760124461923,TEXT,1111,200,20
1760124461923,LEAVE,1111,200,20
1760124461923,TEXT,1111,200,20
1760124461923,TEXT,1111,200,20
1760124461923,TEXT,1111,200,20
1760124461923,TEXT,1111,200,20
1760124461923,TEXT,1111,200,20
1760124461923,TEXT,1111,200,20
1760124461923,TEXT,1111,200,20
1760124461923,TEXT,1111,200,20
1760124461923,TEXT,1111,200,20
1760124461923,TEXT,1111,200,20
1760124461923,TEXT,1111,200,20
1760124461923,TEXT,1111,200,20
1760124461924,TEXT,1111,200,20
1760124461924,TEXT,1111,200,20
1760124461924,TEXT,1110,200,20
1760124461924,TEXT,1110,200,20
1760124461924,TEXT,1110,200,20
1760124461924,TEXT,1110,200,20
1760124461924,LEAVE,1110,200,20
1760124461924,TEXT,1110,200,20
1760124461925,TEXT,1110,200,20
1760124461925,TEXT,1110,200,20
1760124461925,TEXT,1109,200,20
1760124461925,TEXT,1109,200,20
1760124461925,TEXT,1109,200,20
1760124461925,TEXT,1109,200,20
1760124461925,TEXT,1109,200,20
1760124461926,TEXT,1109,200,20
1760124461926,TEXT,1109,200,20
1760124461926,TEXT,1109,200,20
1760124461926,TEXT,1109,200,20
1760124461926,TEXT,1108,200,20
1760124461926,TEXT,1108,200,20
1760124461926,TEXT,1108,200,20
1760124461926,TEXT,1108,200,20
1760124461927,TEXT,1108,200,20
1760124461927,TEXT,1108,200,20
1760124461927,TEXT,1108,200,20
1760124461927,TEXT,1108,200,20
1760124461927,JOIN,1107,200,20
1760124461927,JOIN,1107,200,20
1760124461927,TEXT,1107,200,20
1760124461927,TEXT,1107,200,20
1760124461927,TEXT,1107,200,20
1760124461928,TEXT,1107,200,20
1760124461928,TEXT,1106,200,20
1760124461929,TEXT,1106,200,20
1760124461929,TEXT,1106,200,20
1760124461929,TEXT,1106,200,20
1760124461929,TEXT,1106,200,20
1760124461929,TEXT,1105,200,20
1760124461929,TEXT,1105,200,20
1760124461929,TEXT,1105,200,20
1760124461929,TEXT,1105,200,20
1760124461929,TEXT,1105,200,20
1760124461929,TEXT,1105,200,20
1760124461929,TEXT,1105,200,20
1760124461929,TEXT,1105,200,20
1760124461929,TEXT,1105,200,20
1760124461929,TEXT,1105,200,20
1760124461930,JOIN,1105,200,20
1760124461930,TEXT,1105,200,20
1760124461930,LEAVE,1105,200,20
1760124461930,TEXT,1105,200,20
1760124461930,TEXT,1105,200,20
1760124461930,TEXT,1104,200,20
1760124461930,TEXT,1104,200,20
1760124461930,TEXT,1104,200,20
1760124461930,TEXT,1104,200,20
1760124461930,TEXT,1104,200,20
1760124461931,TEXT,1104,200,20
1760124461931,TEXT,1104,200,20
1760124461931,TEXT,1103,200,20
1760124461931,TEXT,1103,200,20
1760124461931,TEXT,1103,200,20
1760124461931,TEXT,1103,200,20
1760124461932,TEXT,1103,200,20
1760124461932,TEXT,1102,200,20
1760124461932,TEXT,1102,200,20
1760124461936,TEXT,1099,200,20
1760124461936,TEXT,1098,200,20
1760124461936,TEXT,1098,200,20
1760124461936,TEXT,1098,200,20
1760124461936,TEXT,1098,200,20
1760124461940,JOIN,1095,200,20
1760124461924,TEXT,1120,200,5
1760124461924,TEXT,1120,200,5
1760124461924,TEXT,1120,200,5
1760124461924,TEXT,1120,200,5
1760124461924,TEXT,1120,200,5
1760124461924,TEXT,1120,200,5
1760124461924,TEXT,1120,200,5
1760124461924,TEXT,1120,200,5
1760124461925,TEXT,1119,200,5
1760124461925,TEXT,1119,200,5
1760124461925,TEXT,1119,200,5
1760124461925,TEXT,1119,200,5
1760124461925,TEXT,1119,200,5
1760124461925,TEXT,1118,200,5
1760124461925,TEXT,1118,200,5
1760124461925,TEXT,1118,200,5
1760124461925,TEXT,1118,200,5
1760124461925,TEXT,1118,200,5
1760124461926,TEXT,1118,200,5
1760124461926,TEXT,1118,200,5
1760124461926,TEXT,1118,200,5
1760124461926,LEAVE,1118,200,5
1760124461926,TEXT,1117,200,5
1760124461926,TEXT,1117,200,5
1760124461926,TEXT,1117,200,5
1760124461926,TEXT,1117,200,5
1760124461926,TEXT,1117,200,5
1760124461927,TEXT,1117,200,5
1760124461927,TEXT,1117,200,5
1760124461927,TEXT,1117,200,5
1760124461927,TEXT,1117,200,5
1760124461927,TEXT,1117,200,5
1760124461927,JOIN,1116,200,5
1760124461928,TEXT,1116,200,5
1760124461928,TEXT,1116,200,5
1760124461928,TEXT,1115,200,5
1760124461929,TEXT,1115,200,5
1760124461929,TEXT,1115,200,5
1760124461929,TEXT,1114,200,5
1760124461929,TEXT,1114,200,5
1760124461930,TEXT,1114,200,5
1760124461930,TEXT,1114,200,5
1760124461930,TEXT,1114,200,5
1760124461930,TEXT,1114,200,5
1760124461930,TEXT,1113,200,5
1760124461931,TEXT,1113,200,5
1760124461931,TEXT,1113,200,5
1760124461931,LEAVE,1112,200,5
1760124461932,TEXT,1112,200,5
1760124461932,TEXT,1112,200,5
1760124461932,TEXT,1112,200,5
1760124461932,TEXT,1111,200,5
1760124461933,JOIN,1111,200,5
1760124461933,TEXT,1110,200,5
1760124461936,TEXT,1108,200,5
1760124461936,TEXT,1108,200,5
1760124461936,TEXT,1108,200,5
1760124461940,TEXT,1104,200,5
1760124461940,TEXT,1104,200,5
1760124461940,TEXT,1103,200,5
1760124461940,LEAVE,1103,200,5
1760124461941,TEXT,1103,200,5
1760124461941,TEXT,1103,200,5
1760124461941,LEAVE,1103,200,5
1760124461941,TEXT,1102,200,5
1760124461941,TEXT,1102,200,5
1760124461941,TEXT,1102,200,5
1760124461941,TEXT,1102,200,5
1760124461941,TEXT,1102,200,5
1760124461941,LEAVE,1102,200,5
1760124461941,TEXT,1102,200,5
1760124461941,LEAVE,1102,200,5
1760124461942,TEXT,1102,200,5
1760124461942,TEXT,1102,200,5
1760124461942,TEXT,1102,200,5
1760124461942,TEXT,1102,200,5
1760124461942,TEXT,1102,200,5
1760124461942,TEXT,1101,200,5
1760124461942,TEXT,1101,200,5
1760124461942,TEXT,1101,200,5
1760124461942,TEXT,1101,200,5
1760124461942,TEXT,1101,200,5
1760124461942,TEXT,1101,200,5
1760124461943,TEXT,1101,200,5
1760124461943,TEXT,1101,200,5
1760124461943,TEXT,1101,200,5
1760124461943,TEXT,1101,200,5
1760124461944,TEXT,1100,200,5
1760124461944,TEXT,1100,200,5
1760124461944,TEXT,1099,200,5
1760124461944,TEXT,1099,200,5
1760124461945,TEXT,1099,200,5
1760124461945,TEXT,1099,200,5
1760124461945,TEXT,1099,200,5
1760124461945,JOIN,1099,200,5
1760124461945,TEXT,1098,200,5
1760124461945,LEAVE,1098,200,5
1760124461945,TEXT,1098,200,5
1760124461945,TEXT,1098,200,5
1760124461946,TEXT,1098,200,5
1760124461946,JOIN,1098,200,5
1760124461946,TEXT,1098,200,5
1760124461926,TEXT,1123,200,13
1760124461926,TEXT,1123,200,13
1760124461923,TEXT,1126,200,8
1760124461923,TEXT,1126,200,8
1760124461923,TEXT,1126,200,8
1760124461923,TEXT,1126,200,8
1760124461923,TEXT,1126,200,8
1760124461923,TEXT,1126,200,8
1760124461923,TEXT,1126,200,8
1760124461923,TEXT,1126,200,8
1760124461923,TEXT,1126,200,8
1760124461923,TEXT,1126,200,8
1760124461923,TEXT,1126,200,8
1760124461923,TEXT,1126,200,8
1760124461923,TEXT,1126,200,8
1760124461923,TEXT,1126,200,8
1760124461923,TEXT,1126,200,8
1760124461924,TEXT,1125,200,8
1760124461924,TEXT,1125,200,8
1760124461924,TEXT,1125,200,8
1760124461924,TEXT,1125,200,8
1760124461926,TEXT,1123,200,13
1760124461924,TEXT,1125,200,8
1760124461927,TEXT,1122,200,13
1760124461924,TEXT,1125,200,8
1760124461927,LEAVE,1122,200,13
1760124461924,TEXT,1125,200,8
1760124461924,TEXT,1125,200,8
1760124461927,TEXT,1122,200,13
1760124461924,TEXT,1125,200,8
1760124461928,TEXT,1122,200,13
1760124461924,TEXT,1125,200,8
1760124461929,TEXT,1120,200,13
1760124461924,TEXT,1125,200,8
1760124461929,TEXT,1120,200,13
1760124461925,TEXT,1124,200,8
1760124461929,TEXT,1120,200,13
1760124461925,TEXT,1124,200,8
1760124461929,TEXT,1120,200,13
1760124461925,TEXT,1124,200,8
1760124461929,TEXT,1120,200,13
1760124461925,TEXT,1124,200,8
1760124461929,LEAVE,1120,200,13
1760124461925,TEXT,1124,200,8
1760124461929,TEXT,1120,200,13
1760124461925,TEXT,1124,200,8
1760124461929,TEXT,1120,200,13
1760124461925,TEXT,1124,200,8
1760124461929,TEXT,1120,200,13
1760124461925,TEXT,1124,200,8
1760124461929,TEXT,1120,200,13
1760124461925,TEXT,1124,200,8
1760124461929,JOIN,1120,200,13
1760124461925,TEXT,1124,200,8
1760124461929,TEXT,1120,200,13
1760124461925,JOIN,1124,200,8
1760124461929,TEXT,1120,200,13
1760124461926,TEXT,1123,200,8
1760124461930,TEXT,1120,200,13
1760124461926,TEXT,1123,200,8
1760124461930,TEXT,1120,200,13
1760124461926,LEAVE,1123,200,8
1760124461930,TEXT,1119,200,13
1760124461926,TEXT,1123,200,8
1760124461930,TEXT,1119,200,13
1760124461926,JOIN,1123,200,8
1760124461930,TEXT,1119,200,13
1760124461926,TEXT,1123,200,8
1760124461926,TEXT,1123,200,8
1760124461930,TEXT,1119,200,13
1760124461930,TEXT,1119,200,13
1760124461926,TEXT,1123,200,8
1760124461930,TEXT,1119,200,13
1760124461926,TEXT,1123,200,8
1760124461930,TEXT,1119,200,13
1760124461927,TEXT,1123,200,8
1760124461930,TEXT,1119,200,13
1760124461927,TEXT,1122,200,8
1760124461931,TEXT,1119,200,13
1760124461927,TEXT,1122,200,8
1760124461931,TEXT,1118,200,13
1760124461931,TEXT,1118,200,13
1760124461931,TEXT,1118,200,13
1760124461931,TEXT,1118,200,13
1760124461932,JOIN,1118,200,13
1760124461932,TEXT,1118,200,13
1760124461932,TEXT,1117,200,13
1760124461927,TEXT,1122,200,8
1760124461932,TEXT,1117,200,13
1760124461927,TEXT,1122,200,8
1760124461932,TEXT,1117,200,13
1760124461927,TEXT,1122,200,8
1760124461932,LEAVE,1117,200,13
1760124461927,TEXT,1122,200,8
1760124461932,JOIN,1117,200,13
1760124461927,TEXT,1122,200,8
1760124461932,TEXT,1117,200,13
1760124461927,TEXT,1122,200,8
1760124461933,TEXT,1116,200,13
1760124461928,TEXT,1122,200,8
1760124461936,LEAVE,1114,200,13
1760124461928,TEXT,1121,200,8
1760124461936,TEXT,1113,200,13
1760124461928,TEXT,1121,200,8
1760124461936,TEXT,1113,200,13
1760124461928,TEXT,1121,200,8
1760124461936,TEXT,1113,200,13
1760124461929,TEXT,1121,200,8
1760124461936,TEXT,1113,200,13
1760124461929,TEXT,1121,200,8
1760124461936,TEXT,1113,200,13
1760124461929,TEXT,1120,200,8
1760124461940,TEXT,1109,200,13
1760124461929,TEXT,1120,200,8
1760124461941,TEXT,1108,200,13
1760124461929,LEAVE,1120,200,8
1760124461941,TEXT,1108,200,13
1760124461929,TEXT,1120,200,8
1760124461941,TEXT,1108,200,13
1760124461929,TEXT,1120,200,8
1760124461941,TEXT,1108,200,13
1760124461929,TEXT,1120,200,8
1760124461941,TEXT,1108,200,13
1760124461929,TEXT,1120,200,8
1760124461941,TEXT,1108,200,13
1760124461929,LEAVE,1120,200,8
1760124461941,TEXT,1108,200,13
1760124461929,TEXT,1120,200,8
1760124461941,TEXT,1108,200,13
1760124461929,TEXT,1120,200,8
1760124461941,TEXT,1108,200,13
1760124461929,TEXT,1120,200,8
1760124461942,TEXT,1108,200,13
1760124461930,TEXT,1120,200,8
1760124461942,TEXT,1107,200,13
1760124461930,TEXT,1120,200,8
1760124461942,TEXT,1107,200,13
1760124461942,TEXT,1107,200,13
1760124461942,TEXT,1107,200,13
1760124461930,TEXT,1120,200,8
1760124461930,TEXT,1120,200,8
1760124461930,TEXT,1120,200,8
1760124461930,TEXT,1120,200,8
1760124461930,TEXT,1120,200,8
1760124461930,TEXT,1119,200,8
1760124461930,TEXT,1119,200,8
1760124461930,TEXT,1119,200,8
1760124461930,TEXT,1119,200,8
1760124461931,TEXT,1119,200,8
1760124461931,TEXT,1119,200,8
1760124461931,TEXT,1118,200,8
1760124461931,TEXT,1118,200,8
1760124461932,TEXT,1118,200,8
1760124461932,TEXT,1118,200,8
1760124461932,TEXT,1117,200,8
1760124461932,TEXT,1117,200,8
1760124461936,TEXT,1114,200,8
1760124461936,TEXT,1113,200,8
1760124461936,TEXT,1113,200,8
1760124461936,TEXT,1113,200,8
1760124461936,TEXT,1113,200,8
1760124461940,JOIN,1110,200,8
1760124461940,TEXT,1110,200,8
1760124461940,TEXT,1110,200,8
1760124461924,TEXT,1130,200,3
1760124461924,TEXT,1130,200,3
1760124461925,LEAVE,1130,200,3
1760124461925,TEXT,1130,200,3
1760124461925,JOIN,1130,200,3
1760124461925,JOIN,1130,200,3
1760124461925,TEXT,1130,200,3
1760124461926,TEXT,1129,200,3
1760124461926,TEXT,1129,200,3
1760124461926,TEXT,1129,200,3
1760124461926,TEXT,1129,200,3
1760124461926,TEXT,1128,200,3
1760124461926,TEXT,1128,200,3
1760124461927,TEXT,1128,200,3
1760124461927,TEXT,1128,200,3
1760124461927,TEXT,1128,200,3
1760124461927,TEXT,1128,200,3
1760124461927,TEXT,1128,200,3
1760124461927,TEXT,1128,200,3
1760124461927,TEXT,1128,200,3
1760124461927,TEXT,1128,200,3
1760124461927,TEXT,1128,200,3
1760124461927,TEXT,1128,200,3
1760124461927,TEXT,1127,200,3
1760124461927,TEXT,1127,200,3
1760124461928,TEXT,1126,200,3
1760124461929,TEXT,1126,200,3
1760124461929,TEXT,1126,200,3
1760124461929,TEXT,1126,200,3
1760124461929,LEAVE,1126,200,3
1760124461929,LEAVE,1126,200,3
1760124461929,TEXT,1126,200,3
1760124461929,TEXT,1126,200,3
1760124461929,TEXT,1125,200,3
1760124461930,TEXT,1125,200,3
1760124461930,TEXT,1125,200,3
1760124461930,TEXT,1125,200,3
1760124461930,TEXT,1125,200,3
1760124461930,TEXT,1125,200,3
1760124461931,TEXT,1124,200,3
1760124461931,TEXT,1124,200,3
1760124461931,TEXT,1124,200,3
1760124461931,TEXT,1124,200,3
1760124461931,TEXT,1124,200,3
1760124461931,TEXT,1123,200,3
1760124461931,TEXT,1123,200,3
1760124461931,TEXT,1123,200,3
1760124461932,LEAVE,1123,200,3
1760124461932,TEXT,1123,200,3
1760124461932,TEXT,1123,200,3
1760124461933,TEXT,1122,200,3
1760124461933,TEXT,1122,200,3
1760124461936,TEXT,1119,200,3
1760124461936,TEXT,1119,200,3
1760124461936,TEXT,1119,200,3
1760124461936,TEXT,1119,200,3
1760124461936,TEXT,1119,200,3
1760124461940,TEXT,1114,200,3
1760124461941,TEXT,1114,200,3
1760124461941,TEXT,1114,200,3
1760124461941,TEXT,1114,200,3
1760124461941,TEXT,1114,200,3
1760124461941,TEXT,1114,200,3
1760124461941,TEXT,1114,200,3
1760124461941,JOIN,1114,200,3
1760124461941,TEXT,1114,200,3
1760124461941,TEXT,1114,200,3
1760124461942,TEXT,1113,200,3
1760124461942,TEXT,1113,200,3
1760124461942,JOIN,1113,200,3
1760124461942,TEXT,1113,200,3
1760124461942,TEXT,1113,200,3
1760124461942,TEXT,1113,200,3
1760124461942,TEXT,1113,200,3
1760124461942,TEXT,1113,200,3
1760124461942,TEXT,1113,200,3
1760124461943,TEXT,1112,200,3
1760124461943,TEXT,1112,200,3
1760124461943,TEXT,1112,200,3
1760124461944,TEXT,1111,200,3
1760124461944,TEXT,1111,200,3
1760124461944,TEXT,1111,200,3
1760124461944,TEXT,1111,200,3
1760124461944,TEXT,1111,200,3
1760124461944,JOIN,1111,200,3
1760124461944,TEXT,1111,200,3
1760124461944,TEXT,1111,200,3
1760124461945,TEXT,1110,200,3
1760124461945,TEXT,1110,200,3
1760124461945,TEXT,1110,200,3
1760124461945,TEXT,1110,200,3
1760124461945,TEXT,1110,200,3
1760124461946,LEAVE,1110,200,3
1760124461946,TEXT,1109,200,3
1760124461923,TEXT,1147,200,18
1760124461923,TEXT,1147,200,18
1760124461923,LEAVE,1147,200,18
1760124461923,LEAVE,1147,200,18
1760124461924,TEXT,1147,200,18
1760124461924,TEXT,1147,200,18
1760124461924,TEXT,1147,200,18
1760124461924,TEXT,1147,200,18
1760124461924,TEXT,1146,200,18
1760124461924,TEXT,1146,200,18
1760124461925,TEXT,1146,200,18
1760124461925,TEXT,1146,200,18
1760124461925,TEXT,1146,200,18
1760124461925,LEAVE,1146,200,18
1760124461925,TEXT,1146,200,18
1760124461925,TEXT,1146,200,18
1760124461925,TEXT,1146,200,18
1760124461925,TEXT,1146,200,18
1760124461925,TEXT,1146,200,18
1760124461925,LEAVE,1146,200,18
1760124461925,TEXT,1146,200,18
1760124461925,TEXT,1146,200,18
1760124461925,TEXT,1145,200,18
1760124461925,TEXT,1145,200,18
1760124461925,TEXT,1145,200,18
1760124461925,TEXT,1145,200,18
1760124461926,TEXT,1145,200,18
1760124461926,TEXT,1145,200,18
1760124461926,TEXT,1145,200,18
1760124461926,LEAVE,1145,200,18
1760124461926,TEXT,1145,200,18
1760124461926,TEXT,1145,200,18
1760124461926,TEXT,1145,200,18
1760124461926,TEXT,1144,200,18
1760124461927,TEXT,1144,200,18
1760124461927,TEXT,1144,200,18
1760124461927,TEXT,1144,200,18
1760124461927,TEXT,1144,200,18
1760124461927,TEXT,1144,200,18
1760124461927,TEXT,1144,200,18
1760124461927,TEXT,1143,200,18
1760124461927,TEXT,1143,200,18
1760124461928,TEXT,1143,200,18
1760124461928,TEXT,1143,200,18
1760124461928,TEXT,1143,200,18
1760124461928,TEXT,1143,200,18
1760124461929,TEXT,1142,200,18
1760124461929,TEXT,1142,200,18
1760124461929,TEXT,1142,200,18
1760124461929,TEXT,1142,200,18
1760124461929,TEXT,1142,200,18
1760124461929,TEXT,1142,200,18
1760124461929,TEXT,1142,200,18
1760124461929,TEXT,1142,200,18
1760124461929,TEXT,1142,200,18
1760124461929,TEXT,1142,200,18
1760124461929,TEXT,1142,200,18
1760124461929,JOIN,1142,200,18
1760124461930,TEXT,1141,200,18
1760124461930,TEXT,1141,200,18
1760124461930,TEXT,1141,200,18
1760124461930,TEXT,1141,200,18
1760124461930,TEXT,1141,200,18
1760124461930,TEXT,1141,200,18
1760124461930,TEXT,1141,200,18
1760124461930,TEXT,1141,200,18
1760124461931,TEXT,1140,200,18
1760124461931,TEXT,1140,200,18
1760124461931,TEXT,1140,200,18
1760124461931,TEXT,1140,200,18
1760124461931,TEXT,1140,200,18
1760124461931,TEXT,1140,200,18
1760124461932,TEXT,1139,200,18
1760124461932,TEXT,1139,200,18
1760124461932,TEXT,1139,200,18
1760124461932,TEXT,1139,200,18
1760124461936,TEXT,1135,200,18
1760124461936,TEXT,1135,200,18
1760124461936,TEXT,1135,200,18
1760124461936,TEXT,1135,200,18
1760124461936,TEXT,1135,200,18
1760124461940,TEXT,1131,200,18
1760124461940,TEXT,1131,200,18
1760124461940,TEXT,1131,200,18
1760124461940,TEXT,1131,200,18
1760124461940,TEXT,1131,200,18
1760124461940,TEXT,1131,200,18
1760124461940,JOIN,1131,200,18
1760124461940,LEAVE,1131,200,18
1760124461940,TEXT,1131,200,18
1760124461940,TEXT,1131,200,18
1760124461940,TEXT,1131,200,18
1760124461941,JOIN,1130,200,18
1760124461941,TEXT,1132,200,11
1760124461941,TEXT,1132,200,11
1760124461941,TEXT,1132,200,11
1760124461942,TEXT,1132,200,11
1760124461942,TEXT,1132,200,11
1760124461942,JOIN,1131,200,11
1760124461942,TEXT,1131,200,11
1760124461942,TEXT,1131,200,11
1760124461943,TEXT,1131,200,11
1760124461944,TEXT,1130,200,11
1760124461944,TEXT,1130,200,11
1760124461944,TEXT,1130,200,11
1760124461944,TEXT,1130,200,11
1760124461944,TEXT,1129,200,11
1760124461944,TEXT,1129,200,11
1760124461945,TEXT,1129,200,11
1760124461945,TEXT,1128,200,11
1760124461945,TEXT,1128,200,11
1760124461946,TEXT,1128,200,11
1760124461946,JOIN,1128,200,11
1760124461946,TEXT,1127,200,11
1760124461947,TEXT,1127,200,11
1760124461947,TEXT,1127,200,11
1760124461947,TEXT,1127,200,11
1760124461947,TEXT,1126,200,11
1760124461947,TEXT,1126,200,11
1760124461947,TEXT,1126,200,11
1760124461948,TEXT,1125,200,11
1760124461949,TEXT,1125,200,11
1760124461949,TEXT,1125,200,11
1760124461949,TEXT,1125,200,11
1760124461949,JOIN,1124,200,11
1760124461951,TEXT,1122,200,11
1760124461951,TEXT,1122,200,11
1760124461953,TEXT,1120,200,11
1760124461954,TEXT,1120,200,11
1760124461954,TEXT,1120,200,11
1760124461954,TEXT,1120,200,11
1760124461955,TEXT,1119,200,11
1760124461958,TEXT,1115,200,11
1760124461958,TEXT,1115,200,11
1760124461959,TEXT,1114,200,11
1760124461959,TEXT,1114,200,11
1760124461959,TEXT,1114,200,11
1760124461960,TEXT,1114,200,11
1760124461960,TEXT,1114,200,11
1760124461960,TEXT,1114,200,11
1760124461960,TEXT,1114,200,11
1760124461960,TEXT,1114,200,11
1760124461961,TEXT,1113,200,11
1760124461962,TEXT,1112,200,11
1760124461962,TEXT,1112,200,11
1760124461962,TEXT,1112,200,11
1760124461962,JOIN,1112,200,11
1760124461962,TEXT,1112,200,11
1760124461962,TEXT,1111,200,11
1760124461962,TEXT,1111,200,11
1760124461962,TEXT,1111,200,11
1760124461962,TEXT,1111,200,11
1760124461962,JOIN,1111,200,11
1760124461962,LEAVE,1111,200,11
1760124461962,TEXT,1111,200,11
1760124461963,JOIN,1111,200,11
1760124461963,TEXT,1111,200,11
1760124461963,TEXT,1111,200,11
1760124461963,TEXT,1111,200,11
1760124461963,TEXT,1110,200,11
1760124461963,TEXT,1110,200,11
1760124461963,TEXT,1110,200,11
1760124461963,TEXT,1110,200,11
1760124461963,JOIN,1110,200,11
1760124461963,TEXT,1110,200,11
1760124461964,TEXT,1110,200,11
1760124461964,TEXT,1110,200,11
1760124461964,LEAVE,1110,200,11
1760124461964,TEXT,1110,200,11
1760124461964,TEXT,1110,200,11
1760124461964,TEXT,1110,200,11
1760124461964,TEXT,1110,200,11
1760124461964,JOIN,1110,200,11
1760124461964,TEXT,1110,200,11
1760124461964,TEXT,1110,200,11
1760124461964,TEXT,1109,200,11
1760124461964,TEXT,1109,200,11
1760124461964,TEXT,1109,200,11
1760124461964,TEXT,1109,200,11
1760124461965,TEXT,1109,200,11
1760124461965,TEXT,1109,200,11
1760124461965,TEXT,1109,200,11
1760124461965,TEXT,1109,200,11
1760124461965,TEXT,1109,200,11
1760124461965,TEXT,1109,200,11
1760124461965,TEXT,1108,200,11
1760124461921,TEXT,1206,200,16
1760124461922,TEXT,1205,200,16
1760124461922,TEXT,1205,200,16
1760124461922,TEXT,1205,200,16
1760124461922,LEAVE,1205,200,16
1760124461923,TEXT,1204,200,16
1760124461923,TEXT,1204,200,16
1760124461923,TEXT,1204,200,16
1760124461923,TEXT,1204,200,16
1760124461923,TEXT,1204,200,16
1760124461923,TEXT,1204,200,16
1760124461923,TEXT,1204,200,16
1760124461923,TEXT,1204,200,16
1760124461923,JOIN,1204,200,16
1760124461923,TEXT,1204,200,16
1760124461923,TEXT,1204,200,16
1760124461923,TEXT,1204,200,16
1760124461924,TEXT,1204,200,16
1760124461924,TEXT,1204,200,16
1760124461924,TEXT,1203,200,16
1760124461924,TEXT,1203,200,16
1760124461924,TEXT,1203,200,16
1760124461924,TEXT,1203,200,16
1760124461924,TEXT,1203,200,16
1760124461924,TEXT,1203,200,16
1760124461924,TEXT,1203,200,16
1760124461924,LEAVE,1203,200,16
1760124461924,TEXT,1203,200,16
1760124461924,TEXT,1203,200,16
1760124461925,TEXT,1203,200,16
1760124461925,TEXT,1203,200,16
1760124461925,TEXT,1203,200,16
1760124461925,TEXT,1203,200,16
1760124461925,TEXT,1202,200,16
1760124461925,TEXT,1202,200,16
1760124461925,TEXT,1202,200,16
1760124461925,TEXT,1202,200,16
1760124461925,TEXT,1202,200,16
1760124461926,TEXT,1202,200,16
1760124461926,TEXT,1202,200,16
1760124461926,TEXT,1202,200,16
1760124461926,TEXT,1202,200,16
1760124461926,TEXT,1201,200,16
1760124461926,TEXT,1201,200,16
1760124461926,TEXT,1201,200,16
1760124461926,TEXT,1201,200,16
1760124461926,TEXT,1201,200,16
1760124461926,JOIN,1201,200,16
1760124461927,TEXT,1201,200,16
1760124461927,TEXT,1201,200,16
1760124461927,TEXT,1201,200,16
1760124461927,TEXT,1201,200,16
1760124461927,TEXT,1200,200,16
1760124461927,TEXT,1200,200,16
1760124461927,TEXT,1200,200,16
1760124461927,TEXT,1200,200,16
1760124461927,TEXT,1200,200,16
1760124461927,TEXT,1200,200,16
1760124461927,TEXT,1200,200,16
1760124461928,TEXT,1200,200,16
1760124461928,TEXT,1200,200,16
1760124461928,TEXT,1200,200,16
1760124461928,TEXT,1199,200,16
1760124461928,TEXT,1199,200,16
1760124461928,TEXT,1199,200,16
1760124461929,TEXT,1199,200,16
1760124461929,TEXT,1199,200,16
1760124461929,TEXT,1199,200,16
1760124461929,TEXT,1199,200,16
1760124461929,TEXT,1199,200,16
1760124461929,TEXT,1198,200,16
1760124461929,TEXT,1198,200,16
1760124461929,TEXT,1198,200,16
1760124461929,TEXT,1198,200,16
1760124461930,TEXT,1198,200,16
1760124461930,JOIN,1198,200,16
1760124461930,TEXT,1197,200,16
1760124461930,TEXT,1197,200,16
1760124461930,TEXT,1197,200,16
1760124461930,TEXT,1197,200,16
1760124461930,TEXT,1197,200,16
1760124461931,TEXT,1196,200,16
1760124461931,TEXT,1196,200,16
1760124461931,TEXT,1196,200,16
1760124461932,TEXT,1196,200,16
1760124461932,LEAVE,1196,200,16
1760124461932,TEXT,1196,200,16
1760124461932,TEXT,1196,200,16
1760124461932,TEXT,1196,200,16
1760124461932,TEXT,1195,200,16
1760124461932,TEXT,1195,200,16
1760124461932,TEXT,1195,200,16
1760124461933,TEXT,1194,200,16
1760124461936,TEXT,1191,200,16
1760124461936,TEXT,1191,200,16
1760124461936,TEXT,1191,200,16
1760124461936,TEXT,1191,200,16
1760124461936,TEXT,1191,200,16
1760124461940,TEXT,1188,200,16
1760124461940,TEXT,1188,200,16
1760124461940,LEAVE,1187,200,16
1760124461940,TEXT,1187,200,16
1760124461941,TEXT,1187,200,16
1760124461941,TEXT,1187,200,16
1760124461941,JOIN,1187,200,16
1760124461941,TEXT,1187,200,16
1760124461941,TEXT,1186,200,16
1760124461941,TEXT,1186,200,16
1760124461941,TEXT,1186,200,16
1760124461941,TEXT,1186,200,16
1760124461941,TEXT,1186,200,16
1760124461941,LEAVE,1186,200,16
1760124461941,TEXT,1186,200,16
1760124461942,TEXT,1186,200,16
1760124461942,TEXT,1186,200,16
1760124461942,TEXT,1186,200,16
1760124461942,TEXT,1186,200,16
1760124461942,TEXT,1185,200,16
1760124461942,TEXT,1185,200,16
1760124461942,TEXT,1185,200,16
1760124461942,JOIN,1185,200,16
1760124461942,TEXT,1185,200,16
1760124461942,TEXT,1185,200,16
1760124461942,TEXT,1185,200,16
1760124461943,TEXT,1185,200,16
1760124461943,TEXT,1185,200,16
1760124461943,TEXT,1185,200,16
1760124461943,TEXT,1185,200,16
1760124461943,LEAVE,1185,200,16
1760124461943,TEXT,1184,200,16
1760124461944,JOIN,1184,200,16
1760124461944,TEXT,1183,200,16
1760124461944,TEXT,1183,200,16
1760124461944,TEXT,1183,200,16
1760124461944,TEXT,1183,200,16
1760124461945,TEXT,1183,200,16
1760124461945,LEAVE,1183,200,16
1760124461945,TEXT,1182,200,16
1760124461945,TEXT,1182,200,16
1760124461945,TEXT,1182,200,16
1760124461946,TEXT,1182,200,16
1760124461946,JOIN,1182,200,16
1760124461946,TEXT,1181,200,16
1760124461947,TEXT,1181,200,16
1760124461947,TEXT,1181,200,16
1760124461947,TEXT,1181,200,16
1760124461949,TEXT,1179,200,16
1760124461949,TEXT,1179,200,16
1760124461949,TEXT,1179,200,16
1760124461951,TEXT,1177,200,16
1760124461951,JOIN,1176,200,16
1760124461953,TEXT,1174,200,16
1760124461953,TEXT,1174,200,16
1760124461953,TEXT,1174,200,16
1760124461954,TEXT,1174,200,16
1760124461954,TEXT,1174,200,16
1760124461954,TEXT,1174,200,16
1760124461921,TEXT,1254,200,1
1760124461922,TEXT,1253,200,1
1760124461922,TEXT,1255,200,1
1760124461923,TEXT,1254,200,1
1760124461923,TEXT,1254,200,1
1760124461923,TEXT,1254,200,1
1760124461923,TEXT,1254,200,1
1760124461923,TEXT,1254,200,1
1760124461923,LEAVE,1254,200,1
1760124461923,TEXT,1254,200,1
1760124461923,TEXT,1254,200,1
1760124461923,TEXT,1254,200,1
1760124461923,TEXT,1254,200,1
1760124461923,TEXT,1254,200,1
1760124461923,TEXT,1254,200,1
1760124461923,TEXT,1254,200,1
1760124461923,TEXT,1254,200,1
1760124461923,TEXT,1254,200,1
1760124461923,TEXT,1254,200,1
1760124461924,TEXT,1253,200,1
1760124461924,TEXT,1253,200,1
1760124461924,TEXT,1253,200,1
1760124461924,TEXT,1253,200,1
1760124461924,TEXT,1253,200,1
1760124461924,TEXT,1253,200,1
1760124461925,TEXT,1253,200,1
1760124461925,TEXT,1253,200,1
1760124461925,LEAVE,1253,200,1
1760124461925,TEXT,1252,200,1
1760124461925,TEXT,1252,200,1
1760124461925,TEXT,1252,200,1
1760124461925,TEXT,1252,200,1
1760124461925,TEXT,1252,200,1
1760124461925,TEXT,1252,200,1
1760124461925,LEAVE,1252,200,1
1760124461925,TEXT,1252,200,1
1760124461926,TEXT,1252,200,1
1760124461926,TEXT,1251,200,1
1760124461926,TEXT,1251,200,1
1760124461926,TEXT,1251,200,1
1760124461926,TEXT,1251,200,1
1760124461926,JOIN,1251,200,1
1760124461927,TEXT,1251,200,1
1760124461927,TEXT,1251,200,1
1760124461927,TEXT,1250,200,1
1760124461927,TEXT,1250,200,1
1760124461927,TEXT,1250,200,1
1760124461927,TEXT,1250,200,1
1760124461927,TEXT,1250,200,1
1760124461927,TEXT,1250,200,1
1760124461927,TEXT,1250,200,1
1760124461927,TEXT,1250,200,1
1760124461927,TEXT,1250,200,1
1760124461927,TEXT,1250,200,1
1760124461928,LEAVE,1250,200,1
1760124461928,JOIN,1250,200,1
1760124461928,TEXT,1249,200,1
1760124461929,TEXT,1248,200,1
1760124461929,TEXT,1248,200,1
1760124461929,TEXT,1248,200,1
1760124461929,TEXT,1248,200,1
1760124461929,TEXT,1248,200,1
1760124461929,JOIN,1248,200,1
1760124461929,TEXT,1248,200,1
1760124461929,LEAVE,1248,200,1
1760124461929,TEXT,1248,200,1
1760124461929,TEXT,1248,200,1
1760124461929,TEXT,1248,200,1
1760124461929,LEAVE,1248,200,1
1760124461929,TEXT,1248,200,1
1760124461930,TEXT,1248,200,1
1760124461930,TEXT,1248,200,1
1760124461930,TEXT,1248,200,1
1760124461930,TEXT,1247,200,1
1760124461930,TEXT,1247,200,1
1760124461930,TEXT,1247,200,1
1760124461931,TEXT,1246,200,1
1760124461932,TEXT,1245,200,1
1760124461932,TEXT,1245,200,1
1760124461933,TEXT,1245,200,1
1760124461933,JOIN,1244,200,1
1760124461933,TEXT,1244,200,1
1760124461936,TEXT,1242,200,1
1760124461936,TEXT,1241,200,1
1760124461936,LEAVE,1241,200,1
1760124461936,TEXT,1241,200,1
1760124461940,TEXT,1237,200,1
1760124461940,TEXT,1237,200,1
1760124461941,TEXT,1237,200,1
1760124461941,TEXT,1237,200,1
1760124461931,TEXT,1248,200,12
1760124461931,TEXT,1248,200,12
1760124461932,TEXT,1247,200,12
1760124461932,TEXT,1247,200,12
1760124461932,TEXT,1247,200,12
1760124461932,TEXT,1247,200,12
1760124461932,TEXT,1247,200,12
1760124461936,TEXT,1243,200,12
1760124461936,LEAVE,1243,200,12
1760124461936,TEXT,1243,200,12
1760124461936,JOIN,1243,200,12
1760124461936,TEXT,1243,200,12
1760124461936,TEXT,1243,200,12
1760124461936,TEXT,1243,200,12
1760124461936,TEXT,1243,200,12
1760124461936,TEXT,1243,200,12
1760124461940,TEXT,1239,200,12
1760124461940,TEXT,1239,200,12
1760124461940,TEXT,1239,200,12
1760124461940,TEXT,1239,200,12
1760124461940,TEXT,1239,200,12
1760124461941,TEXT,1239,200,12
1760124461941,TEXT,1238,200,12
1760124461941,TEXT,1238,200,12
1760124461941,TEXT,1238,200,12
1760124461942,TEXT,1238,200,12
1760124461942,TEXT,1237,200,12
1760124461942,TEXT,1237,200,12
1760124461943,TEXT,1236,200,12
1760124461943,TEXT,1236,200,12
1760124461943,TEXT,1236,200,12
1760124461943,TEXT,1236,200,12
1760124461943,TEXT,1236,200,12
1760124461943,TEXT,1236,200,12
1760124461943,TEXT,1236,200,12
1760124461944,TEXT,1235,200,12
1760124461944,TEXT,1235,200,12
1760124461945,TEXT,1235,200,12
1760124461945,TEXT,1234,200,12
1760124461945,TEXT,1234,200,12
1760124461945,TEXT,1234,200,12
1760124461945,TEXT,1234,200,12
1760124461945,TEXT,1234,200,12
1760124461945,TEXT,1234,200,12
1760124461945,TEXT,1234,200,12
1760124461945,TEXT,1234,200,12
1760124461946,LEAVE,1234,200,12
1760124461946,TEXT,1233,200,12
1760124461947,TEXT,1233,200,12
1760124461947,TEXT,1233,200,12
1760124461947,JOIN,1233,200,12
1760124461947,TEXT,1233,200,12
1760124461947,TEXT,1233,200,12
1760124461947,TEXT,1232,200,12
1760124461947,TEXT,1232,200,12
1760124461947,LEAVE,1232,200,12
1760124461947,TEXT,1232,200,12
1760124461947,TEXT,1232,200,12
1760124461947,TEXT,1232,200,12
1760124461948,TEXT,1231,200,12
1760124461949,TEXT,1231,200,12
1760124461949,TEXT,1231,200,12
1760124461949,TEXT,1231,200,12
1760124461949,TEXT,1230,200,12
1760124461949,TEXT,1230,200,12
1760124461949,TEXT,1230,200,12
1760124461953,TEXT,1226,200,12
1760124461953,TEXT,1226,200,12
1760124461953,TEXT,1226,200,12
1760124461954,TEXT,1226,200,12
1760124461954,TEXT,1226,200,12
1760124461954,TEXT,1226,200,12
1760124461954,TEXT,1226,200,12
1760124461954,TEXT,1226,200,12
1760124461955,TEXT,1225,200,12
1760124461955,TEXT,1225,200,12
1760124461955,TEXT,1225,200,12
1760124461958,TEXT,1221,200,12
1760124461958,TEXT,1221,200,12
1760124461958,TEXT,1221,200,12
1760124461958,TEXT,1221,200,12
1760124461959,JOIN,1220,200,12
1760124461959,TEXT,1220,200,12
1760124461959,TEXT,1220,200,12
1760124461960,JOIN,1219,200,12
1760124461961,TEXT,1219,200,12
1760124461961,TEXT,1219,200,12
1760124461961,TEXT,1218,200,12
1760124461961,TEXT,1218,200,12
1760124461962,TEXT,1217,200,12
1760124461962,JOIN,1217,200,12
1760124461962,TEXT,1217,200,12
1760124461962,TEXT,1217,200,12
1760124461962,TEXT,1217,200,12
1760124461962,LEAVE,1217,200,12
1760124461925,TEXT,1260,200,17
1760124461926,LEAVE,1260,200,17
1760124461926,TEXT,1260,200,17
1760124461926,TEXT,1259,200,17
1760124461926,TEXT,1259,200,17
1760124461926,LEAVE,1259,200,17
1760124461926,TEXT,1259,200,17
1760124461926,TEXT,1259,200,17
1760124461926,TEXT,1259,200,17
1760124461926,TEXT,1259,200,17
1760124461927,TEXT,1259,200,17
1760124461927,TEXT,1258,200,17
1760124461927,TEXT,1258,200,17
1760124461927,TEXT,1258,200,17
1760124461927,TEXT,1258,200,17
1760124461927,TEXT,1258,200,17
1760124461927,TEXT,1258,200,17
1760124461927,TEXT,1258,200,17
1760124461927,JOIN,1258,200,17
1760124461927,TEXT,1258,200,17
1760124461927,JOIN,1258,200,17
1760124461927,TEXT,1258,200,17
1760124461927,TEXT,1258,200,17
1760124461928,TEXT,1258,200,17
1760124461928,TEXT,1257,200,17
1760124461928,TEXT,1257,200,17
1760124461928,TEXT,1257,200,17
1760124461928,TEXT,1257,200,17
1760124461928,TEXT,1257,200,17
1760124461929,TEXT,1257,200,17
1760124461929,TEXT,1257,200,17
1760124461929,TEXT,1257,200,17
1760124461929,TEXT,1256,200,17
1760124461929,TEXT,1256,200,17
1760124461929,TEXT,1256,200,17
1760124461929,TEXT,1256,200,17
1760124461929,TEXT,1256,200,17
1760124461929,TEXT,1256,200,17
1760124461929,TEXT,1256,200,17
1760124461929,TEXT,1256,200,17
1760124461929,TEXT,1256,200,17
1760124461929,JOIN,1256,200,17
1760124461929,TEXT,1256,200,17
1760124461930,TEXT,1256,200,17
1760124461930,TEXT,1256,200,17
1760124461930,TEXT,1255,200,17
1760124461931,TEXT,1254,200,17
1760124461931,TEXT,1254,200,17
1760124461931,JOIN,1254,200,17
1760124461931,TEXT,1254,200,17
1760124461931,LEAVE,1254,200,17
1760124461932,LEAVE,1254,200,17
1760124461932,TEXT,1254,200,17
1760124461932,TEXT,1254,200,17
1760124461932,TEXT,1254,200,17
1760124461932,TEXT,1253,200,17
1760124461932,TEXT,1253,200,17
1760124461936,TEXT,1249,200,17
1760124461936,TEXT,1249,200,17
1760124461936,LEAVE,1249,200,17
1760124461936,TEXT,1249,200,17
1760124461936,TEXT,1249,200,17
1760124461940,TEXT,1245,200,17
1760124461940,TEXT,1245,200,17
1760124461941,TEXT,1245,200,17
1760124461941,TEXT,1244,200,17
1760124461942,TEXT,1244,200,17
1760124461942,TEXT,1244,200,17
1760124461942,TEXT,1243,200,17
1760124461942,TEXT,1243,200,17
1760124461942,TEXT,1243,200,17
1760124461942,LEAVE,1243,200,17
1760124461943,LEAVE,1243,200,17
1760124461943,TEXT,1242,200,17
1760124461943,TEXT,1242,200,17
1760124461941,TEXT,1247,200,19
1760124461941,TEXT,1247,200,19
1760124461941,TEXT,1247,200,19
1760124461942,TEXT,1247,200,19
1760124461942,TEXT,1247,200,19
1760124461942,TEXT,1246,200,19
1760124461942,TEXT,1246,200,19
1760124461942,TEXT,1246,200,19
1760124461943,TEXT,1246,200,19
1760124461943,TEXT,1246,200,19
1760124461943,TEXT,1246,200,19
1760124461943,TEXT,1246,200,19
1760124461943,TEXT,1246,200,19
1760124461943,TEXT,1246,200,19
1760124461943,TEXT,1246,200,19
1760124461944,TEXT,1245,200,19
1760124461944,TEXT,1244,200,19
1760124461944,TEXT,1244,200,19
1760124461945,TEXT,1244,200,19
1760124461945,TEXT,1243,200,19
1760124461945,TEXT,1243,200,19
1760124461945,TEXT,1243,200,19
1760124461945,TEXT,1243,200,19
1760124461945,JOIN,1243,200,19
1760124461945,TEXT,1243,200,19
1760124461946,JOIN,1243,200,19
1760124461946,TEXT,1242,200,19
1760124461946,TEXT,1242,200,19
1760124461946,TEXT,1242,200,19
1760124461947,TEXT,1241,200,19
1760124461948,TEXT,1240,200,19
1760124461949,TEXT,1240,200,19
1760124461949,TEXT,1240,200,19
1760124461949,TEXT,1240,200,19
1760124461949,TEXT,1240,200,19
1760124461949,TEXT,1240,200,19
1760124461949,TEXT,1239,200,19
1760124461949,TEXT,1239,200,19
1760124461951,TEXT,1238,200,19
1760124461951,TEXT,1238,200,19
1760124461951,TEXT,1238,200,19
1760124461953,TEXT,1235,200,19
1760124461954,TEXT,1235,200,19
1760124461954,TEXT,1235,200,19
1760124461954,TEXT,1235,200,19
1760124461955,JOIN,1234,200,19
1760124461958,TEXT,1230,200,19
1760124461958,TEXT,1230,200,19
1760124461958,TEXT,1230,200,19
1760124461958,TEXT,1230,200,19
1760124461958,TEXT,1230,200,19
1760124461958,TEXT,1230,200,19
1760124461959,TEXT,1229,200,19
1760124461959,TEXT,1229,200,19
1760124461959,JOIN,1229,200,19
1760124461959,TEXT,1229,200,19
1760124461960,TEXT,1229,200,19
1760124461960,TEXT,1229,200,19
1760124461960,TEXT,1229,200,19
1760124461961,TEXT,1228,200,19
1760124461961,TEXT,1228,200,19
1760124461961,TEXT,1228,200,19
1760124461961,TEXT,1228,200,19
1760124461961,TEXT,1227,200,19
1760124461962,TEXT,1227,200,19
1760124461962,TEXT,1227,200,19
1760124461962,TEXT,1227,200,19
1760124461962,TEXT,1226,200,19
1760124461962,TEXT,1226,200,19
1760124461962,TEXT,1226,200,19
1760124461962,TEXT,1226,200,19
1760124461962,TEXT,1226,200,19
1760124461962,TEXT,1226,200,19
1760124461962,TEXT,1226,200,19
1760124461962,TEXT,1226,200,19
1760124461962,TEXT,1226,200,19
1760124461962,TEXT,1226,200,19
1760124461962,TEXT,1226,200,19
1760124461963,TEXT,1226,200,19
1760124461963,TEXT,1226,200,19
1760124461963,TEXT,1226,200,19
1760124461923,TEXT,1267,200,9
1760124461923,TEXT,1267,200,9
1760124461923,TEXT,1267,200,9
1760124461923,TEXT,1267,200,9
1760124461924,LEAVE,1267,200,9
1760124461924,TEXT,1266,200,9
1760124461924,TEXT,1266,200,9
1760124461924,TEXT,1266,200,9
1760124461924,TEXT,1266,200,9
1760124461925,TEXT,1266,200,9
1760124461925,TEXT,1266,200,9
1760124461925,TEXT,1265,200,9
1760124461925,TEXT,1265,200,9
1760124461925,TEXT,1265,200,9
1760124461925,TEXT,1265,200,9
1760124461925,TEXT,1265,200,9
1760124461926,TEXT,1265,200,9
1760124461926,TEXT,1265,200,9
1760124461926,TEXT,1265,200,9
1760124461926,JOIN,1265,200,9
1760124461926,TEXT,1265,200,9
1760124461926,TEXT,1264,200,9
1760124461926,JOIN,1264,200,9
1760124461926,TEXT,1264,200,9
1760124461927,TEXT,1263,200,9
1760124461927,TEXT,1263,200,9
1760124461927,TEXT,1263,200,9
1760124461927,TEXT,1263,200,9
1760124461927,TEXT,1263,200,9
1760124461928,TEXT,1263,200,9
1760124461928,TEXT,1263,200,9
1760124461928,TEXT,1262,200,9
1760124461929,TEXT,1262,200,9
1760124461929,TEXT,1262,200,9
1760124461929,TEXT,1262,200,9
1760124461929,TEXT,1262,200,9
1760124461929,TEXT,1262,200,9
1760124461929,TEXT,1261,200,9
1760124461929,TEXT,1261,200,9
1760124461929,TEXT,1261,200,9
1760124461929,TEXT,1261,200,9
1760124461929,TEXT,1261,200,9
1760124461930,TEXT,1261,200,9
1760124461930,TEXT,1261,200,9
1760124461930,TEXT,1261,200,9
1760124461930,TEXT,1261,200,9
1760124461930,TEXT,1261,200,9
1760124461930,TEXT,1260,200,9
1760124461930,TEXT,1260,200,9
1760124461930,TEXT,1260,200,9
1760124461930,TEXT,1260,200,9
1760124461930,TEXT,1260,200,9
1760124461930,TEXT,1260,200,9
1760124461931,TEXT,1260,200,9
1760124461931,TEXT,1259,200,9
1760124461931,TEXT,1259,200,9
1760124461931,TEXT,1259,200,9
1760124461931,TEXT,1259,200,9
1760124461932,TEXT,1259,200,9
1760124461932,TEXT,1259,200,9
1760124461932,TEXT,1259,200,9
1760124461932,TEXT,1259,200,9
1760124461932,TEXT,1259,200,9
1760124461932,LEAVE,1259,200,9
1760124461933,TEXT,1257,200,9
1760124461936,LEAVE,1255,200,9
1760124461936,TEXT,1255,200,9
1760124461936,TEXT,1254,200,9
1760124461936,TEXT,1254,200,9
1760124461940,TEXT,1250,200,9
1760124461940,TEXT,1250,200,9
1760124461940,TEXT,1250,200,9
1760124461940,TEXT,1250,200,9
1760124461940,TEXT,1250,200,9
1760124461940,TEXT,1250,200,9
1760124461941,TEXT,1250,200,9
1760124461941,TEXT,1250,200,9
1760124461941,TEXT,1250,200,9
1760124461941,TEXT,1250,200,9
1760124461941,TEXT,1250,200,9
1760124461941,TEXT,1250,200,9
1760124461941,TEXT,1250,200,9
1760124461941,TEXT,1250,200,9
1760124461941,LEAVE,1250,200,9
1760124461941,JOIN,1249,200,9
1760124461941,TEXT,1249,200,9
1760124461941,TEXT,1249,200,9
1760124461941,TEXT,1249,200,9
1760124461942,TEXT,1249,200,9
1760124461924,TEXT,1267,200,4
1760124461924,TEXT,1267,200,4
1760124461924,TEXT,1267,200,4
1760124461924,TEXT,1266,200,4
1760124461924,TEXT,1266,200,4
1760124461925,TEXT,1266,200,4
1760124461925,TEXT,1266,200,4
1760124461925,TEXT,1266,200,4
1760124461925,TEXT,1266,200,4
1760124461925,TEXT,1266,200,4
1760124461925,TEXT,1266,200,4
1760124461925,TEXT,1266,200,4
1760124461925,JOIN,1265,200,4
1760124461926,TEXT,1265,200,4
1760124461926,TEXT,1265,200,4
1760124461926,TEXT,1265,200,4
1760124461926,TEXT,1265,200,4
1760124461926,TEXT,1265,200,4
1760124461926,JOIN,1265,200,4
1760124461926,TEXT,1265,200,4
1760124461926,TEXT,1265,200,4
1760124461926,TEXT,1264,200,4
1760124461926,TEXT,1264,200,4
1760124461926,TEXT,1264,200,4
1760124461926,TEXT,1264,200,4
1760124461927,TEXT,1264,200,4
1760124461927,LEAVE,1264,200,4
1760124461927,TEXT,1264,200,4
1760124461927,TEXT,1264,200,4
1760124461927,TEXT,1264,200,4
1760124461927,TEXT,1264,200,4
1760124461927,TEXT,1264,200,4
1760124461927,TEXT,1264,200,4
1760124461927,TEXT,1264,200,4
1760124461927,TEXT,1263,200,4
1760124461928,JOIN,1263,200,4
1760124461929,TEXT,1262,200,4
1760124461929,JOIN,1262,200,4
1760124461929,TEXT,1262,200,4
1760124461929,TEXT,1262,200,4
1760124461929,TEXT,1262,200,4
1760124461929,TEXT,1262,200,4
1760124461929,TEXT,1262,200,4
1760124461929,TEXT,1262,200,4
1760124461929,TEXT,1262,200,4
1760124461930,TEXT,1261,200,4
1760124461930,TEXT,1261,200,4
1760124461930,TEXT,1261,200,4
1760124461930,TEXT,1261,200,4
1760124461930,TEXT,1261,200,4
1760124461931,TEXT,1260,200,4
1760124461931,TEXT,1260,200,4
1760124461931,TEXT,1260,200,4
1760124461931,TEXT,1260,200,4
1760124461932,TEXT,1259,200,4
1760124461932,LEAVE,1259,200,4
1760124461932,TEXT,1259,200,4
1760124461932,TEXT,1259,200,4
1760124461933,TEXT,1258,200,4
1760124461933,TEXT,1258,200,4
1760124461933,TEXT,1258,200,4
1760124461936,TEXT,1255,200,4
1760124461936,TEXT,1255,200,4
1760124461936,TEXT,1255,200,4
1760124461936,JOIN,1255,200,4
1760124461936,TEXT,1255,200,4
1760124461936,LEAVE,1255,200,4
1760124461936,TEXT,1255,200,4
1760124461936,JOIN,1255,200,4
1760124461940,TEXT,1251,200,4
1760124461940,TEXT,1251,200,4
1760124461940,TEXT,1251,200,4
1760124461940,TEXT,1251,200,4
1760124461941,TEXT,1250,200,4
1760124461941,TEXT,1250,200,4
1760124461941,TEXT,1250,200,4
1760124461941,TEXT,1250,200,4
1760124461941,TEXT,1250,200,4
1760124461941,TEXT,1250,200,4
1760124461941,TEXT,1250,200,4
1760124461941,TEXT,1250,200,4
1760124461941,TEXT,1250,200,4
1760124461942,TEXT,1250,200,4
1760124461942,TEXT,1249,200,4
1760124461942,TEXT,1249,200,4
1760124461942,TEXT,1249,200,4
1760124461943,TEXT,1248,200,4
1760124461943,TEXT,1248,200,4
1760124461944,LEAVE,1247,200,4
1760124461944,TEXT,1247,200,4
1760124461944,TEXT,1247,200,4
1760124461945,TEXT,1247,200,4
1760124461945,TEXT,1246,200,4
1760124461945,TEXT,1246,200,4
1760124461945,TEXT,1246,200,4
1760124461945,TEXT,1246,200,4
1760124461945,JOIN,1246,200,4
1760124461946,TEXT,1245,200,4
1760124461946,TEXT,1245,200,4
1760124461947,TEXT,1244,200,4
1760124461947,TEXT,1244,200,4
1760124461947,TEXT,1244,200,4
1760124461947,TEXT,1244,200,4
1760124461947,JOIN,1244,200,4
1760124461948,TEXT,1243,200,4
1760124461949,LEAVE,1242,200,4
1760124461949,LEAVE,1242,200,4
1760124461951,TEXT,1240,200,4
1760124461953,TEXT,1238,200,4
1760124461953,LEAVE,1238,200,4
1760124461953,TEXT,1238,200,4
1760124461953,TEXT,1238,200,4
1760124461954,TEXT,1238,200,4
1760124461954,TEXT,1237,200,4
1760124461954,TEXT,1237,200,4
1760124461954,TEXT,1237,200,4
1760124461954,TEXT,1237,200,4
1760124461954,TEXT,1237,200,4
1760124461954,LEAVE,1237,200,4
1760124461954,TEXT,1237,200,4
1760124461954,TEXT,1237,200,4
1760124461954,TEXT,1237,200,4
1760124461954,TEXT,1237,200,4
1760124461954,TEXT,1237,200,4
1760124461954,TEXT,1237,200,4
1760124461954,TEXT,1237,200,4
1760124461954,TEXT,1237,200,4
1760124461955,TEXT,1237,200,4
1760124461955,TEXT,1237,200,4
1760124461955,TEXT,1237,200,4
1760124461958,TEXT,1233,200,4
1760124461958,TEXT,1233,200,4
1760124461959,TEXT,1232,200,4
1760124461959,TEXT,1232,200,4
1760124461960,TEXT,1232,200,4
1760124461961,TEXT,1231,200,4
1760124461961,TEXT,1231,200,4
1760124461961,LEAVE,1230,200,4
1760124461961,LEAVE,1230,200,4
1760124461961,TEXT,1230,200,4
1760124461961,TEXT,1230,200,4
1760124461962,TEXT,1229,200,4
1760124461962,TEXT,1229,200,4
1760124461962,TEXT,1229,200,4
1760124461962,TEXT,1229,200,4
1760124461962,TEXT,1229,200,4
1760124461962,TEXT,1229,200,4
1760124461962,TEXT,1229,200,4
1760124461962,TEXT,1229,200,4
1760124461963,TEXT,1229,200,4
1760124461963,TEXT,1229,200,4
1760124461963,TEXT,1229,200,4
1760124461963,TEXT,1229,200,4
1760124461963,TEXT,1228,200,4
1760124461963,TEXT,1228,200,4
1760124461963,TEXT,1228,200,4
1760124461963,TEXT,1228,200,4
1760124461964,TEXT,1228,200,4
1760124461964,TEXT,1228,200,4
1760124461964,TEXT,1228,200,4
1760124461964,TEXT,1228,200,4
1760124461964,TEXT,1228,200,4
1760124461964,TEXT,1228,200,4
1760124461964,TEXT,1228,200,4
1760124461964,TEXT,1228,200,4
1760124461964,TEXT,1228,200,4
1760124461964,TEXT,1228,200,4
1760124461964,TEXT,1228,200,4
1760124461964,JOIN,1227,200,4
1760124461964,TEXT,1227,200,4
1760124461964,TEXT,1227,200,4
1760124461964,LEAVE,1227,200,4
1760124461964,TEXT,1227,200,4
1760124461964,TEXT,1227,200,4
1760124461964,TEXT,1227,200,4
1760124461964,TEXT,1227,200,4
1760124461964,LEAVE,1227,200,4
1760124461964,TEXT,1227,200,4
1760124461965,TEXT,1227,200,4
1760124461965,TEXT,1227,200,4
1760124461965,TEXT,1227,200,4
1760124461965,LEAVE,1227,200,4
1760124461965,TEXT,1227,200,4
1760124461940,LEAVE,1298,200,6
1760124461940,TEXT,1298,200,6
1760124461941,TEXT,1298,200,6
1760124461941,TEXT,1298,200,6
1760124461941,TEXT,1298,200,6
1760124461941,TEXT,1298,200,6
1760124461941,TEXT,1297,200,6
1760124461941,TEXT,1297,200,6
1760124461941,TEXT,1297,200,6
1760124461942,TEXT,1297,200,6
1760124461942,TEXT,1296,200,6
1760124461943,TEXT,1296,200,6
1760124461943,TEXT,1296,200,6
1760124461943,TEXT,1296,200,6
1760124461943,TEXT,1296,200,6
1760124461943,TEXT,1296,200,6
1760124461943,TEXT,1295,200,6
1760124461943,TEXT,1295,200,6
1760124461943,TEXT,1295,200,6
1760124461944,TEXT,1295,200,6
1760124461944,JOIN,1295,200,6
1760124461944,TEXT,1294,200,6
1760124461944,TEXT,1294,200,6
1760124461944,TEXT,1294,200,6
1760124461944,TEXT,1294,200,6
1760124461944,JOIN,1294,200,6
1760124461944,TEXT,1294,200,6
1760124461944,TEXT,1294,200,6
1760124461944,TEXT,1294,200,6
1760124461945,TEXT,1293,200,6
1760124461945,TEXT,1293,200,6
1760124461945,TEXT,1293,200,6
1760124461946,JOIN,1293,200,6
1760124461946,TEXT,1293,200,6
1760124461946,TEXT,1293,200,6
1760124461946,TEXT,1292,200,6
1760124461946,LEAVE,1292,200,6
1760124461946,TEXT,1292,200,6
1760124461947,TEXT,1292,200,6
1760124461947,TEXT,1292,200,6
1760124461947,TEXT,1292,200,6
1760124461947,TEXT,1292,200,6
1760124461948,TEXT,1290,200,6
1760124461948,TEXT,1290,200,6
1760124461948,TEXT,1290,200,6
1760124461949,TEXT,1290,200,6
1760124461949,TEXT,1289,200,6
1760124461949,TEXT,1289,200,6
1760124461949,TEXT,1289,200,6
1760124461949,TEXT,1289,200,6
1760124461949,TEXT,1289,200,6
1760124461949,TEXT,1289,200,6
1760124461951,TEXT,1287,200,6
1760124461951,TEXT,1287,200,6
1760124461951,TEXT,1287,200,6
1760124461953,TEXT,1285,200,6
1760124461953,TEXT,1285,200,6
1760124461954,JOIN,1285,200,6
1760124461954,LEAVE,1285,200,6
1760124461954,TEXT,1285,200,6
1760124461954,TEXT,1285,200,6
1760124461954,TEXT,1285,200,6
1760124461954,TEXT,1285,200,6
1760124461954,TEXT,1285,200,6
1760124461954,TEXT,1284,200,6
1760124461954,JOIN,1284,200,6
1760124461954,TEXT,1284,200,6
1760124461954,TEXT,1284,200,6
1760124461955,LEAVE,1284,200,6
1760124461958,TEXT,1280,200,6
1760124461958,JOIN,1280,200,6
1760124461958,TEXT,1280,200,6
1760124461958,TEXT,1280,200,6
1760124461958,TEXT,1280,200,6
1760124461959,TEXT,1279,200,6
1760124461959,TEXT,1279,200,6
1760124461959,TEXT,1279,200,6
1760124461959,TEXT,1279,200,6
1760124461959,TEXT,1279,200,6
1760124461960,TEXT,1279,200,6
1760124461960,TEXT,1279,200,6
1760124461960,TEXT,1279,200,6
1760124461961,TEXT,1278,200,6
1760124461961,TEXT,1278,200,6
1760124461961,TEXT,1277,200,6
1760124461962,TEXT,1277,200,6
1760124461962,TEXT,1277,200,6
1760124461962,TEXT,1276,200,6
1760124461962,TEXT,1276,200,6
1760124461962,TEXT,1276,200,6
1760124461962,TEXT,1276,200,6
1760124461962,TEXT,1276,200,6
1760124461962,TEXT,1276,200,6
1760124461962,TEXT,1276,200,6
1760124461962,TEXT,1276,200,6
1760124461962,JOIN,1276,200,6
1760124461963,TEXT,1276,200,6
1760124461963,JOIN,1276,200,6
1760124461963,TEXT,1276,200,6
1760124461963,JOIN,1276,200,6
1760124461963,TEXT,1276,200,6
1760124461963,TEXT,1276,200,6
1760124461963,TEXT,1276,200,6
1760124461963,TEXT,1275,200,6
1760124461963,JOIN,1275,200,6
1760124461963,LEAVE,1275,200,6
1760124461963,TEXT,1275,200,6
1760124461964,LEAVE,1275,200,6
1760124461964,TEXT,1275,200,6
1760124461964,TEXT,1275,200,6
1760124461964,TEXT,1275,200,6
1760124461964,TEXT,1275,200,6
1760124461964,JOIN,1274,200,6
1760124461964,TEXT,1274,200,6
1760124461964,TEXT,1274,200,6
1760124461964,TEXT,1274,200,6
1760124461965,LEAVE,1274,200,6
1760124461965,TEXT,1274,200,6
1760124461965,TEXT,1274,200,6
1760124461965,TEXT,1274,200,6
1760124461965,TEXT,1274,200,6
1760124461965,TEXT,1274,200,6
1760124461965,TEXT,1274,200,6
1760124461965,TEXT,1274,200,6
1760124461965,TEXT,1274,200,6
1760124461965,TEXT,1274,200,6
1760124461965,JOIN,1273,200,6
1760124461965,TEXT,1273,200,6
1760124461965,TEXT,1273,200,6
1760124461965,TEXT,1273,200,6
1760124461966,TEXT,1273,200,6
1760124461966,JOIN,1273,200,6
1760124461966,TEXT,1273,200,6
1760124461966,TEXT,1272,200,6
1760124461966,TEXT,1272,200,6
1760124461966,TEXT,1272,200,6
1760124461966,LEAVE,1272,200,6
1760124461966,TEXT,1272,200,6
1760124461966,TEXT,1272,200,6
1760124461966,TEXT,1272,200,6
1760124461966,TEXT,1272,200,6
1760124461966,TEXT,1272,200,6
1760124461967,TEXT,1272,200,6
1760124461967,TEXT,1272,200,6
1760124461967,TEXT,1272,200,6
1760124461967,TEXT,1272,200,6
1760124461967,TEXT,1272,200,6
1760124461967,TEXT,1272,200,6
1760124461967,LEAVE,1272,200,6
1760124461967,TEXT,1272,200,6
1760124461967,TEXT,1272,200,6
1760124461967,TEXT,1271,200,6
1760124461967,TEXT,1271,200,6
1760124461967,TEXT,1271,200,6
1760124461967,TEXT,1271,200,6
1760124461967,TEXT,1271,200,6
1760124461968,TEXT,1271,200,6
1760124461968,TEXT,1271,200,6
1760124461968,TEXT,1271,200,6
1760124461968,TEXT,1271,200,6
1760124461968,TEXT,1271,200,6
1760124461968,TEXT,1271,200,6
1760124461968,LEAVE,1271,200,6
1760124461968,TEXT,1271,200,6
1760124461968,TEXT,1271,200,6
1760124461968,TEXT,1271,200,6
1760124461968,TEXT,1271,200,6
1760124461968,TEXT,1271,200,6
1760124461968,TEXT,1271,200,6
1760124461968,TEXT,1271,200,6
1760124461968,JOIN,1271,200,6
1760124461968,TEXT,1270,200,6
1760124461968,TEXT,1270,200,6
1760124461969,TEXT,1270,200,6
1760124461969,TEXT,1270,200,6
1760124461969,JOIN,1270,200,6
1760124461969,JOIN,1270,200,6
1760124461969,TEXT,1270,200,6
1760124461969,TEXT,1270,200,6
1760124461969,LEAVE,1270,200,6
1760124461969,TEXT,1270,200,6
1760124461969,TEXT,1270,200,6
1760124461969,TEXT,1270,200,6
1760124461969,TEXT,1270,200,6
1760124461969,TEXT,1270,200,6
1760124461944,TEXT,1402,200,2
1760124461944,TEXT,1402,200,2
1760124461944,TEXT,1402,200,2
1760124461944,TEXT,1402,200,2
1760124461945,TEXT,1402,200,2
1760124461945,TEXT,1402,200,2
1760124461945,LEAVE,1401,200,2
1760124461945,TEXT,1401,200,2
1760124461946,TEXT,1401,200,2
1760124461946,TEXT,1400,200,2
1760124461946,TEXT,1400,200,2
1760124461946,TEXT,1400,200,2
1760124461946,TEXT,1400,200,2
1760124461947,TEXT,1400,200,2
1760124461947,TEXT,1400,200,2
1760124461947,TEXT,1399,200,2
1760124461947,TEXT,1399,200,2
1760124461947,TEXT,1399,200,2
1760124461948,TEXT,1398,200,2
1760124461949,JOIN,1398,200,2
1760124461949,TEXT,1397,200,2
1760124461949,TEXT,1397,200,2
1760124461949,TEXT,1397,200,2
1760124461949,TEXT,1397,200,2
1760124461951,TEXT,1395,200,2
1760124461954,TEXT,1393,200,2
1760124461954,TEXT,1393,200,2
1760124461954,TEXT,1392,200,2
1760124461954,TEXT,1392,200,2
1760124461954,TEXT,1392,200,2
1760124461955,JOIN,1392,200,2
1760124461958,TEXT,1388,200,2
1760124461958,TEXT,1388,200,2
1760124461958,TEXT,1388,200,2
1760124461959,TEXT,1387,200,2
1760124461959,TEXT,1387,200,2
1760124461959,TEXT,1387,200,2
1760124461960,LEAVE,1387,200,2
1760124461960,TEXT,1387,200,2
1760124461960,LEAVE,1386,200,2
1760124461960,TEXT,1386,200,2
1760124461961,TEXT,1386,200,2
1760124461961,TEXT,1386,200,2
1760124461961,TEXT,1385,200,2
1760124461961,TEXT,1385,200,2
1760124461962,TEXT,1385,200,2
1760124461962,TEXT,1384,200,2
1760124461962,TEXT,1384,200,2
1760124461962,TEXT,1384,200,2
1760124461962,TEXT,1384,200,2
1760124461962,TEXT,1384,200,2
1760124461962,TEXT,1384,200,2
1760124461963,TEXT,1384,200,2
1760124461963,TEXT,1384,200,2
1760124461963,LEAVE,1384,200,2
1760124461963,TEXT,1384,200,2
1760124461963,TEXT,1383,200,2
1760124461963,TEXT,1383,200,2
1760124461963,TEXT,1383,200,2
1760124461963,LEAVE,1383,200,2
1760124461963,TEXT,1383,200,2
1760124461963,TEXT,1383,200,2
1760124461963,TEXT,1383,200,2
1760124461963,TEXT,1383,200,2
1760124461963,TEXT,1383,200,2
1760124461963,TEXT,1383,200,2
1760124461963,JOIN,1383,200,2
1760124461964,TEXT,1383,200,2
1760124461964,TEXT,1383,200,2
1760124461964,TEXT,1383,200,2
1760124461964,TEXT,1383,200,2
1760124461964,TEXT,1382,200,2
1760124461964,TEXT,1382,200,2
1760124461964,TEXT,1382,200,2
1760124461964,TEXT,1382,200,2
1760124461964,TEXT,1382,200,2
1760124461964,TEXT,1382,200,2
1760124461965,TEXT,1382,200,2
1760124461965,TEXT,1382,200,2
1760124461965,TEXT,1382,200,2
1760124461965,TEXT,1382,200,2
1760124461965,TEXT,1382,200,2
1760124461965,TEXT,1381,200,2
1760124461965,LEAVE,1381,200,2
1760124461965,TEXT,1381,200,2
1760124461965,TEXT,1381,200,2
1760124461965,TEXT,1381,200,2
1760124461965,JOIN,1381,200,2
1760124461966,JOIN,1381,200,2
1760124461966,TEXT,1381,200,2
1760124461966,TEXT,1381,200,2
1760124461966,TEXT,1381,200,2
1760124461966,LEAVE,1381,200,2
1760124461966,TEXT,1381,200,2
1760124461966,TEXT,1381,200,2
1760124461966,TEXT,1380,200,2
1760124461966,TEXT,1380,200,2
1760124461966,TEXT,1380,200,2
1760124461966,TEXT,1380,200,2
1760124461966,LEAVE,1380,200,2
1760124461967,TEXT,1380,200,2
1760124461967,TEXT,1380,200,2
1760124461967,TEXT,1380,200,2
1760124461967,TEXT,1380,200,2
1760124461967,TEXT,1380,200,2
1760124461967,TEXT,1380,200,2
1760124461967,TEXT,1380,200,2
1760124461967,TEXT,1379,200,2
1760124461967,TEXT,1379,200,2
1760124461967,TEXT,1379,200,2
1760124461967,TEXT,1379,200,2
1760124461967,TEXT,1379,200,2
1760124461967,TEXT,1379,200,2
1760124461968,TEXT,1379,200,2
1760124461968,TEXT,1379,200,2
1760124461968,TEXT,1379,200,2
1760124461968,TEXT,1379,200,2
1760124461968,TEXT,1379,200,2
1760124461968,TEXT,1379,200,2
1760124461968,TEXT,1379,200,2
1760124461931,TEXT,1423,200,7
1760124461931,TEXT,1422,200,7
1760124461931,LEAVE,1422,200,7
1760124461931,TEXT,1422,200,7
1760124461931,TEXT,1422,200,7
1760124461931,TEXT,1422,200,7
1760124461932,TEXT,1422,200,7
1760124461932,TEXT,1422,200,7
1760124461932,TEXT,1422,200,7
1760124461932,TEXT,1422,200,7
1760124461932,TEXT,1421,200,7
1760124461936,TEXT,1418,200,7
1760124461936,TEXT,1418,200,7
1760124461936,JOIN,1418,200,7
1760124461936,TEXT,1417,200,7
1760124461940,TEXT,1414,200,7
1760124461940,LEAVE,1414,200,7
1760124461940,TEXT,1413,200,7
1760124461940,TEXT,1413,200,7
1760124461941,TEXT,1413,200,7
1760124461941,TEXT,1413,200,7
1760124461941,JOIN,1413,200,7
1760124461941,TEXT,1412,200,7
1760124461942,TEXT,1412,200,7
1760124461942,TEXT,1412,200,7
1760124461942,TEXT,1412,200,7
1760124461942,TEXT,1412,200,7
1760124461942,TEXT,1412,200,7
1760124461942,TEXT,1411,200,7
1760124461942,TEXT,1411,200,7
1760124461942,TEXT,1411,200,7
1760124461942,TEXT,1411,200,7
1760124461943,TEXT,1411,200,7
1760124461943,TEXT,1411,200,7
1760124461943,TEXT,1411,200,7
1760124461943,TEXT,1411,200,7
1760124461943,TEXT,1411,200,7
1760124461943,TEXT,1411,200,7
1760124461944,TEXT,1410,200,7
1760124461944,TEXT,1409,200,7
1760124461945,TEXT,1409,200,7
1760124461945,TEXT,1409,200,7
1760124461945,TEXT,1408,200,7
1760124461945,TEXT,1408,200,7
1760124461945,TEXT,1408,200,7
1760124461946,TEXT,1408,200,7
1760124461946,TEXT,1408,200,7
1760124461946,TEXT,1408,200,7
1760124461946,LEAVE,1408,200,7
1760124461947,TEXT,1407,200,7
1760124461947,TEXT,1407,200,7
1760124461947,TEXT,1407,200,7
1760124461948,TEXT,1406,200,7
1760124461949,TEXT,1405,200,7
1760124461949,TEXT,1405,200,7
1760124461949,TEXT,1405,200,7
1760124461949,TEXT,1405,200,7
1760124461949,TEXT,1405,200,7
1760124461949,TEXT,1405,200,7
1760124461949,TEXT,1405,200,7
1760124461949,TEXT,1405,200,7
1760124461949,JOIN,1405,200,7
1760124461954,TEXT,1400,200,7
1760124461954,TEXT,1400,200,7
1760124461954,TEXT,1400,200,7
1760124461954,LEAVE,1400,200,7
1760124461954,TEXT,1400,200,7
1760124461958,TEXT,1396,200,7
1760124461958,TEXT,1395,200,7
1760124461958,TEXT,1395,200,7
1760124461958,TEXT,1395,200,7
1760124461958,TEXT,1395,200,7
1760124461959,TEXT,1394,200,7
1760124461960,TEXT,1394,200,7
1760124461960,TEXT,1394,200,7
1760124461960,TEXT,1394,200,7
1760124461960,TEXT,1394,200,7
1760124461961,TEXT,1393,200,7
1760124461961,TEXT,1393,200,7
1760124461962,TEXT,1392,200,7
1760124461962,TEXT,1392,200,7
1760124461962,TEXT,1392,200,7
1760124461962,TEXT,1391,200,7
1760124461962,TEXT,1391,200,7
1760124461963,LEAVE,1391,200,7
1760124461963,TEXT,1391,200,7
1760124461963,TEXT,1391,200,7
1760124461963,TEXT,1391,200,7
1760124461963,TEXT,1391,200,7
1760124461963,TEXT,1391,200,7
1760124461963,TEXT,1391,200,7
1760124461965,TEXT,1393,200,15
1760124461965,TEXT,1393,200,15
1760124461965,TEXT,1393,200,15
1760124461965,TEXT,1393,200,15
1760124461965,TEXT,1393,200,15
1760124461965,TEXT,1393,200,15
1760124461965,TEXT,1392,200,15
1760124461965,TEXT,1392,200,15
1760124461965,TEXT,1392,200,15
1760124461965,TEXT,1392,200,15
1760124461966,TEXT,1392,200,15
1760124461966,TEXT,1392,200,15
1760124461966,TEXT,1392,200,15
1760124461966,TEXT,1392,200,15
1760124461966,TEXT,1392,200,15
1760124461966,TEXT,1392,200,15
1760124461966,TEXT,1392,200,15
1760124461966,TEXT,1392,200,15
1760124461966,TEXT,1392,200,15
1760124461966,TEXT,1392,200,15
1760124461966,TEXT,1392,200,15
1760124461966,TEXT,1391,200,15
1760124461967,TEXT,1391,200,15
1760124461967,TEXT,1391,200,15
1760124461967,TEXT,1391,200,15
1760124461967,TEXT,1391,200,15
1760124461967,TEXT,1391,200,15
1760124461967,TEXT,1390,200,15
1760124461968,TEXT,1390,200,15
1760124461968,TEXT,1390,200,15
1760124461968,TEXT,1390,200,15
1760124461968,LEAVE,1390,200,15
1760124461968,TEXT,1390,200,15
1760124461968,TEXT,1390,200,15
1760124461968,TEXT,1390,200,15
1760124461968,TEXT,1389,200,15
1760124461968,LEAVE,1389,200,15
1760124461969,LEAVE,1389,200,15
1760124461969,TEXT,1389,200,15
1760124461969,TEXT,1389,200,15
1760124461969,TEXT,1389,200,15
1760124461969,TEXT,1389,200,15
1760124461969,TEXT,1389,200,15
1760124461969,TEXT,1389,200,15
1760124461969,TEXT,1389,200,15
1760124461969,LEAVE,1389,200,15
1760124461969,TEXT,1388,200,15
1760124461969,TEXT,1388,200,15
1760124461969,TEXT,1388,200,15
1760124461970,TEXT,1388,200,15
1760124461970,TEXT,1388,200,15
1760124461970,TEXT,1388,200,15
1760124461970,JOIN,1388,200,15
1760124461970,TEXT,1388,200,15
1760124461970,TEXT,1388,200,15
1760124461970,TEXT,1388,200,15
1760124461970,TEXT,1388,200,15
1760124461970,TEXT,1388,200,15
1760124461970,TEXT,1388,200,15
1760124461970,TEXT,1388,200,15
1760124461970,TEXT,1388,200,15
1760124461970,TEXT,1387,200,15
1760124461970,TEXT,1387,200,15
1760124461971,JOIN,1387,200,15
1760124461971,TEXT,1387,200,15
1760124461971,TEXT,1387,200,15
1760124461971,TEXT,1387,200,15
1760124461971,TEXT,1387,200,15
1760124461971,TEXT,1387,200,15
1760124461972,TEXT,1386,200,15
1760124461972,TEXT,1386,200,15
1760124461972,TEXT,1386,200,15
1760124461972,TEXT,1386,200,15
1760124461972,TEXT,1386,200,15
1760124461972,TEXT,1386,200,15
1760124461972,LEAVE,1386,200,15
1760124461972,TEXT,1386,200,15
1760124461972,TEXT,1386,200,15
1760124461972,TEXT,1386,200,15
1760124461972,TEXT,1386,200,15
1760124461972,TEXT,1386,200,15
1760124461973,TEXT,1385,200,15
1760124461973,TEXT,1385,200,15
1760124461973,TEXT,1385,200,15
1760124461973,TEXT,1385,200,15
1760124461973,TEXT,1385,200,15
1760124461973,TEXT,1385,200,15
1760124461973,TEXT,1385,200,15
1760124461973,JOIN,1385,200,15
1760124461973,TEXT,1385,200,15
1760124461940,TEXT,1420,200,20
1760124461940,TEXT,1420,200,20
1760124461941,TEXT,1420,200,20
1760124461941,TEXT,1419,200,20
1760124461941,TEXT,1419,200,20
1760124461941,TEXT,1419,200,20
1760124461941,TEXT,1419,200,20
1760124461941,JOIN,1419,200,20
1760124461941,TEXT,1419,200,20
1760124461942,TEXT,1419,200,20
1760124461942,TEXT,1419,200,20
1760124461942,TEXT,1419,200,20
1760124461942,TEXT,1419,200,20
1760124461942,TEXT,1418,200,20
1760124461942,TEXT,1418,200,20
1760124461942,TEXT,1418,200,20
1760124461942,TEXT,1418,200,20
1760124461942,TEXT,1418,200,20
1760124461942,TEXT,1418,200,20
1760124461943,TEXT,1418,200,20
1760124461943,TEXT,1418,200,20
1760124461943,TEXT,1418,200,20
1760124461943,TEXT,1418,200,20
1760124461943,TEXT,1418,200,20
1760124461943,TEXT,1418,200,20
1760124461943,TEXT,1418,200,20
1760124461943,TEXT,1417,200,20
1760124461944,TEXT,1417,200,20
1760124461944,TEXT,1417,200,20
1760124461944,TEXT,1416,200,20
1760124461944,LEAVE,1416,200,20
1760124461944,TEXT,1416,200,20
1760124461944,TEXT,1416,200,20
1760124461944,TEXT,1416,200,20
1760124461945,TEXT,1416,200,20
1760124461945,TEXT,1416,200,20
1760124461945,TEXT,1415,200,20
1760124461945,TEXT,1415,200,20
1760124461946,LEAVE,1415,200,20
1760124461946,TEXT,1414,200,20
1760124461947,TEXT,1414,200,20
1760124461947,TEXT,1413,200,20
1760124461948,TEXT,1412,200,20
1760124461948,TEXT,1412,200,20
1760124461949,TEXT,1412,200,20
1760124461949,TEXT,1412,200,20
1760124461949,TEXT,1412,200,20
1760124461949,JOIN,1412,200,20
1760124461949,TEXT,1411,200,20
1760124461949,TEXT,1411,200,20
1760124461949,TEXT,1411,200,20
1760124461951,TEXT,1409,200,20
1760124461951,LEAVE,1409,200,20
1760124461953,TEXT,1407,200,20
1760124461953,TEXT,1407,200,20
1760124461954,JOIN,1407,200,20
1760124461954,TEXT,1407,200,20
1760124461954,TEXT,1407,200,20
1760124461955,TEXT,1406,200,20
1760124461955,TEXT,1406,200,20
1760124461958,TEXT,1402,200,20
1760124461958,TEXT,1402,200,20
1760124461958,TEXT,1402,200,20
1760124461958,TEXT,1402,200,20
1760124461958,TEXT,1402,200,20
1760124461959,TEXT,1401,200,20
1760124461959,TEXT,1401,200,20
1760124461959,TEXT,1401,200,20
1760124461959,TEXT,1401,200,20
1760124461959,TEXT,1401,200,20
1760124461960,TEXT,1401,200,20
1760124461960,TEXT,1401,200,20
1760124461960,TEXT,1401,200,20
1760124461960,TEXT,1401,200,20
1760124461961,JOIN,1400,200,20
1760124461961,TEXT,1399,200,20
1760124461962,TEXT,1399,200,20
1760124461962,TEXT,1399,200,20
1760124461962,TEXT,1399,200,20
1760124461962,JOIN,1399,200,20
1760124461962,TEXT,1399,200,20
1760124461962,TEXT,1398,200,20
1760124461962,LEAVE,1398,200,20
1760124461962,TEXT,1398,200,20
1760124461962,TEXT,1398,200,20
1760124461962,TEXT,1398,200,20
1760124461963,TEXT,1398,200,20
1760124461963,JOIN,1398,200,20
1760124461963,TEXT,1398,200,20
1760124461963,TEXT,1398,200,20
1760124461963,TEXT,1398,200,20
1760124461963,TEXT,1398,200,20
1760124461963,TEXT,1398,200,20
1760124461963,TEXT,1398,200,20
1760124461946,TEXT,1416,200,5
1760124461946,TEXT,1416,200,5
1760124461946,TEXT,1415,200,5
1760124461947,TEXT,1415,200,5
1760124461947,JOIN,1415,200,5
1760124461947,JOIN,1415,200,5
1760124461949,TEXT,1413,200,5
1760124461949,TEXT,1413,200,5
1760124461949,TEXT,1413,200,5
1760124461949,JOIN,1413,200,5
1760124461949,TEXT,1413,200,5
1760124461949,LEAVE,1413,200,5
1760124461949,TEXT,1413,200,5
1760124461951,JOIN,1410,200,5
1760124461953,TEXT,1409,200,5
1760124461953,JOIN,1409,200,5
1760124461953,TEXT,1409,200,5
1760124461954,TEXT,1408,200,5
1760124461954,TEXT,1408,200,5
1760124461954,TEXT,1408,200,5
1760124461954,TEXT,1408,200,5
1760124461954,TEXT,1407,200,5
1760124461954,TEXT,1407,200,5
1760124461955,TEXT,1407,200,5
1760124461955,TEXT,1407,200,5
1760124461958,TEXT,1404,200,5
1760124461958,TEXT,1404,200,5
1760124461958,LEAVE,1404,200,5
1760124461958,TEXT,1403,200,5
1760124461958,TEXT,1403,200,5
1760124461958,TEXT,1403,200,5
1760124461959,TEXT,1403,200,5
1760124461959,TEXT,1403,200,5
1760124461959,TEXT,1403,200,5
1760124461959,TEXT,1402,200,5
1760124461959,TEXT,1402,200,5
1760124461960,TEXT,1402,200,5
1760124461960,TEXT,1402,200,5
1760124461960,TEXT,1402,200,5
1760124461960,JOIN,1402,200,5
1760124461960,TEXT,1402,200,5
1760124461960,TEXT,1402,200,5
1760124461961,TEXT,1401,200,5
1760124461961,TEXT,1401,200,5
1760124461962,TEXT,1400,200,5
1760124461962,TEXT,1400,200,5
1760124461962,TEXT,1400,200,5
1760124461962,TEXT,1400,200,5
1760124461962,TEXT,1400,200,5
1760124461962,TEXT,1400,200,5
1760124461962,TEXT,1400,200,5
1760124461962,TEXT,1400,200,5
1760124461962,TEXT,1400,200,5
1760124461962,TEXT,1400,200,5
1760124461962,TEXT,1400,200,5
1760124461962,TEXT,1400,200,5
1760124461962,TEXT,1399,200,5
1760124461962,TEXT,1399,200,5
1760124461963,JOIN,1399,200,5
1760124461963,TEXT,1399,200,5
1760124461963,TEXT,1399,200,5
1760124461963,TEXT,1399,200,5
1760124461963,TEXT,1399,200,5
1760124461963,TEXT,1399,200,5
1760124461963,TEXT,1399,200,5
1760124461963,TEXT,1399,200,5
1760124461963,TEXT,1398,200,5
1760124461963,TEXT,1398,200,5
1760124461964,TEXT,1398,200,5
1760124461964,TEXT,1398,200,5
1760124461964,TEXT,1398,200,5
1760124461964,TEXT,1398,200,5
1760124461964,TEXT,1398,200,5
1760124461964,TEXT,1398,200,5
1760124461964,TEXT,1398,200,5
1760124461964,TEXT,1398,200,5
1760124461964,TEXT,1398,200,5
1760124461964,TEXT,1398,200,5
1760124461964,JOIN,1398,200,5
1760124461964,TEXT,1398,200,5
1760124461964,TEXT,1398,200,5
1760124461964,TEXT,1398,200,5
1760124461964,TEXT,1398,200,5
1760124461965,TEXT,1398,200,5
1760124461965,TEXT,1397,200,5
1760124461965,TEXT,1397,200,5
1760124461965,TEXT,1397,200,5
1760124461965,TEXT,1397,200,5
1760124461965,TEXT,1397,200,5
1760124461965,TEXT,1397,200,5
1760124461965,TEXT,1397,200,5
1760124461965,TEXT,1397,200,5
1760124461965,TEXT,1397,200,5
1760124461940,TEXT,1422,200,8
1760124461940,TEXT,1422,200,8
1760124461941,TEXT,1421,200,8
1760124461941,TEXT,1421,200,8
1760124461941,TEXT,1421,200,8
1760124461941,TEXT,1421,200,8
1760124461941,TEXT,1421,200,8
1760124461941,TEXT,1421,200,8
1760124461941,TEXT,1421,200,8
1760124461941,TEXT,1421,200,8
1760124461942,TEXT,1421,200,8
1760124461942,TEXT,1420,200,8
1760124461942,TEXT,1420,200,8
1760124461942,TEXT,1420,200,8
1760124461942,TEXT,1420,200,8
1760124461942,TEXT,1420,200,8
1760124461942,TEXT,1420,200,8
1760124461942,TEXT,1420,200,8
1760124461942,TEXT,1420,200,8
1760124461942,TEXT,1420,200,8
1760124461942,TEXT,1420,200,8
1760124461943,TEXT,1420,200,8
1760124461943,TEXT,1420,200,8
1760124461943,TEXT,1419,200,8
1760124461943,TEXT,1419,200,8
1760124461943,TEXT,1419,200,8
1760124461944,JOIN,1419,200,8
1760124461945,TEXT,1418,200,8
1760124461945,TEXT,1418,200,8
1760124461945,TEXT,1417,200,8
1760124461945,TEXT,1417,200,8
1760124461945,TEXT,1417,200,8
1760124461945,TEXT,1417,200,8
1760124461945,TEXT,1417,200,8
1760124461946,TEXT,1417,200,8
1760124461946,TEXT,1417,200,8
1760124461946,TEXT,1417,200,8
1760124461946,TEXT,1417,200,8
1760124461946,TEXT,1416,200,8
1760124461946,TEXT,1416,200,8
1760124461946,TEXT,1416,200,8
1760124461946,TEXT,1416,200,8
1760124461947,TEXT,1416,200,8
1760124461947,TEXT,1415,200,8
1760124461948,TEXT,1414,200,8
1760124461948,TEXT,1414,200,8
1760124461949,TEXT,1414,200,8
1760124461949,TEXT,1414,200,8
1760124461949,TEXT,1414,200,8
1760124461949,TEXT,1413,200,8
1760124461949,TEXT,1413,200,8
1760124461949,TEXT,1413,200,8
1760124461951,TEXT,1411,200,8
1760124461951,TEXT,1411,200,8
1760124461953,TEXT,1409,200,8
1760124461954,TEXT,1409,200,8
1760124461954,TEXT,1409,200,8
1760124461954,TEXT,1409,200,8
1760124461954,TEXT,1409,200,8
1760124461954,TEXT,1409,200,8
1760124461954,TEXT,1408,200,8
1760124461954,TEXT,1408,200,8
1760124461954,TEXT,1408,200,8
1760124461958,TEXT,1404,200,8
1760124461958,TEXT,1404,200,8
1760124461959,TEXT,1403,200,8
1760124461959,TEXT,1403,200,8
1760124461959,TEXT,1403,200,8
1760124461959,TEXT,1403,200,8
1760124461959,TEXT,1403,200,8
1760124461960,TEXT,1403,200,8
1760124461960,TEXT,1403,200,8
1760124461960,TEXT,1403,200,8
1760124461960,TEXT,1403,200,8
1760124461961,TEXT,1402,200,8
1760124461961,TEXT,1402,200,8
1760124461961,TEXT,1401,200,8
1760124461961,TEXT,1401,200,8
1760124461961,TEXT,1401,200,8
1760124461962,TEXT,1401,200,8
1760124461962,TEXT,1400,200,8
1760124461962,TEXT,1400,200,8
1760124461962,TEXT,1400,200,8
1760124461962,TEXT,1400,200,8
1760124461962,TEXT,1400,200,8
1760124461962,TEXT,1400,200,8
1760124461962,TEXT,1400,200,8
1760124461963,TEXT,1400,200,8
1760124461963,TEXT,1400,200,8
1760124461943,TEXT,1427,200,13
1760124461943,TEXT,1427,200,13
1760124461943,TEXT,1427,200,13
1760124461943,TEXT,1427,200,13
1760124461943,TEXT,1427,200,13
1760124461944,TEXT,1426,200,13
1760124461944,JOIN,1426,200,13
1760124461944,TEXT,1426,200,13
1760124461944,TEXT,1426,200,13
1760124461944,JOIN,1426,200,13
1760124461945,TEXT,1426,200,13
1760124461945,TEXT,1426,200,13
1760124461945,TEXT,1425,200,13
1760124461945,TEXT,1425,200,13
1760124461947,TEXT,1424,200,13
1760124461947,TEXT,1424,200,13
1760124461947,TEXT,1423,200,13
1760124461947,TEXT,1423,200,13
1760124461947,TEXT,1423,200,13
1760124461947,TEXT,1423,200,13
1760124461947,TEXT,1423,200,13
1760124461947,TEXT,1423,200,13
1760124461948,TEXT,1422,200,13
1760124461949,TEXT,1421,200,13
1760124461949,TEXT,1421,200,13
1760124461949,TEXT,1421,200,13
1760124461949,TEXT,1421,200,13
1760124461949,TEXT,1421,200,13
1760124461949,TEXT,1421,200,13
1760124461949,TEXT,1421,200,13
1760124461951,TEXT,1419,200,13
1760124461951,TEXT,1419,200,13
1760124461951,TEXT,1419,200,13
1760124461953,TEXT,1417,200,13
1760124461954,TEXT,1417,200,13
1760124461954,TEXT,1416,200,13
1760124461954,TEXT,1416,200,13
1760124461954,TEXT,1416,200,13
1760124461954,TEXT,1416,200,13
1760124461954,TEXT,1416,200,13
1760124461954,TEXT,1416,200,13
1760124461955,TEXT,1416,200,13
1760124461955,TEXT,1416,200,13
1760124461958,TEXT,1412,200,13
1760124461958,TEXT,1412,200,13
1760124461959,TEXT,1412,200,13
1760124461959,LEAVE,1411,200,13
1760124461959,TEXT,1411,200,13
1760124461959,JOIN,1411,200,13
1760124461959,TEXT,1411,200,13
1760124461959,TEXT,1411,200,13
1760124461959,LEAVE,1411,200,13
1760124461960,TEXT,1411,200,13
1760124461960,LEAVE,1411,200,13
1760124461960,TEXT,1411,200,13
1760124461960,TEXT,1411,200,13
1760124461960,JOIN,1411,200,13
1760124461960,TEXT,1410,200,13
1760124461961,TEXT,1410,200,13
1760124461961,TEXT,1409,200,13
1760124461962,TEXT,1409,200,13
1760124461962,TEXT,1408,200,13
1760124461962,TEXT,1408,200,13
1760124461962,TEXT,1408,200,13
1760124461962,TEXT,1408,200,13
1760124461962,TEXT,1408,200,13
1760124461962,TEXT,1408,200,13
1760124461963,TEXT,1408,200,13
1760124461963,TEXT,1408,200,13
1760124461963,TEXT,1408,200,13
1760124461963,TEXT,1408,200,13
1760124461963,TEXT,1407,200,13
1760124461963,TEXT,1407,200,13
1760124461963,TEXT,1407,200,13
1760124461963,TEXT,1407,200,13
1760124461963,TEXT,1407,200,13
1760124461963,TEXT,1407,200,13
1760124461963,TEXT,1407,200,13
1760124461963,TEXT,1407,200,13
1760124461963,TEXT,1407,200,13
1760124461963,TEXT,1407,200,13
1760124461963,TEXT,1407,200,13
1760124461963,TEXT,1407,200,13
1760124461963,LEAVE,1407,200,13
1760124461963,TEXT,1407,200,13
1760124461963,TEXT,1407,200,13
1760124461964,TEXT,1407,200,13
1760124461964,TEXT,1407,200,13
1760124461964,TEXT,1407,200,13
1760124461964,TEXT,1407,200,13
1760124461964,TEXT,1407,200,13
1760124461964,TEXT,1407,200,13
1760124461964,TEXT,1407,200,13
1760124461964,TEXT,1407,200,13
1760124461964,TEXT,1406,200,13
1760124461964,TEXT,1406,200,13
1760124461946,TEXT,1429,200,3
1760124461946,TEXT,1429,200,3
1760124461946,TEXT,1429,200,3
1760124461947,TEXT,1429,200,3
1760124461947,TEXT,1428,200,3
1760124461947,TEXT,1428,200,3
1760124461947,TEXT,1428,200,3
1760124461948,TEXT,1427,200,3
1760124461949,TEXT,1426,200,3
1760124461949,TEXT,1426,200,3
1760124461949,TEXT,1426,200,3
1760124461949,TEXT,1426,200,3
1760124461949,TEXT,1426,200,3
1760124461949,TEXT,1426,200,3
1760124461953,TEXT,1422,200,3
1760124461953,TEXT,1422,200,3
1760124461954,TEXT,1422,200,3
1760124461954,TEXT,1422,200,3
1760124461954,TEXT,1421,200,3
1760124461954,LEAVE,1421,200,3
1760124461955,TEXT,1421,200,3
1760124461958,TEXT,1417,200,3
1760124461959,TEXT,1416,200,3
1760124461959,TEXT,1416,200,3
1760124461959,TEXT,1416,200,3
1760124461959,LEAVE,1416,200,3
1760124461960,TEXT,1416,200,3
1760124461960,TEXT,1416,200,3
1760124461960,TEXT,1416,200,3
1760124461961,TEXT,1415,200,3
1760124461962,TEXT,1414,200,3
1760124461962,JOIN,1414,200,3
1760124461962,TEXT,1413,200,3
1760124461962,JOIN,1413,200,3
1760124461962,TEXT,1413,200,3
1760124461962,TEXT,1413,200,3
1760124461962,TEXT,1413,200,3
1760124461962,TEXT,1413,200,3
1760124461962,TEXT,1413,200,3
1760124461963,TEXT,1413,200,3
1760124461963,TEXT,1413,200,3
1760124461963,TEXT,1413,200,3
1760124461963,TEXT,1412,200,3
1760124461963,TEXT,1412,200,3
1760124461963,TEXT,1412,200,3
1760124461963,TEXT,1412,200,3
1760124461963,TEXT,1412,200,3
1760124461963,TEXT,1412,200,3
1760124461964,TEXT,1412,200,3
1760124461964,TEXT,1412,200,3
1760124461964,TEXT,1412,200,3
1760124461964,TEXT,1412,200,3
1760124461964,TEXT,1412,200,3
1760124461964,JOIN,1412,200,3
1760124461964,TEXT,1412,200,3
1760124461964,TEXT,1412,200,3
1760124461964,TEXT,1411,200,3
1760124461964,TEXT,1411,200,3
1760124461964,TEXT,1411,200,3
1760124461964,TEXT,1411,200,3
1760124461964,TEXT,1411,200,3
1760124461965,TEXT,1411,200,3
1760124461965,TEXT,1411,200,3
1760124461965,TEXT,1411,200,3
1760124461965,TEXT,1411,200,3
1760124461965,TEXT,1410,200,3
1760124461965,TEXT,1410,200,3
1760124461965,TEXT,1410,200,3
1760124461965,TEXT,1410,200,3
1760124461966,TEXT,1410,200,3
1760124461966,TEXT,1410,200,3
1760124461966,TEXT,1410,200,3
1760124461966,TEXT,1409,200,3
1760124461966,TEXT,1409,200,3
1760124461967,TEXT,1409,200,3
1760124461967,TEXT,1409,200,3
1760124461967,TEXT,1409,200,3
1760124461967,TEXT,1409,200,3
1760124461967,TEXT,1409,200,3
1760124461967,TEXT,1409,200,3
1760124461967,TEXT,1409,200,3
1760124461967,TEXT,1408,200,3
1760124461967,TEXT,1408,200,3
1760124461967,TEXT,1408,200,3
1760124461967,TEXT,1408,200,3
1760124461967,TEXT,1408,200,3
1760124461968,TEXT,1408,200,3
1760124461968,TEXT,1408,200,3
1760124461968,TEXT,1408,200,3
1760124461968,TEXT,1408,200,3
1760124461968,TEXT,1408,200,3
1760124461968,LEAVE,1408,200,3
1760124461968,JOIN,1407,200,3
1760124461968,TEXT,1407,200,3
1760124461941,TEXT,1443,200,18
1760124461941,TEXT,1443,200,18
1760124461941,TEXT,1443,200,18
1760124461941,TEXT,1443,200,18
1760124461942,TEXT,1443,200,18
1760124461942,TEXT,1443,200,18
1760124461942,LEAVE,1442,200,18
1760124461942,TEXT,1442,200,18
1760124461942,TEXT,1442,200,18
1760124461942,TEXT,1442,200,18
1760124461943,TEXT,1441,200,18
1760124461943,TEXT,1441,200,18
1760124461944,TEXT,1440,200,18
1760124461944,TEXT,1440,200,18
1760124461944,TEXT,1440,200,18
1760124461944,TEXT,1440,200,18
1760124461944,LEAVE,1440,200,18
1760124461944,JOIN,1440,200,18
1760124461944,TEXT,1440,200,18
1760124461944,TEXT,1440,200,18
1760124461945,TEXT,1440,200,18
1760124461945,TEXT,1439,200,18
1760124461945,TEXT,1439,200,18
1760124461946,TEXT,1439,200,18
1760124461946,LEAVE,1438,200,18
1760124461946,TEXT,1438,200,18
1760124461946,LEAVE,1438,200,18
1760124461947,TEXT,1438,200,18
1760124461947,TEXT,1438,200,18
1760124461949,TEXT,1436,200,18
1760124461949,TEXT,1436,200,18
1760124461949,TEXT,1436,200,18
1760124461949,TEXT,1436,200,18
1760124461949,TEXT,1435,200,18
1760124461949,TEXT,1435,200,18
1760124461949,TEXT,1435,200,18
1760124461949,TEXT,1435,200,18
1760124461949,TEXT,1435,200,18
1760124461949,TEXT,1435,200,18
1760124461951,TEXT,1433,200,18
1760124461954,TEXT,1431,200,18
1760124461954,TEXT,1431,200,18
1760124461954,TEXT,1431,200,18
1760124461954,TEXT,1431,200,18
1760124461954,TEXT,1430,200,18
1760124461954,TEXT,1430,200,18
1760124461954,TEXT,1430,200,18
1760124461954,TEXT,1430,200,18
1760124461954,TEXT,1430,200,18
1760124461955,TEXT,1430,200,18
1760124461955,JOIN,1430,200,18
1760124461955,TEXT,1430,200,18
1760124461955,TEXT,1430,200,18
1760124461958,TEXT,1426,200,18
1760124461958,TEXT,1426,200,18
1760124461959,TEXT,1425,200,18
1760124461959,LEAVE,1425,200,18
1760124461959,TEXT,1425,200,18
1760124461959,TEXT,1425,200,18
1760124461960,LEAVE,1425,200,18
1760124461960,TEXT,1425,200,18
1760124461960,TEXT,1424,200,18
1760124461961,TEXT,1424,200,18
1760124461961,TEXT,1424,200,18
1760124461961,TEXT,1424,200,18
1760124461961,TEXT,1424,200,18
1760124461961,TEXT,1423,200,18
1760124461961,TEXT,1423,200,18
1760124461962,JOIN,1423,200,18
1760124461962,TEXT,1423,200,18
1760124461962,TEXT,1422,200,18
1760124461962,TEXT,1422,200,18
1760124461962,TEXT,1422,200,18
1760124461962,TEXT,1422,200,18
1760124461962,TEXT,1422,200,18
1760124461962,TEXT,1422,200,18
1760124461962,TEXT,1422,200,18
1760124461962,TEXT,1422,200,18
1760124461962,TEXT,1422,200,18
1760124461962,TEXT,1422,200,18
1760124461963,TEXT,1422,200,18
1760124461963,TEXT,1422,200,18
1760124461963,TEXT,1422,200,18
1760124461963,TEXT,1422,200,18
1760124461963,TEXT,1422,200,18
1760124461963,TEXT,1421,200,18
1760124461963,TEXT,1421,200,18
1760124461963,TEXT,1421,200,18
1760124461963,TEXT,1421,200,18
1760124461963,TEXT,1421,200,18
1760124461963,TEXT,1421,200,18
1760124461964,TEXT,1421,200,18
1760124461964,TEXT,1421,200,18
1760124461964,TEXT,1421,200,18
1760124461964,TEXT,1421,200,18
1760124461964,TEXT,1421,200,18
1760124461964,TEXT,1421,200,18
1760124461965,TEXT,1433,200,11
1760124461965,TEXT,1433,200,11
1760124461965,TEXT,1432,200,11
1760124461965,TEXT,1432,200,11
1760124461965,TEXT,1432,200,11
1760124461966,TEXT,1432,200,11
1760124461966,TEXT,1432,200,11
1760124461966,TEXT,1432,200,11
1760124461966,TEXT,1432,200,11
1760124461966,TEXT,1432,200,11
1760124461966,TEXT,1432,200,11
1760124461966,TEXT,1432,200,11
1760124461966,TEXT,1432,200,11
1760124461966,TEXT,1432,200,11
1760124461966,TEXT,1432,200,11
1760124461966,TEXT,1432,200,11
1760124461966,TEXT,1432,200,11
1760124461967,TEXT,1431,200,11
1760124461967,TEXT,1431,200,11
1760124461967,TEXT,1431,200,11
1760124461967,JOIN,1431,200,11
1760124461967,TEXT,1431,200,11
1760124461967,TEXT,1431,200,11
1760124461967,TEXT,1431,200,11
1760124461968,TEXT,1430,200,11
1760124461968,TEXT,1430,200,11
1760124461968,TEXT,1430,200,11
1760124461968,TEXT,1430,200,11
1760124461968,TEXT,1430,200,11
1760124461968,TEXT,1430,200,11
1760124461968,TEXT,1430,200,11
1760124461968,TEXT,1430,200,11
1760124461968,TEXT,1430,200,11
1760124461968,TEXT,1430,200,11
1760124461968,TEXT,1430,200,11
1760124461968,TEXT,1430,200,11
1760124461968,TEXT,1430,200,11
1760124461968,TEXT,1430,200,11
1760124461968,TEXT,1430,200,11
1760124461969,JOIN,1429,200,11
1760124461969,TEXT,1429,200,11
1760124461969,TEXT,1429,200,11
1760124461969,TEXT,1429,200,11
1760124461969,TEXT,1429,200,11
1760124461969,TEXT,1429,200,11
1760124461969,TEXT,1429,200,11
1760124461969,TEXT,1429,200,11
1760124461969,TEXT,1429,200,11
1760124461969,TEXT,1429,200,11
1760124461969,TEXT,1429,200,11
1760124461969,TEXT,1429,200,11
1760124461969,TEXT,1429,200,11
1760124461969,TEXT,1429,200,11
1760124461969,TEXT,1429,200,11
1760124461970,TEXT,1428,200,11
1760124461970,TEXT,1428,200,11
1760124461970,TEXT,1428,200,11
1760124461970,TEXT,1428,200,11
1760124461970,TEXT,1428,200,11
1760124461970,TEXT,1428,200,11
1760124461970,TEXT,1428,200,11
1760124461970,TEXT,1428,200,11
1760124461970,TEXT,1428,200,11
1760124461970,TEXT,1428,200,11
1760124461970,TEXT,1428,200,11
1760124461970,TEXT,1428,200,11
1760124461971,TEXT,1427,200,11
1760124461971,TEXT,1427,200,11
1760124461971,TEXT,1427,200,11
1760124461971,TEXT,1427,200,11
1760124461971,TEXT,1427,200,11
1760124461971,TEXT,1427,200,11
1760124461971,TEXT,1427,200,11
1760124461971,TEXT,1427,200,11
1760124461971,TEXT,1427,200,11
1760124461971,TEXT,1427,200,11
1760124461972,TEXT,1426,200,11
1760124461972,TEXT,1426,200,11
1760124461972,TEXT,1426,200,11
1760124461972,TEXT,1426,200,11
1760124461972,TEXT,1426,200,11
1760124461972,TEXT,1426,200,11
1760124461972,TEXT,1426,200,11
1760124461972,TEXT,1426,200,11
1760124461972,TEXT,1426,200,11
1760124461972,TEXT,1426,200,11
1760124461972,TEXT,1425,200,11
1760124461973,TEXT,1425,200,11
1760124461973,TEXT,1425,200,11
1760124461973,TEXT,1425,200,11
1760124461973,TEXT,1425,200,11
1760124461973,TEXT,1425,200,11
1760124461973,TEXT,1425,200,11
1760124461973,TEXT,1425,200,11
1760124461973,TEXT,1425,200,11
1760124461973,TEXT,1425,200,11
1760124461954,TEXT,1559,200,16
1760124461954,TEXT,1558,200,16
1760124461954,TEXT,1558,200,16
1760124461954,TEXT,1558,200,16
1760124461954,TEXT,1558,200,16
1760124461955,TEXT,1558,200,16
1760124461955,TEXT,1558,200,16
1760124461958,TEXT,1554,200,16
1760124461959,TEXT,1553,200,16
1760124461959,TEXT,1553,200,16
1760124461959,TEXT,1553,200,16
1760124461959,TEXT,1553,200,16
1760124461959,TEXT,1553,200,16
1760124461960,TEXT,1552,200,16
1760124461961,TEXT,1552,200,16
1760124461962,TEXT,1551,200,16
1760124461962,TEXT,1550,200,16
1760124461962,TEXT,1550,200,16
1760124461962,TEXT,1550,200,16
1760124461962,TEXT,1550,200,16
1760124461962,TEXT,1550,200,16
1760124461962,JOIN,1550,200,16
1760124461962,TEXT,1550,200,16
1760124461962,TEXT,1550,200,16
1760124461963,TEXT,1550,200,16
1760124461963,TEXT,1550,200,16
1760124461963,TEXT,1550,200,16
1760124461962,TEXT,1550,200,16
1760124461963,LEAVE,1549,200,16
1760124461963,TEXT,1549,200,16
1760124461963,TEXT,1549,200,16
1760124461963,TEXT,1549,200,16
1760124461963,TEXT,1549,200,16
1760124461963,TEXT,1549,200,16
1760124461963,TEXT,1549,200,16
1760124461963,TEXT,1549,200,16
1760124461963,TEXT,1549,200,16
1760124461964,TEXT,1549,200,16
1760124461964,TEXT,1549,200,16
1760124461964,TEXT,1549,200,16
1760124461964,TEXT,1549,200,16
1760124461964,TEXT,1548,200,16
1760124461964,TEXT,1550,200,16
1760124461964,TEXT,1550,200,16
1760124461964,TEXT,1549,200,16
1760124461964,TEXT,1549,200,16
1760124461965,TEXT,1549,200,16
1760124461965,JOIN,1549,200,16
1760124461965,TEXT,1549,200,16
1760124461965,TEXT,1549,200,16
1760124461965,TEXT,1549,200,16
1760124461965,TEXT,1549,200,16
1760124461965,TEXT,1549,200,16
1760124461965,TEXT,1549,200,16
1760124461965,TEXT,1549,200,16
1760124461965,TEXT,1549,200,16
1760124461965,TEXT,1549,200,16
1760124461965,TEXT,1548,200,16
1760124461966,TEXT,1548,200,16
1760124461966,TEXT,1548,200,16
1760124461966,TEXT,1548,200,16
1760124461966,TEXT,1548,200,16
1760124461966,TEXT,1548,200,16
1760124461966,TEXT,1548,200,16
1760124461966,TEXT,1548,200,16
1760124461966,TEXT,1548,200,16
1760124461966,TEXT,1547,200,16
1760124461966,TEXT,1547,200,16
1760124461966,TEXT,1547,200,16
1760124461967,TEXT,1547,200,16
1760124461967,TEXT,1547,200,16
1760124461967,TEXT,1547,200,16
1760124461967,TEXT,1547,200,16
1760124461967,TEXT,1547,200,16
1760124461967,TEXT,1547,200,16
1760124461967,TEXT,1548,200,16
1760124461967,TEXT,1548,200,16
1760124461967,TEXT,1548,200,16
1760124461967,TEXT,1548,200,16
1760124461967,TEXT,1548,200,16
1760124461967,LEAVE,1548,200,16
1760124461967,TEXT,1548,200,16
1760124461967,TEXT,1548,200,16
1760124461967,TEXT,1548,200,16
1760124461967,TEXT,1548,200,16
1760124461967,TEXT,1548,200,16
1760124461968,TEXT,1548,200,16
1760124461968,TEXT,1547,200,16
1760124461968,TEXT,1547,200,16
1760124461968,LEAVE,1547,200,16
1760124461968,TEXT,1547,200,16
1760124461968,TEXT,1547,200,16
1760124461968,TEXT,1547,200,16
1760124461968,TEXT,1547,200,16
1760124461968,TEXT,1547,200,16
1760124461968,TEXT,1547,200,16
1760124461968,TEXT,1547,200,16
1760124461968,TEXT,1547,200,16
1760124461969,LEAVE,1546,200,16
1760124461969,TEXT,1546,200,16
1760124461969,TEXT,1546,200,16
1760124461969,TEXT,1546,200,16
1760124461969,TEXT,1546,200,16
1760124461969,TEXT,1546,200,16
1760124461969,TEXT,1546,200,16
1760124461969,TEXT,1546,200,16
1760124461969,TEXT,1546,200,16
1760124461969,JOIN,1546,200,16
1760124461969,TEXT,1546,200,16
1760124461969,TEXT,1546,200,16
1760124461970,TEXT,1546,200,16
1760124461970,TEXT,1546,200,16
1760124461970,TEXT,1546,200,16
1760124461970,TEXT,1545,200,16
1760124461970,TEXT,1545,200,16
1760124461941,TEXT,1576,200,1
1760124461941,TEXT,1575,200,1
1760124461941,TEXT,1575,200,1
1760124461941,TEXT,1575,200,1
1760124461941,TEXT,1575,200,1
1760124461941,TEXT,1575,200,1
1760124461941,LEAVE,1575,200,1
1760124461942,TEXT,1575,200,1
1760124461942,TEXT,1575,200,1
1760124461942,TEXT,1575,200,1
1760124461942,TEXT,1575,200,1
1760124461942,TEXT,1574,200,1
1760124461942,TEXT,1574,200,1
1760124461942,TEXT,1574,200,1
1760124461942,TEXT,1574,200,1
1760124461942,JOIN,1574,200,1
1760124461943,TEXT,1574,200,1
1760124461943,TEXT,1573,200,1
1760124461943,TEXT,1573,200,1
1760124461943,TEXT,1573,200,1
1760124461943,TEXT,1573,200,1
1760124461943,TEXT,1573,200,1
1760124461944,TEXT,1573,200,1
1760124461944,TEXT,1572,200,1
1760124461944,TEXT,1572,200,1
1760124461944,TEXT,1572,200,1
1760124461945,TEXT,1572,200,1
1760124461945,TEXT,1572,200,1
1760124461945,TEXT,1571,200,1
1760124461945,TEXT,1571,200,1
1760124461945,TEXT,1571,200,1
1760124461945,TEXT,1571,200,1
1760124461945,TEXT,1571,200,1
1760124461945,TEXT,1571,200,1
1760124461946,TEXT,1570,200,1
1760124461946,TEXT,1570,200,1
1760124461946,TEXT,1570,200,1
1760124461946,TEXT,1570,200,1
1760124461946,TEXT,1570,200,1
1760124461947,TEXT,1570,200,1
1760124461947,TEXT,1570,200,1
1760124461947,TEXT,1570,200,1
1760124461947,TEXT,1570,200,1
1760124461947,TEXT,1570,200,1
1760124461948,LEAVE,1568,200,1
1760124461949,TEXT,1568,200,1
1760124461949,TEXT,1568,200,1
1760124461949,TEXT,1568,200,1
1760124461949,TEXT,1568,200,1
1760124461949,TEXT,1567,200,1
1760124461951,TEXT,1565,200,1
1760124461951,TEXT,1565,200,1
1760124461953,TEXT,1563,200,1
1760124461953,TEXT,1563,200,1
1760124461954,TEXT,1563,200,1
1760124461954,TEXT,1563,200,1
1760124461954,TEXT,1563,200,1
1760124461954,TEXT,1563,200,1
1760124461954,TEXT,1562,200,1
1760124461954,TEXT,1562,200,1
1760124461955,TEXT,1562,200,1
1760124461958,JOIN,1558,200,1
1760124461958,TEXT,1558,200,1
1760124461958,LEAVE,1558,200,1
1760124461958,TEXT,1558,200,1
1760124461958,TEXT,1558,200,1
1760124461958,TEXT,1558,200,1
1760124461959,LEAVE,1557,200,1
1760124461959,JOIN,1557,200,1
1760124461959,LEAVE,1557,200,1
1760124461960,TEXT,1557,200,1
1760124461960,TEXT,1557,200,1
1760124461960,TEXT,1557,200,1
1760124461961,TEXT,1556,200,1
1760124461961,TEXT,1556,200,1
1760124461961,TEXT,1555,200,1
1760124461962,TEXT,1555,200,1
1760124461962,TEXT,1555,200,1
1760124461962,TEXT,1554,200,1
1760124461962,TEXT,1554,200,1
1760124461962,TEXT,1554,200,1
1760124461962,TEXT,1554,200,1
1760124461962,TEXT,1554,200,1
1760124461962,TEXT,1554,200,1
1760124461963,TEXT,1554,200,1
1760124461963,TEXT,1554,200,1
1760124461963,TEXT,1554,200,1
1760124461963,TEXT,1554,200,1
1760124461963,TEXT,1554,200,1
1760124461963,TEXT,1554,200,1
1760124461963,TEXT,1554,200,1
1760124461963,TEXT,1554,200,1
1760124461963,JOIN,1553,200,1
1760124461963,TEXT,1553,200,1
1760124461962,TEXT,1563,200,12
1760124461962,TEXT,1563,200,12
1760124461962,TEXT,1563,200,12
1760124461963,TEXT,1563,200,12
1760124461963,TEXT,1563,200,12
1760124461963,TEXT,1563,200,12
1760124461963,TEXT,1563,200,12
1760124461963,TEXT,1563,200,12
1760124461963,TEXT,1563,200,12
1760124461963,TEXT,1563,200,12
1760124461963,TEXT,1563,200,12
1760124461963,TEXT,1563,200,12
1760124461963,TEXT,1563,200,12
1760124461963,TEXT,1563,200,12
1760124461963,TEXT,1563,200,12
1760124461963,TEXT,1563,200,12
1760124461963,TEXT,1563,200,12
1760124461963,TEXT,1562,200,12
1760124461963,TEXT,1562,200,12
1760124461963,TEXT,1562,200,12
1760124461963,TEXT,1562,200,12
1760124461963,TEXT,1562,200,12
1760124461963,TEXT,1562,200,12
1760124461963,TEXT,1562,200,12
1760124461963,TEXT,1562,200,12
1760124461963,TEXT,1562,200,12
1760124461963,TEXT,1562,200,12
1760124461964,TEXT,1562,200,12
1760124461964,TEXT,1562,200,12
1760124461964,TEXT,1562,200,12
1760124461964,TEXT,1562,200,12
1760124461964,TEXT,1562,200,12
1760124461964,TEXT,1562,200,12
1760124461964,TEXT,1562,200,12
1760124461964,TEXT,1562,200,12
1760124461964,TEXT,1562,200,12
1760124461964,TEXT,1562,200,12
1760124461964,TEXT,1562,200,12
1760124461964,TEXT,1562,200,12
1760124461964,TEXT,1562,200,12
1760124461964,TEXT,1561,200,12
1760124461964,TEXT,1561,200,12
1760124461964,TEXT,1561,200,12
1760124461964,JOIN,1561,200,12
1760124461964,TEXT,1561,200,12
1760124461964,LEAVE,1561,200,12
1760124461964,TEXT,1561,200,12
1760124461964,TEXT,1561,200,12
1760124461965,TEXT,1561,200,12
1760124461964,TEXT,1561,200,12
1760124461965,TEXT,1561,200,12
1760124461965,TEXT,1561,200,12
1760124461965,TEXT,1561,200,12
1760124461965,TEXT,1561,200,12
1760124461965,TEXT,1561,200,12
1760124461965,TEXT,1561,200,12
1760124461965,TEXT,1561,200,12
1760124461965,TEXT,1561,200,12
1760124461965,TEXT,1560,200,12
1760124461965,TEXT,1560,200,12
1760124461965,TEXT,1560,200,12
1760124461966,TEXT,1560,200,12
1760124461966,TEXT,1560,200,12
1760124461966,JOIN,1560,200,12
1760124461966,TEXT,1560,200,12
1760124461966,TEXT,1560,200,12
1760124461966,TEXT,1560,200,12
1760124461966,TEXT,1560,200,12
1760124461966,TEXT,1560,200,12
1760124461966,LEAVE,1560,200,12
1760124461966,TEXT,1560,200,12
1760124461966,TEXT,1560,200,12
1760124461967,TEXT,1559,200,12
1760124461967,TEXT,1559,200,12
1760124461967,TEXT,1559,200,12
1760124461967,TEXT,1559,200,12
1760124461967,TEXT,1559,200,12
1760124461967,TEXT,1558,200,12
1760124461968,TEXT,1558,200,12
1760124461968,TEXT,1558,200,12
1760124461968,TEXT,1558,200,12
1760124461968,TEXT,1558,200,12
1760124461968,LEAVE,1558,200,12
1760124461968,TEXT,1558,200,12
1760124461968,TEXT,1558,200,12
1760124461968,TEXT,1558,200,12
1760124461968,TEXT,1558,200,12
1760124461968,TEXT,1558,200,12
1760124461923,TEXT,1604,200,14
1760124461923,TEXT,1604,200,14
1760124461923,TEXT,1604,200,14
1760124461923,TEXT,1604,200,14
1760124461923,TEXT,1604,200,14
1760124461923,TEXT,1603,200,14
1760124461924,TEXT,1603,200,14
1760124461924,TEXT,1603,200,14
1760124461924,LEAVE,1603,200,14
1760124461924,TEXT,1603,200,14
1760124461924,TEXT,1603,200,14
1760124461924,TEXT,1603,200,14
1760124461924,TEXT,1603,200,14
1760124461924,TEXT,1602,200,14
1760124461925,TEXT,1602,200,14
1760124461925,JOIN,1602,200,14
1760124461925,TEXT,1602,200,14
1760124461925,LEAVE,1602,200,14
1760124461925,LEAVE,1602,200,14
1760124461925,TEXT,1602,200,14
1760124461925,TEXT,1602,200,14
1760124461925,TEXT,1602,200,14
1760124461925,TEXT,1602,200,14
1760124461925,TEXT,1602,200,14
1760124461925,TEXT,1602,200,14
1760124461925,TEXT,1602,200,14
1760124461926,TEXT,1601,200,14
1760124461926,TEXT,1601,200,14
1760124461926,TEXT,1601,200,14
1760124461926,TEXT,1601,200,14
1760124461926,TEXT,1601,200,14
1760124461926,TEXT,1601,200,14
1760124461926,TEXT,1601,200,14
1760124461926,TEXT,1601,200,14
1760124461926,TEXT,1601,200,14
1760124461926,TEXT,1601,200,14
1760124461926,TEXT,1601,200,14
1760124461926,TEXT,1601,200,14
1760124461926,TEXT,1601,200,14
1760124461926,TEXT,1601,200,14
1760124461926,TEXT,1601,200,14
1760124461927,JOIN,1601,200,14
1760124461927,TEXT,1600,200,14
1760124461927,TEXT,1600,200,14
1760124461927,TEXT,1600,200,14
1760124461928,TEXT,1600,200,14
1760124461928,TEXT,1599,200,14
1760124461928,TEXT,1599,200,14
1760124461928,TEXT,1599,200,14
1760124461929,TEXT,1599,200,14
1760124461929,LEAVE,1598,200,14
1760124461929,TEXT,1598,200,14
1760124461929,TEXT,1598,200,14
1760124461929,TEXT,1598,200,14
1760124461929,TEXT,1598,200,14
1760124461929,TEXT,1598,200,14
1760124461929,TEXT,1598,200,14
1760124461929,TEXT,1598,200,14
1760124461929,TEXT,1598,200,14
1760124461929,TEXT,1598,200,14
1760124461930,TEXT,1598,200,14
1760124461930,TEXT,1597,200,14
1760124461930,TEXT,1597,200,14
1760124461930,TEXT,1597,200,14
1760124461930,TEXT,1597,200,14
1760124461930,TEXT,1597,200,14
1760124461930,JOIN,1597,200,14
1760124461930,LEAVE,1597,200,14
1760124461930,TEXT,1597,200,14
1760124461930,TEXT,1597,200,14
1760124461930,TEXT,1597,200,14
1760124461931,TEXT,1596,200,14
1760124461931,TEXT,1596,200,14
1760124461932,TEXT,1595,200,14
1760124461936,TEXT,1592,200,14
1760124461936,TEXT,1591,200,14
1760124461936,TEXT,1591,200,14
1760124461936,TEXT,1591,200,14
1760124461936,TEXT,1591,200,14
1760124461940,TEXT,1587,200,14
1760124461940,TEXT,1587,200,14
1760124461940,TEXT,1587,200,14
1760124461940,TEXT,1587,200,14
1760124461940,TEXT,1587,200,14
1760124461941,TEXT,1587,200,14
1760124461941,TEXT,1587,200,14
1760124461941,TEXT,1587,200,14
1760124461941,TEXT,1587,200,14
1760124461941,TEXT,1586,200,14
1760124461941,TEXT,1586,200,14
1760124461941,TEXT,1586,200,14
1760124461942,TEXT,1586,200,14
1760124461942,TEXT,1586,200,14
1760124461942,TEXT,1585,200,14
1760124461942,TEXT,1585,200,14
1760124461942,TEXT,1585,200,14
1760124461942,TEXT,1585,200,14
1760124461942,TEXT,1585,200,14
1760124461943,TEXT,1585,200,14
1760124461943,TEXT,1585,200,14
1760124461943,TEXT,1585,200,14
1760124461943,TEXT,1585,200,14
1760124461943,TEXT,1584,200,14
1760124461943,TEXT,1584,200,14
1760124461943,TEXT,1584,200,14
1760124461944,TEXT,1584,200,14
1760124461944,TEXT,1584,200,14
1760124461944,TEXT,1583,200,14
1760124461944,TEXT,1583,200,14
1760124461944,TEXT,1583,200,14
1760124461944,TEXT,1583,200,14
1760124461944,TEXT,1583,200,14
1760124461945,LEAVE,1583,200,14
1760124461945,TEXT,1582,200,14
1760124461945,JOIN,1582,200,14
1760124461945,TEXT,1582,200,14
1760124461946,TEXT,1582,200,14
1760124461946,TEXT,1581,200,14
1760124461946,TEXT,1581,200,14
1760124461946,TEXT,1581,200,14
1760124461947,TEXT,1581,200,14
1760124461947,TEXT,1581,200,14
1760124461947,TEXT,1581,200,14
1760124461948,TEXT,1579,200,14
1760124461949,TEXT,1579,200,14
1760124461949,TEXT,1579,200,14
1760124461949,LEAVE,1579,200,14
1760124461949,TEXT,1579,200,14
1760124461949,TEXT,1578,200,14
1760124461949,JOIN,1578,200,14
1760124461949,LEAVE,1578,200,14
1760124461951,TEXT,1576,200,14
1760124461953,TEXT,1574,200,14
1760124461953,TEXT,1574,200,14
1760124461953,TEXT,1574,200,14
1760124461953,TEXT,1574,200,14
1760124461954,TEXT,1574,200,14
1760124461954,TEXT,1574,200,14
1760124461954,TEXT,1574,200,14
1760124461954,TEXT,1574,200,14
1760124461954,LEAVE,1574,200,14
1760124461955,TEXT,1573,200,14
1760124461958,TEXT,1569,200,14
1760124461958,TEXT,1569,200,14
1760124461958,TEXT,1569,200,14
1760124461958,TEXT,1569,200,14
1760124461959,TEXT,1568,200,14
1760124461960,TEXT,1568,200,14
1760124461960,TEXT,1568,200,14
1760124461960,TEXT,1568,200,14
1760124461960,TEXT,1568,200,14
1760124461961,LEAVE,1567,200,14
1760124461961,JOIN,1566,200,14
1760124461961,TEXT,1566,200,14
1760124461962,TEXT,1566,200,14
1760124461962,TEXT,1566,200,14
1760124461962,TEXT,1566,200,14
1760124461962,JOIN,1566,200,14
1760124461962,LEAVE,1566,200,14
1760124461962,TEXT,1565,200,14
1760124461962,TEXT,1565,200,14
1760124461962,TEXT,1565,200,14
1760124461962,TEXT,1565,200,14
1760124461962,TEXT,1565,200,14
1760124461963,TEXT,1565,200,14
1760124461963,TEXT,1565,200,14
1760124461963,JOIN,1565,200,14
1760124461963,TEXT,1565,200,14
1760124461963,TEXT,1565,200,14
1760124461963,TEXT,1565,200,14
1760124461963,TEXT,1565,200,14
1760124461963,TEXT,1564,200,14
1760124461963,TEXT,1564,200,14
1760124461963,TEXT,1564,200,14
1760124461963,LEAVE,1564,200,14
1760124461963,TEXT,1564,200,14
1760124461963,TEXT,1564,200,14
1760124461963,TEXT,1564,200,14
1760124461964,TEXT,1564,200,14
1760124461964,TEXT,1564,200,14
1760124461964,TEXT,1564,200,14
1760124461964,TEXT,1564,200,14
1760124461964,TEXT,1564,200,14
1760124461964,TEXT,1564,200,14
1760124461964,TEXT,1563,200,14
1760124461944,JOIN,1584,200,17
1760124461944,TEXT,1583,200,17
1760124461944,TEXT,1583,200,17
1760124461945,TEXT,1583,200,17
1760124461945,TEXT,1582,200,17
1760124461945,TEXT,1582,200,17
1760124461945,TEXT,1582,200,17
1760124461945,TEXT,1582,200,17
1760124461945,TEXT,1582,200,17
1760124461946,TEXT,1582,200,17
1760124461946,TEXT,1582,200,17
1760124461946,JOIN,1581,200,17
1760124461946,TEXT,1581,200,17
1760124461947,TEXT,1581,200,17
1760124461947,TEXT,1581,200,17
1760124461947,TEXT,1581,200,17
1760124461948,TEXT,1579,200,17
1760124461949,TEXT,1579,200,17
1760124461949,TEXT,1579,200,17
1760124461949,TEXT,1579,200,17
1760124461949,TEXT,1579,200,17
1760124461949,TEXT,1579,200,17
1760124461949,TEXT,1579,200,17
1760124461949,TEXT,1579,200,17
1760124461949,TEXT,1579,200,17
1760124461949,TEXT,1579,200,17
1760124461951,TEXT,1577,200,17
1760124461953,JOIN,1574,200,17
1760124461954,TEXT,1574,200,17
1760124461954,TEXT,1574,200,17
1760124461954,TEXT,1574,200,17
1760124461954,TEXT,1573,200,17
1760124461954,TEXT,1573,200,17
1760124461955,TEXT,1573,200,17
1760124461958,TEXT,1570,200,17
1760124461958,TEXT,1570,200,17
1760124461959,TEXT,1568,200,17
1760124461959,TEXT,1568,200,17
1760124461959,TEXT,1568,200,17
1760124461959,TEXT,1568,200,17
1760124461959,TEXT,1568,200,17
1760124461960,JOIN,1568,200,17
1760124461960,JOIN,1568,200,17
1760124461960,TEXT,1568,200,17
1760124461962,TEXT,1566,200,17
1760124461962,TEXT,1566,200,17
1760124461962,JOIN,1566,200,17
1760124461962,TEXT,1566,200,17
1760124461962,TEXT,1565,200,17
1760124461962,TEXT,1565,200,17
1760124461962,LEAVE,1565,200,17
1760124461962,TEXT,1565,200,17
1760124461962,TEXT,1565,200,17
1760124461963,TEXT,1565,200,17
1760124461963,TEXT,1565,200,17
1760124461963,TEXT,1565,200,17
1760124461963,TEXT,1565,200,17
1760124461963,TEXT,1565,200,17
1760124461963,TEXT,1565,200,17
1760124461963,TEXT,1565,200,17
1760124461963,TEXT,1565,200,17
1760124461963,TEXT,1565,200,17
1760124461963,TEXT,1565,200,17
1760124461963,TEXT,1565,200,17
1760124461963,TEXT,1565,200,17
1760124461963,TEXT,1565,200,17
1760124461963,TEXT,1565,200,17
1760124461963,TEXT,1564,200,17
1760124461963,TEXT,1564,200,17
1760124461963,TEXT,1564,200,17
1760124461963,LEAVE,1564,200,17
1760124461964,LEAVE,1564,200,17
1760124461964,TEXT,1564,200,17
1760124461964,TEXT,1564,200,17
1760124461964,TEXT,1564,200,17
1760124461964,TEXT,1564,200,17
1760124461964,TEXT,1564,200,17
1760124461964,TEXT,1564,200,17
1760124461964,TEXT,1563,200,17
1760124461964,TEXT,1563,200,17
1760124461965,TEXT,1563,200,17
1760124461965,TEXT,1563,200,17
1760124461965,TEXT,1563,200,17
1760124461965,TEXT,1563,200,17
1760124461965,TEXT,1563,200,17
1760124461965,TEXT,1562,200,17
1760124461966,TEXT,1562,200,17
1760124461966,TEXT,1562,200,17
1760124461966,TEXT,1562,200,17
1760124461966,TEXT,1562,200,17
1760124461966,TEXT,1562,200,17
1760124461966,TEXT,1562,200,17
1760124461966,TEXT,1562,200,17
1760124461966,TEXT,1562,200,17
1760124461963,TEXT,1577,200,19
1760124461963,TEXT,1577,200,19
1760124461963,TEXT,1577,200,19
1760124461963,TEXT,1577,200,19
1760124461963,TEXT,1577,200,19
1760124461963,TEXT,1577,200,19
1760124461963,TEXT,1577,200,19
1760124461963,TEXT,1577,200,19
1760124461963,TEXT,1577,200,19
1760124461963,TEXT,1577,200,19
1760124461963,TEXT,1577,200,19
1760124461963,TEXT,1577,200,19
1760124461963,TEXT,1577,200,19
1760124461963,TEXT,1577,200,19
1760124461964,TEXT,1577,200,19
1760124461964,TEXT,1577,200,19
1760124461964,LEAVE,1576,200,19
1760124461964,LEAVE,1576,200,19
1760124461964,TEXT,1576,200,19
1760124461964,TEXT,1576,200,19
1760124461964,TEXT,1576,200,19
1760124461964,TEXT,1576,200,19
1760124461964,TEXT,1576,200,19
1760124461964,TEXT,1576,200,19
1760124461964,TEXT,1576,200,19
1760124461965,JOIN,1576,200,19
1760124461965,TEXT,1576,200,19
1760124461965,TEXT,1576,200,19
1760124461965,TEXT,1576,200,19
1760124461965,TEXT,1576,200,19
1760124461965,JOIN,1576,200,19
1760124461965,TEXT,1576,200,19
1760124461965,TEXT,1576,200,19
1760124461965,LEAVE,1575,200,19
1760124461965,TEXT,1575,200,19
1760124461965,TEXT,1575,200,19
1760124461965,LEAVE,1575,200,19
1760124461965,TEXT,1575,200,19
1760124461966,TEXT,1575,200,19
1760124461966,JOIN,1574,200,19
1760124461966,TEXT,1574,200,19
1760124461966,TEXT,1574,200,19
1760124461966,TEXT,1574,200,19
1760124461966,TEXT,1574,200,19
1760124461966,TEXT,1574,200,19
1760124461966,TEXT,1574,200,19
1760124461966,TEXT,1574,200,19
1760124461966,TEXT,1574,200,19
1760124461966,TEXT,1574,200,19
1760124461966,TEXT,1574,200,19
1760124461966,TEXT,1574,200,19
1760124461967,TEXT,1574,200,19
1760124461967,TEXT,1574,200,19
1760124461967,TEXT,1574,200,19
1760124461967,TEXT,1573,200,19
1760124461967,TEXT,1573,200,19
1760124461967,TEXT,1573,200,19
1760124461967,TEXT,1573,200,19
1760124461967,TEXT,1573,200,19
1760124461967,TEXT,1573,200,19
1760124461968,TEXT,1573,200,19
1760124461968,JOIN,1573,200,19
1760124461968,TEXT,1573,200,19
1760124461968,TEXT,1573,200,19
1760124461968,TEXT,1572,200,19
1760124461968,TEXT,1572,200,19
1760124461968,TEXT,1572,200,19
1760124461968,TEXT,1572,200,19
1760124461968,TEXT,1572,200,19
1760124461968,TEXT,1572,200,19
1760124461968,TEXT,1572,200,19
1760124461968,TEXT,1572,200,19
1760124461968,JOIN,1572,200,19
1760124461968,TEXT,1572,200,19
1760124461968,TEXT,1572,200,19
1760124461968,TEXT,1572,200,19
1760124461968,TEXT,1572,200,19
1760124461968,TEXT,1572,200,19
1760124461969,TEXT,1572,200,19
1760124461969,TEXT,1572,200,19
1760124461969,TEXT,1572,200,19
1760124461969,TEXT,1572,200,19
1760124461969,TEXT,1572,200,19
1760124461969,TEXT,1572,200,19
1760124461969,TEXT,1572,200,19
1760124461969,TEXT,1571,200,19
1760124461969,TEXT,1571,200,19
1760124461969,TEXT,1571,200,19
1760124461969,TEXT,1571,200,19
1760124461969,TEXT,1571,200,19
1760124461969,LEAVE,1571,200,19
1760124461969,TEXT,1571,200,19
1760124461969,TEXT,1571,200,19
1760124461969,TEXT,1571,200,19
1760124461969,TEXT,1571,200,19
1760124461969,TEXT,1571,200,19
1760124461942,TEXT,1607,200,9
1760124461942,TEXT,1607,200,9
1760124461942,TEXT,1607,200,9
1760124461942,TEXT,1607,200,9
1760124461942,LEAVE,1607,200,9
1760124461942,TEXT,1607,200,9
1760124461942,TEXT,1607,200,9
1760124461943,TEXT,1606,200,9
1760124461943,TEXT,1606,200,9
1760124461943,TEXT,1606,200,9
1760124461944,TEXT,1605,200,9
1760124461944,TEXT,1605,200,9
1760124461944,TEXT,1605,200,9
1760124461944,TEXT,1605,200,9
1760124461944,TEXT,1605,200,9
1760124461944,TEXT,1605,200,9
1760124461944,LEAVE,1605,200,9
1760124461944,TEXT,1605,200,9
1760124461944,TEXT,1605,200,9
1760124461944,TEXT,1605,200,9
1760124461945,TEXT,1605,200,9
1760124461945,TEXT,1604,200,9
1760124461945,LEAVE,1604,200,9
1760124461945,TEXT,1604,200,9
1760124461945,TEXT,1604,200,9
1760124461945,TEXT,1604,200,9
1760124461945,TEXT,1604,200,9
1760124461945,TEXT,1604,200,9
1760124461945,TEXT,1604,200,9
1760124461945,TEXT,1604,200,9
1760124461945,TEXT,1604,200,9
1760124461946,TEXT,1603,200,9
1760124461946,TEXT,1603,200,9
1760124461946,TEXT,1603,200,9
1760124461946,TEXT,1603,200,9
1760124461946,TEXT,1603,200,9
1760124461947,TEXT,1602,200,9
1760124461947,TEXT,1602,200,9
1760124461947,TEXT,1602,200,9
1760124461947,TEXT,1602,200,9
1760124461948,TEXT,1601,200,9
1760124461948,LEAVE,1601,200,9
1760124461948,TEXT,1601,200,9
1760124461949,JOIN,1601,200,9
1760124461949,TEXT,1601,200,9
1760124461949,TEXT,1600,200,9
1760124461949,TEXT,1600,200,9
1760124461949,TEXT,1600,200,9
1760124461951,TEXT,1598,200,9
1760124461951,TEXT,1598,200,9
1760124461953,TEXT,1596,200,9
1760124461953,TEXT,1596,200,9
1760124461953,TEXT,1596,200,9
1760124461954,TEXT,1596,200,9
1760124461954,TEXT,1596,200,9
1760124461955,TEXT,1595,200,9
1760124461958,LEAVE,1591,200,9
1760124461958,TEXT,1591,200,9
1760124461958,TEXT,1591,200,9
1760124461958,TEXT,1591,200,9
1760124461959,TEXT,1590,200,9
1760124461959,TEXT,1590,200,9
1760124461959,TEXT,1590,200,9
1760124461959,TEXT,1590,200,9
1760124461959,TEXT,1590,200,9
1760124461959,TEXT,1590,200,9
1760124461960,JOIN,1590,200,9
1760124461960,TEXT,1589,200,9
1760124461961,TEXT,1588,200,9
1760124461962,TEXT,1587,200,9
1760124461962,TEXT,1587,200,9
1760124461962,LEAVE,1587,200,9
1760124461962,TEXT,1587,200,9
1760124461962,TEXT,1587,200,9
1760124461962,TEXT,1587,200,9
1760124461962,TEXT,1587,200,9
1760124461962,TEXT,1587,200,9
1760124461962,TEXT,1587,200,9
1760124461962,TEXT,1587,200,9
1760124461962,TEXT,1587,200,9
1760124461963,TEXT,1587,200,9
1760124461963,TEXT,1587,200,9
1760124461963,TEXT,1587,200,9
1760124461963,TEXT,1587,200,9
1760124461963,TEXT,1587,200,9
1760124461963,TEXT,1587,200,9
1760124461963,TEXT,1587,200,9
1760124461963,TEXT,1587,200,9
1760124461963,TEXT,1587,200,9
1760124461963,TEXT,1586,200,9
1760124461963,JOIN,1586,200,9
1760124461963,TEXT,1586,200,9
1760124461963,TEXT,1586,200,9
1760124461963,TEXT,1586,200,9
1760124461963,TEXT,1586,200,9
1760124461933,TEXT,1660,200,10
1760124461933,TEXT,1660,200,10
1760124461933,TEXT,1660,200,10
1760124461936,TEXT,1657,200,10
1760124461936,TEXT,1657,200,10
1760124461936,TEXT,1657,200,10
1760124461936,TEXT,1657,200,10
1760124461936,JOIN,1657,200,10
1760124461936,LEAVE,1657,200,10
1760124461936,TEXT,1657,200,10
1760124461936,TEXT,1657,200,10
1760124461936,TEXT,1657,200,10
1760124461936,TEXT,1657,200,10
1760124461936,TEXT,1657,200,10
1760124461936,JOIN,1657,200,10
1760124461936,TEXT,1657,200,10
1760124461936,TEXT,1657,200,10
1760124461936,TEXT,1657,200,10
1760124461940,TEXT,1653,200,10
1760124461940,TEXT,1653,200,10
1760124461940,LEAVE,1653,200,10
1760124461940,TEXT,1653,200,10
1760124461940,TEXT,1653,200,10
1760124461940,TEXT,1653,200,10
1760124461940,TEXT,1653,200,10
1760124461941,TEXT,1652,200,10
1760124461941,TEXT,1652,200,10
1760124461941,LEAVE,1652,200,10
1760124461941,TEXT,1652,200,10
1760124461941,TEXT,1652,200,10
1760124461941,TEXT,1652,200,10
1760124461941,TEXT,1652,200,10
1760124461941,TEXT,1652,200,10
1760124461941,TEXT,1652,200,10
1760124461942,TEXT,1651,200,10
1760124461942,TEXT,1651,200,10
1760124461942,TEXT,1651,200,10
1760124461942,TEXT,1651,200,10
1760124461942,TEXT,1651,200,10
1760124461942,TEXT,1651,200,10
1760124461942,TEXT,1651,200,10
1760124461942,TEXT,1651,200,10
1760124461942,LEAVE,1651,200,10
1760124461942,LEAVE,1651,200,10
1760124461942,JOIN,1651,200,10
1760124461943,TEXT,1650,200,10
1760124461943,TEXT,1650,200,10
1760124461943,TEXT,1650,200,10
1760124461943,TEXT,1650,200,10
1760124461943,TEXT,1650,200,10
1760124461943,LEAVE,1650,200,10
1760124461943,TEXT,1650,200,10
1760124461943,TEXT,1650,200,10
1760124461944,TEXT,1649,200,10
1760124461944,TEXT,1649,200,10
1760124461944,TEXT,1649,200,10
1760124461944,TEXT,1649,200,10
1760124461945,TEXT,1648,200,10
1760124461945,TEXT,1648,200,10
1760124461945,TEXT,1648,200,10
1760124461945,TEXT,1648,200,10
1760124461945,TEXT,1648,200,10
1760124461945,TEXT,1648,200,10
1760124461945,TEXT,1648,200,10
1760124461946,TEXT,1647,200,10
1760124461946,TEXT,1647,200,10
1760124461946,TEXT,1647,200,10
1760124461946,TEXT,1647,200,10
1760124461946,TEXT,1647,200,10
1760124461946,TEXT,1647,200,10
1760124461946,LEAVE,1647,200,10
1760124461946,TEXT,1647,200,10
1760124461947,TEXT,1646,200,10
1760124461947,TEXT,1646,200,10
1760124461949,TEXT,1644,200,10
1760124461949,TEXT,1644,200,10
1760124461949,TEXT,1644,200,10
1760124461949,TEXT,1644,200,10
1760124461949,TEXT,1644,200,10
1760124461949,TEXT,1644,200,10
1760124461951,TEXT,1642,200,10
1760124461953,TEXT,1640,200,10
1760124461953,TEXT,1640,200,10
1760124461954,TEXT,1639,200,10
1760124461954,TEXT,1639,200,10
1760124461954,LEAVE,1639,200,10
1760124461954,JOIN,1639,200,10
1760124461954,TEXT,1639,200,10
1760124461954,LEAVE,1639,200,10
1760124461954,TEXT,1639,200,10
1760124461954,TEXT,1639,200,10
1760124461954,TEXT,1639,200,10
1760124461955,TEXT,1638,200,10
1760124461955,TEXT,1638,200,10
1760124461955,LEAVE,1638,200,10
1760124461958,TEXT,1635,200,10
1760124461959,TEXT,1634,200,10
1760124461959,TEXT,1634,200,10
1760124461959,JOIN,1634,200,10
1760124461959,TEXT,1634,200,10
1760124461960,TEXT,1634,200,10
1760124461960,TEXT,1633,200,10
1760124461960,TEXT,1633,200,10
1760124461960,TEXT,1633,200,10
1760124461961,TEXT,1632,200,10
1760124461961,JOIN,1632,200,10
1760124461961,TEXT,1632,200,10
1760124461962,TEXT,1631,200,10
1760124461962,TEXT,1631,200,10
1760124461962,TEXT,1631,200,10
1760124461962,JOIN,1631,200,10
1760124461962,TEXT,1631,200,10
1760124461962,TEXT,1631,200,10
1760124461962,TEXT,1631,200,10
1760124461962,JOIN,1631,200,10
1760124461962,TEXT,1631,200,10
1760124461962,TEXT,1631,200,10
1760124461962,LEAVE,1631,200,10
1760124461963,TEXT,1631,200,10
1760124461963,TEXT,1631,200,10
1760124461963,TEXT,1630,200,10
1760124461963,TEXT,1630,200,10
1760124461963,TEXT,1630,200,10
1760124461963,TEXT,1630,200,10
1760124461963,TEXT,1630,200,10
1760124461963,TEXT,1630,200,10
1760124461963,TEXT,1630,200,10
1760124461963,TEXT,1630,200,10
1760124461963,TEXT,1630,200,10
1760124461963,TEXT,1630,200,10
1760124461963,TEXT,1630,200,10
1760124461964,JOIN,1629,200,10
1760124461964,TEXT,1629,200,10
1760124461964,TEXT,1629,200,10
1760124461964,TEXT,1629,200,10
1760124461964,TEXT,1629,200,10
1760124461964,JOIN,1629,200,10
1760124461965,TEXT,1628,200,10
1760124461965,TEXT,1628,200,10
1760124461965,TEXT,1628,200,10
1760124461965,TEXT,1628,200,10
1760124461965,TEXT,1628,200,10
1760124461965,TEXT,1628,200,10
1760124461965,TEXT,1628,200,10
1760124461965,TEXT,1628,200,10
1760124461965,TEXT,1628,200,10
1760124461965,TEXT,1628,200,10
1760124461965,TEXT,1628,200,10
1760124461966,LEAVE,1628,200,10
1760124461966,TEXT,1628,200,10
1760124461966,LEAVE,1628,200,10
1760124461966,TEXT,1627,200,10
1760124461966,TEXT,1627,200,10
1760124461966,TEXT,1627,200,10
1760124461966,TEXT,1627,200,10
1760124461966,TEXT,1627,200,10
1760124461966,TEXT,1627,200,10
1760124461966,JOIN,1627,200,10
1760124461966,TEXT,1627,200,10
1760124461966,TEXT,1627,200,10
1760124461966,TEXT,1627,200,10
1760124461967,JOIN,1627,200,10
1760124461967,TEXT,1627,200,10
1760124461967,TEXT,1626,200,10
1760124461967,TEXT,1626,200,10
1760124461967,TEXT,1626,200,10
1760124461967,TEXT,1626,200,10
1760124461967,TEXT,1626,200,10
1760124461967,JOIN,1626,200,10
1760124461967,TEXT,1626,200,10
1760124461967,LEAVE,1626,200,10
1760124461968,TEXT,1626,200,10
1760124461968,TEXT,1625,200,10
1760124461968,TEXT,1625,200,10
1760124461968,TEXT,1625,200,10
1760124461968,TEXT,1625,200,10
1760124461968,TEXT,1625,200,10
1760124461968,TEXT,1625,200,10
1760124461968,TEXT,1625,200,10
1760124461968,TEXT,1625,200,10
1760124461968,TEXT,1625,200,10
1760124461969,TEXT,1624,200,10
1760124461969,LEAVE,1624,200,10
1760124461969,TEXT,1624,200,10
1760124461969,TEXT,1624,200,10
1760124461969,TEXT,1624,200,10
1760124461969,JOIN,1624,200,10
1760124461969,TEXT,1624,200,10
1760124461969,TEXT,1624,200,10
1760124461968,TEXT,1701,200,2
1760124461968,TEXT,1701,200,2
1760124461968,TEXT,1700,200,2
1760124461968,TEXT,1700,200,2
1760124461968,TEXT,1700,200,2
1760124461968,TEXT,1700,200,2
1760124461968,TEXT,1700,200,2
1760124461968,TEXT,1700,200,2
1760124461968,TEXT,1700,200,2
1760124461969,TEXT,1700,200,2
1760124461969,TEXT,1700,200,2
1760124461969,TEXT,1700,200,2
1760124461969,TEXT,1700,200,2
1760124461969,JOIN,1700,200,2
1760124461969,TEXT,1700,200,2
1760124461969,TEXT,1700,200,2
1760124461969,TEXT,1700,200,2
1760124461969,TEXT,1700,200,2
1760124461969,TEXT,1700,200,2
1760124461969,TEXT,1699,200,2
1760124461969,LEAVE,1699,200,2
1760124461969,TEXT,1699,200,2
1760124461969,TEXT,1699,200,2
1760124461969,LEAVE,1699,200,2
1760124461970,TEXT,1699,200,2
1760124461970,TEXT,1699,200,2
1760124461970,JOIN,1699,200,2
1760124461970,TEXT,1699,200,2
1760124461970,TEXT,1699,200,2
1760124461970,TEXT,1699,200,2
1760124461970,TEXT,1699,200,2
1760124461970,TEXT,1698,200,2
1760124461970,TEXT,1698,200,2
1760124461970,TEXT,1698,200,2
1760124461970,TEXT,1698,200,2
1760124461970,JOIN,1698,200,2
1760124461971,TEXT,1698,200,2
1760124461971,TEXT,1698,200,2
1760124461971,TEXT,1698,200,2
1760124461971,LEAVE,1697,200,2
1760124461971,TEXT,1697,200,2
1760124461971,TEXT,1697,200,2
1760124461971,TEXT,1697,200,2
1760124461972,TEXT,1697,200,2
1760124461972,TEXT,1697,200,2
1760124461972,TEXT,1697,200,2
1760124461972,TEXT,1697,200,2
1760124461972,TEXT,1697,200,2
1760124461972,JOIN,1697,200,2
1760124461972,TEXT,1697,200,2
1760124461972,TEXT,1697,200,2
1760124461972,TEXT,1697,200,2
1760124461972,TEXT,1697,200,2
1760124461972,TEXT,1697,200,2
1760124461972,TEXT,1697,200,2
1760124461972,TEXT,1697,200,2
1760124461972,TEXT,1696,200,2
1760124461972,TEXT,1696,200,2
1760124461972,TEXT,1696,200,2
1760124461972,LEAVE,1696,200,2
1760124461973,TEXT,1696,200,2
1760124461973,TEXT,1696,200,2
1760124461973,TEXT,1696,200,2
1760124461973,TEXT,1696,200,2
1760124461973,TEXT,1696,200,2
1760124461973,TEXT,1696,200,2
1760124461973,TEXT,1696,200,2
1760124461973,TEXT,1696,200,2
1760124461973,TEXT,1696,200,2
1760124461973,LEAVE,1696,200,2
1760124461973,TEXT,1696,200,2
1760124461973,TEXT,1696,200,2
1760124461973,TEXT,1696,200,2
1760124461973,TEXT,1696,200,2
1760124461974,TEXT,1695,200,2
1760124461974,TEXT,1695,200,2
1760124461974,TEXT,1695,200,2
1760124461974,TEXT,1695,200,2
1760124461974,TEXT,1695,200,2
1760124461974,TEXT,1695,200,2
1760124461974,TEXT,1695,200,2
1760124461974,TEXT,1695,200,2
1760124461974,TEXT,1695,200,2
1760124461974,TEXT,1695,200,2
1760124461974,TEXT,1695,200,2
1760124461974,TEXT,1695,200,2
1760124461975,TEXT,1694,200,2
1760124461975,TEXT,1694,200,2
1760124461975,TEXT,1694,200,2
1760124461975,TEXT,1694,200,2
1760124461975,LEAVE,1694,200,2
1760124461975,TEXT,1694,200,2
1760124461975,TEXT,1694,200,2
1760124461975,TEXT,1694,200,2
1760124461975,TEXT,1694,200,2
1760124461975,TEXT,1694,200,2
1760124461975,TEXT,1694,200,2
1760124461975,TEXT,1694,200,2
1760124461975,TEXT,1694,200,2
1760124461975,TEXT,1694,200,2
1760124461963,TEXT,1709,200,7
1760124461963,TEXT,1709,200,7
1760124461963,TEXT,1709,200,7
1760124461963,TEXT,1709,200,7
1760124461963,TEXT,1709,200,7
1760124461963,TEXT,1709,200,7
1760124461963,TEXT,1709,200,7
1760124461963,JOIN,1709,200,7
1760124461963,TEXT,1709,200,7
1760124461963,TEXT,1708,200,7
1760124461963,LEAVE,1708,200,7
1760124461964,TEXT,1708,200,7
1760124461964,TEXT,1708,200,7
1760124461964,TEXT,1708,200,7
1760124461964,TEXT,1708,200,7
1760124461964,TEXT,1708,200,7
1760124461964,TEXT,1708,200,7
1760124461964,TEXT,1708,200,7
1760124461964,TEXT,1708,200,7
1760124461964,TEXT,1708,200,7
1760124461964,TEXT,1708,200,7
1760124461964,TEXT,1708,200,7
1760124461964,TEXT,1708,200,7
1760124461964,LEAVE,1708,200,7
1760124461964,TEXT,1708,200,7
1760124461964,TEXT,1708,200,7
1760124461964,TEXT,1708,200,7
1760124461964,TEXT,1708,200,7
1760124461964,TEXT,1708,200,7
1760124461964,TEXT,1708,200,7
1760124461964,TEXT,1708,200,7
1760124461965,TEXT,1707,200,7
1760124461965,TEXT,1707,200,7
1760124461965,TEXT,1707,200,7
1760124461965,TEXT,1707,200,7
1760124461965,TEXT,1707,200,7
1760124461965,TEXT,1707,200,7
1760124461965,TEXT,1707,200,7
1760124461965,JOIN,1707,200,7
1760124461965,TEXT,1707,200,7
1760124461965,TEXT,1707,200,7
1760124461965,TEXT,1707,200,7
1760124461965,TEXT,1707,200,7
1760124461965,TEXT,1707,200,7
1760124461965,TEXT,1707,200,7
1760124461965,TEXT,1707,200,7
1760124461965,TEXT,1707,200,7
1760124461965,TEXT,1707,200,7
1760124461966,TEXT,1706,200,7
1760124461966,TEXT,1706,200,7
1760124461966,TEXT,1706,200,7
1760124461966,TEXT,1706,200,7
1760124461966,TEXT,1706,200,7
1760124461966,TEXT,1706,200,7
1760124461966,TEXT,1706,200,7
1760124461966,LEAVE,1706,200,7
1760124461966,TEXT,1706,200,7
1760124461966,TEXT,1706,200,7
1760124461966,TEXT,1706,200,7
1760124461966,LEAVE,1706,200,7
1760124461966,TEXT,1706,200,7
1760124461966,TEXT,1706,200,7
1760124461967,TEXT,1705,200,7
1760124461967,TEXT,1705,200,7
1760124461967,JOIN,1705,200,7
1760124461967,TEXT,1705,200,7
1760124461967,TEXT,1705,200,7
1760124461967,TEXT,1705,200,7
1760124461967,TEXT,1705,200,7
1760124461967,TEXT,1705,200,7
1760124461967,TEXT,1705,200,7
1760124461967,TEXT,1705,200,7
1760124461967,TEXT,1705,200,7
1760124461967,TEXT,1705,200,7
1760124461967,TEXT,1705,200,7
1760124461967,TEXT,1705,200,7
1760124461967,TEXT,1705,200,7
1760124461967,TEXT,1705,200,7
1760124461967,TEXT,1705,200,7
1760124461967,LEAVE,1705,200,7
1760124461968,TEXT,1705,200,7
1760124461968,TEXT,1704,200,7
1760124461968,TEXT,1704,200,7
1760124461968,TEXT,1704,200,7
1760124461968,TEXT,1704,200,7
1760124461968,TEXT,1704,200,7
1760124461968,TEXT,1704,200,7
1760124461968,TEXT,1704,200,7
1760124461968,TEXT,1704,200,7
1760124461969,TEXT,1704,200,7
1760124461969,TEXT,1704,200,7
1760124461969,TEXT,1704,200,7
1760124461969,TEXT,1704,200,7
1760124461969,TEXT,1704,200,7
1760124461969,TEXT,1703,200,7
1760124461969,TEXT,1703,200,7
1760124461969,TEXT,1703,200,7
1760124461969,TEXT,1703,200,7
1760124461973,TEXT,1715,200,15
1760124461973,TEXT,1715,200,15
1760124461973,TEXT,1715,200,15
1760124461973,TEXT,1715,200,15
1760124461973,TEXT,1715,200,15
1760124461973,TEXT,1715,200,15
1760124461973,TEXT,1715,200,15
1760124461974,TEXT,1714,200,15
1760124461974,TEXT,1714,200,15
1760124461974,TEXT,1714,200,15
1760124461974,TEXT,1715,200,15
1760124461974,TEXT,1714,200,15
1760124461974,TEXT,1714,200,15
1760124461974,TEXT,1714,200,15
1760124461974,TEXT,1714,200,15
1760124461974,TEXT,1714,200,15
1760124461974,TEXT,1714,200,15
1760124461974,TEXT,1714,200,15
1760124461975,TEXT,1714,200,15
1760124461975,TEXT,1714,200,15
1760124461975,TEXT,1714,200,15
1760124461975,TEXT,1713,200,15
1760124461975,TEXT,1713,200,15
1760124461975,TEXT,1713,200,15
1760124461975,TEXT,1713,200,15
1760124461975,TEXT,1713,200,15
1760124461975,TEXT,1713,200,15
1760124461975,TEXT,1713,200,15
1760124461975,TEXT,1713,200,15
1760124461975,TEXT,1713,200,15
1760124461975,JOIN,1713,200,15
1760124461976,TEXT,1713,200,15
1760124461976,TEXT,1713,200,15
1760124461976,JOIN,1713,200,15
1760124461976,TEXT,1713,200,15
1760124461976,TEXT,1713,200,15
1760124461976,TEXT,1713,200,15
1760124461976,TEXT,1713,200,15
1760124461976,TEXT,1712,200,15
1760124461976,TEXT,1712,200,15
1760124461976,TEXT,1712,200,15
1760124461976,TEXT,1712,200,15
1760124461976,TEXT,1712,200,15
1760124461976,TEXT,1712,200,15
1760124461976,TEXT,1712,200,15
1760124461976,TEXT,1712,200,15
1760124461976,TEXT,1712,200,15
1760124461977,TEXT,1712,200,15
1760124461977,LEAVE,1712,200,15
1760124461977,TEXT,1712,200,15
1760124461977,TEXT,1712,200,15
1760124461977,TEXT,1712,200,15
1760124461977,TEXT,1711,200,15
1760124461977,TEXT,1711,200,15
1760124461977,TEXT,1711,200,15
1760124461977,TEXT,1711,200,15
1760124461977,TEXT,1711,200,15
1760124461977,TEXT,1711,200,15
1760124461977,TEXT,1711,200,15
1760124461977,TEXT,1711,200,15
1760124461978,TEXT,1710,200,15
1760124461978,TEXT,1710,200,15
1760124461978,TEXT,1710,200,15
1760124461979,TEXT,1710,200,15
1760124461979,TEXT,1710,200,15
1760124461979,TEXT,1710,200,15
1760124461979,TEXT,1709,200,15
1760124461979,TEXT,1709,200,15
1760124461979,LEAVE,1709,200,15
1760124461979,TEXT,1709,200,15
1760124461979,TEXT,1709,200,15
1760124461979,TEXT,1709,200,15
1760124461979,TEXT,1709,200,15
1760124461980,JOIN,1709,200,15
1760124461980,TEXT,1708,200,15
1760124461980,TEXT,1708,200,15
1760124461980,TEXT,1708,200,15
1760124461980,TEXT,1708,200,15
1760124461980,TEXT,1708,200,15
1760124461980,JOIN,1708,200,15
1760124461980,TEXT,1708,200,15
1760124461980,TEXT,1708,200,15
1760124461981,TEXT,1707,200,15
1760124461981,JOIN,1707,200,15
1760124461981,TEXT,1707,200,15
1760124461981,TEXT,1707,200,15
1760124461981,TEXT,1707,200,15
1760124461982,JOIN,1706,200,15
1760124461983,TEXT,1706,200,15
1760124461983,TEXT,1706,200,15
1760124461983,TEXT,1706,200,15
1760124461983,TEXT,1706,200,15
1760124461963,TEXT,1727,200,20
1760124461963,TEXT,1727,200,20
1760124461963,TEXT,1727,200,20
1760124461963,TEXT,1727,200,20
1760124461963,TEXT,1727,200,20
1760124461963,TEXT,1727,200,20
1760124461963,TEXT,1727,200,20
1760124461963,TEXT,1727,200,20
1760124461963,TEXT,1727,200,20
1760124461963,TEXT,1727,200,20
1760124461964,TEXT,1727,200,20
1760124461964,TEXT,1726,200,20
1760124461964,TEXT,1726,200,20
1760124461964,TEXT,1726,200,20
1760124461964,TEXT,1726,200,20
1760124461964,TEXT,1726,200,20
1760124461964,TEXT,1726,200,20
1760124461964,TEXT,1726,200,20
1760124461964,TEXT,1726,200,20
1760124461964,LEAVE,1726,200,20
1760124461964,TEXT,1726,200,20
1760124461965,TEXT,1726,200,20
1760124461965,TEXT,1726,200,20
1760124461965,TEXT,1726,200,20
1760124461965,TEXT,1726,200,20
1760124461965,TEXT,1726,200,20
1760124461965,TEXT,1726,200,20
1760124461965,TEXT,1726,200,20
1760124461965,TEXT,1725,200,20
1760124461965,LEAVE,1725,200,20
1760124461965,TEXT,1725,200,20
1760124461965,TEXT,1725,200,20
1760124461965,TEXT,1725,200,20
1760124461965,TEXT,1725,200,20
1760124461965,TEXT,1725,200,20
1760124461965,TEXT,1725,200,20
1760124461965,TEXT,1725,200,20
1760124461965,TEXT,1725,200,20
1760124461965,TEXT,1725,200,20
1760124461965,TEXT,1725,200,20
1760124461965,TEXT,1725,200,20
1760124461965,TEXT,1725,200,20
1760124461966,TEXT,1725,200,20
1760124461966,JOIN,1725,200,20
1760124461966,TEXT,1725,200,20
1760124461966,JOIN,1725,200,20
1760124461966,TEXT,1725,200,20
1760124461966,TEXT,1724,200,20
1760124461966,TEXT,1724,200,20
1760124461966,TEXT,1724,200,20
1760124461966,TEXT,1724,200,20
1760124461966,TEXT,1724,200,20
1760124461966,TEXT,1724,200,20
1760124461966,TEXT,1724,200,20
1760124461966,JOIN,1724,200,20
1760124461966,TEXT,1724,200,20
1760124461966,TEXT,1724,200,20
1760124461967,TEXT,1724,200,20
1760124461967,TEXT,1724,200,20
1760124461967,TEXT,1724,200,20
1760124461967,TEXT,1724,200,20
1760124461967,TEXT,1724,200,20
1760124461967,TEXT,1723,200,20
1760124461967,TEXT,1723,200,20
1760124461967,TEXT,1723,200,20
1760124461967,TEXT,1723,200,20
1760124461968,TEXT,1723,200,20
1760124461968,JOIN,1723,200,20
1760124461968,TEXT,1723,200,20
1760124461968,TEXT,1723,200,20
1760124461968,TEXT,1722,200,20
1760124461968,TEXT,1722,200,20
1760124461968,TEXT,1722,200,20
1760124461968,TEXT,1722,200,20
1760124461968,TEXT,1722,200,20
1760124461968,TEXT,1722,200,20
1760124461968,LEAVE,1722,200,20
1760124461968,TEXT,1722,200,20
1760124461969,TEXT,1722,200,20
1760124461969,TEXT,1722,200,20
1760124461969,LEAVE,1722,200,20
1760124461969,TEXT,1722,200,20
1760124461969,TEXT,1722,200,20
1760124461969,TEXT,1722,200,20
1760124461969,TEXT,1722,200,20
1760124461969,TEXT,1722,200,20
1760124461969,TEXT,1722,200,20
1760124461969,TEXT,1722,200,20
1760124461969,JOIN,1721,200,20
1760124461969,TEXT,1721,200,20
1760124461969,TEXT,1721,200,20
1760124461970,TEXT,1721,200,20
1760124461970,TEXT,1721,200,20
1760124461970,TEXT,1721,200,20
1760124461970,TEXT,1721,200,20
1760124461970,TEXT,1721,200,20
1760124461965,TEXT,1733,200,5
1760124461965,TEXT,1733,200,5
1760124461965,TEXT,1733,200,5
1760124461965,LEAVE,1733,200,5
1760124461966,TEXT,1733,200,5
1760124461966,TEXT,1733,200,5
1760124461966,JOIN,1733,200,5
1760124461966,TEXT,1733,200,5
1760124461966,TEXT,1733,200,5
1760124461966,TEXT,1733,200,5
1760124461966,TEXT,1732,200,5
1760124461966,TEXT,1732,200,5
1760124461966,TEXT,1733,200,5
1760124461966,LEAVE,1732,200,5
1760124461966,TEXT,1732,200,5
1760124461966,TEXT,1732,200,5
1760124461966,TEXT,1732,200,5
1760124461967,TEXT,1732,200,5
1760124461967,TEXT,1732,200,5
1760124461967,TEXT,1732,200,5
1760124461967,TEXT,1732,200,5
1760124461967,TEXT,1732,200,5
1760124461967,TEXT,1732,200,5
1760124461967,TEXT,1732,200,5
1760124461967,JOIN,1732,200,5
1760124461967,LEAVE,1731,200,5
1760124461967,TEXT,1731,200,5
1760124461967,TEXT,1731,200,5
1760124461967,LEAVE,1731,200,5
1760124461967,JOIN,1731,200,5
1760124461968,TEXT,1731,200,5
1760124461968,TEXT,1731,200,5
1760124461968,TEXT,1731,200,5
1760124461968,TEXT,1731,200,5
1760124461968,TEXT,1731,200,5
1760124461968,TEXT,1730,200,5
1760124461968,TEXT,1730,200,5
1760124461968,TEXT,1730,200,5
1760124461968,TEXT,1730,200,5
1760124461968,TEXT,1730,200,5
1760124461968,TEXT,1730,200,5
1760124461968,TEXT,1730,200,5
1760124461968,TEXT,1730,200,5
1760124461969,TEXT,1730,200,5
1760124461969,TEXT,1730,200,5
1760124461969,TEXT,1730,200,5
1760124461969,TEXT,1730,200,5
1760124461969,TEXT,1730,200,5
1760124461969,TEXT,1730,200,5
1760124461969,TEXT,1730,200,5
1760124461969,JOIN,1730,200,5
1760124461969,TEXT,1730,200,5
1760124461969,TEXT,1730,200,5
1760124461969,TEXT,1730,200,5
1760124461969,TEXT,1730,200,5
1760124461969,TEXT,1730,200,5
1760124461969,TEXT,1730,200,5
1760124461969,TEXT,1729,200,5
1760124461969,TEXT,1729,200,5
1760124461969,TEXT,1729,200,5
1760124461969,LEAVE,1729,200,5
1760124461969,TEXT,1729,200,5
1760124461970,TEXT,1729,200,5
1760124461970,TEXT,1729,200,5
1760124461970,TEXT,1729,200,5
1760124461970,TEXT,1729,200,5
1760124461970,TEXT,1729,200,5
1760124461970,TEXT,1729,200,5
1760124461970,TEXT,1729,200,5
1760124461970,TEXT,1729,200,5
1760124461970,TEXT,1728,200,5
1760124461970,TEXT,1728,200,5
1760124461970,TEXT,1728,200,5
1760124461971,JOIN,1728,200,5
1760124461971,TEXT,1728,200,5
1760124461971,TEXT,1728,200,5
1760124461971,TEXT,1728,200,5
1760124461971,TEXT,1728,200,5
1760124461971,TEXT,1728,200,5
1760124461971,TEXT,1728,200,5
1760124461971,TEXT,1728,200,5
1760124461971,TEXT,1727,200,5
1760124461971,JOIN,1727,200,5
1760124461971,TEXT,1727,200,5
1760124461972,TEXT,1727,200,5
1760124461972,TEXT,1727,200,5
1760124461972,TEXT,1727,200,5
1760124461972,TEXT,1727,200,5
1760124461972,TEXT,1727,200,5
1760124461972,TEXT,1727,200,5
1760124461972,TEXT,1727,200,5
1760124461972,TEXT,1727,200,5
1760124461972,TEXT,1727,200,5
1760124461972,TEXT,1727,200,5
1760124461972,TEXT,1727,200,5
1760124461972,TEXT,1727,200,5
1760124461972,TEXT,1727,200,5
1760124461972,TEXT,1727,200,5
1760124461972,TEXT,1726,200,5
1760124461972,JOIN,1726,200,5
1760124461973,TEXT,1726,200,5
1760124461973,TEXT,1726,200,5
1760124461973,TEXT,1726,200,5
1760124461973,TEXT,1726,200,5
1760124461973,TEXT,1726,200,5
1760124461973,TEXT,1726,200,5
1760124461973,TEXT,1726,200,5
1760124461973,TEXT,1726,200,5
1760124461973,TEXT,1726,200,5
1760124461973,TEXT,1726,200,5
1760124461963,TEXT,1759,200,8
1760124461963,TEXT,1758,200,8
1760124461963,TEXT,1758,200,8
1760124461963,TEXT,1758,200,8
1760124461963,TEXT,1758,200,8
1760124461963,TEXT,1758,200,8
1760124461963,TEXT,1758,200,8
1760124461963,JOIN,1758,200,8
1760124461963,TEXT,1758,200,8
1760124461963,TEXT,1758,200,8
1760124461963,TEXT,1758,200,8
1760124461964,TEXT,1758,200,8
1760124461964,TEXT,1758,200,8
1760124461964,TEXT,1758,200,8
1760124461964,JOIN,1758,200,8
1760124461964,TEXT,1757,200,8
1760124461964,TEXT,1757,200,8
1760124461964,TEXT,1757,200,8
1760124461964,TEXT,1757,200,8
1760124461964,TEXT,1757,200,8
1760124461964,TEXT,1757,200,8
1760124461965,TEXT,1757,200,8
1760124461965,TEXT,1757,200,8
1760124461965,TEXT,1757,200,8
1760124461965,LEAVE,1757,200,8
1760124461965,TEXT,1757,200,8
1760124461965,TEXT,1757,200,8
1760124461965,TEXT,1757,200,8
1760124461965,TEXT,1757,200,8
1760124461965,TEXT,1757,200,8
1760124461965,TEXT,1757,200,8
1760124461965,TEXT,1756,200,8
1760124461965,TEXT,1756,200,8
1760124461965,TEXT,1756,200,8
1760124461965,TEXT,1756,200,8
1760124461966,TEXT,1756,200,8
1760124461966,TEXT,1756,200,8
1760124461966,TEXT,1756,200,8
1760124461966,TEXT,1756,200,8
1760124461966,TEXT,1756,200,8
1760124461966,TEXT,1756,200,8
1760124461966,TEXT,1756,200,8
1760124461966,TEXT,1756,200,8
1760124461966,TEXT,1756,200,8
1760124461966,TEXT,1756,200,8
1760124461966,TEXT,1756,200,8
1760124461966,TEXT,1756,200,8
1760124461966,TEXT,1756,200,8
1760124461966,TEXT,1756,200,8
1760124461967,TEXT,1755,200,8
1760124461967,JOIN,1755,200,8
1760124461967,TEXT,1754,200,8
1760124461967,TEXT,1754,200,8
1760124461967,TEXT,1754,200,8
1760124461967,TEXT,1754,200,8
1760124461967,TEXT,1754,200,8
1760124461967,TEXT,1754,200,8
1760124461967,TEXT,1754,200,8
1760124461967,TEXT,1754,200,8
1760124461967,TEXT,1754,200,8
1760124461967,TEXT,1754,200,8
1760124461968,TEXT,1754,200,8
1760124461968,TEXT,1754,200,8
1760124461968,TEXT,1754,200,8
1760124461968,TEXT,1754,200,8
1760124461968,TEXT,1754,200,8
1760124461968,TEXT,1754,200,8
1760124461968,TEXT,1754,200,8
1760124461968,TEXT,1754,200,8
1760124461968,TEXT,1754,200,8
1760124461968,JOIN,1754,200,8
1760124461968,TEXT,1753,200,8
1760124461968,TEXT,1753,200,8
1760124461968,TEXT,1753,200,8
1760124461968,TEXT,1753,200,8
1760124461969,TEXT,1753,200,8
1760124461969,TEXT,1753,200,8
1760124461969,TEXT,1753,200,8
1760124461969,TEXT,1753,200,8
1760124461969,TEXT,1753,200,8
1760124461969,TEXT,1753,200,8
1760124461969,TEXT,1753,200,8
1760124461969,TEXT,1753,200,8
1760124461969,TEXT,1753,200,8
1760124461969,TEXT,1753,200,8
1760124461969,TEXT,1753,200,8
1760124461969,JOIN,1753,200,8
1760124461969,TEXT,1753,200,8
1760124461969,TEXT,1753,200,8
1760124461969,TEXT,1752,200,8
1760124461969,TEXT,1752,200,8
1760124461969,TEXT,1752,200,8
1760124461969,TEXT,1752,200,8
1760124461969,TEXT,1752,200,8
1760124461970,TEXT,1752,200,8
1760124461970,TEXT,1752,200,8
1760124461970,TEXT,1752,200,8
1760124461964,JOIN,1789,200,13
1760124461964,TEXT,1789,200,13
1760124461965,TEXT,1788,200,13
1760124461965,TEXT,1788,200,13
1760124461965,TEXT,1788,200,13
1760124461965,TEXT,1788,200,13
1760124461965,TEXT,1788,200,13
1760124461965,TEXT,1788,200,13
1760124461965,TEXT,1788,200,13
1760124461965,LEAVE,1788,200,13
1760124461965,TEXT,1788,200,13
1760124461966,LEAVE,1787,200,13
1760124461966,LEAVE,1787,200,13
1760124461966,TEXT,1787,200,13
1760124461966,TEXT,1787,200,13
1760124461966,TEXT,1787,200,13
1760124461966,TEXT,1787,200,13
1760124461966,TEXT,1787,200,13
1760124461966,TEXT,1787,200,13
1760124461966,TEXT,1787,200,13
1760124461966,TEXT,1787,200,13
1760124461966,TEXT,1787,200,13
1760124461967,JOIN,1787,200,13
1760124461967,TEXT,1786,200,13
1760124461967,TEXT,1786,200,13
1760124461967,TEXT,1786,200,13
1760124461967,TEXT,1786,200,13
1760124461967,TEXT,1786,200,13
1760124461967,TEXT,1786,200,13
1760124461967,TEXT,1786,200,13
1760124461967,TEXT,1786,200,13
1760124461967,LEAVE,1786,200,13
1760124461967,TEXT,1786,200,13
1760124461967,TEXT,1786,200,13
1760124461968,TEXT,1786,200,13
1760124461968,TEXT,1786,200,13
1760124461968,TEXT,1785,200,13
1760124461968,JOIN,1785,200,13
1760124461968,TEXT,1785,200,13
1760124461968,TEXT,1785,200,13
1760124461968,TEXT,1785,200,13
1760124461968,TEXT,1785,200,13
1760124461968,TEXT,1785,200,13
1760124461968,TEXT,1785,200,13
1760124461968,TEXT,1785,200,13
1760124461968,TEXT,1785,200,13
1760124461968,LEAVE,1785,200,13
1760124461968,TEXT,1785,200,13
1760124461969,TEXT,1785,200,13
1760124461969,TEXT,1784,200,13
1760124461969,TEXT,1784,200,13
1760124461969,TEXT,1784,200,13
1760124461969,LEAVE,1784,200,13
1760124461970,TEXT,1784,200,13
1760124461970,TEXT,1783,200,13
1760124461970,TEXT,1783,200,13
1760124461970,TEXT,1783,200,13
1760124461970,TEXT,1783,200,13
1760124461970,TEXT,1783,200,13
1760124461970,TEXT,1783,200,13
1760124461970,TEXT,1783,200,13
1760124461970,TEXT,1783,200,13
1760124461970,TEXT,1783,200,13
1760124461970,TEXT,1783,200,13
1760124461971,TEXT,1783,200,13
1760124461971,TEXT,1783,200,13
1760124461971,TEXT,1782,200,13
1760124461971,TEXT,1782,200,13
1760124461971,TEXT,1782,200,13
1760124461971,TEXT,1782,200,13
1760124461971,TEXT,1782,200,13
1760124461971,TEXT,1782,200,13
1760124461971,TEXT,1782,200,13
1760124461971,TEXT,1782,200,13
1760124461971,TEXT,1782,200,13
1760124461971,TEXT,1782,200,13
1760124461971,TEXT,1782,200,13
1760124461971,TEXT,1782,200,13
1760124461971,TEXT,1782,200,13
1760124461972,TEXT,1782,200,13
1760124461972,TEXT,1782,200,13
1760124461972,TEXT,1782,200,13
1760124461972,TEXT,1782,200,13
1760124461972,TEXT,1782,200,13
1760124461972,TEXT,1782,200,13
1760124461972,TEXT,1781,200,13
1760124461973,TEXT,1781,200,13
1760124461973,TEXT,1781,200,13
1760124461973,LEAVE,1781,200,13
1760124461973,TEXT,1781,200,13
1760124461973,TEXT,1781,200,13
1760124461973,TEXT,1780,200,13
1760124461973,TEXT,1780,200,13
1760124461973,TEXT,1780,200,13
1760124461973,TEXT,1780,200,13
1760124461973,TEXT,1780,200,13
1760124461974,TEXT,1780,200,13
1760124461974,TEXT,1780,200,13
1760124461974,JOIN,1780,200,13
1760124461974,TEXT,1780,200,13
1760124461974,TEXT,1779,200,13
1760124461974,TEXT,1779,200,13
1760124461974,LEAVE,1779,200,13
1760124461974,TEXT,1779,200,13
1760124461974,LEAVE,1779,200,13
1760124461974,TEXT,1779,200,13
1760124461974,TEXT,1779,200,13
1760124461974,TEXT,1779,200,13
1760124461974,TEXT,1779,200,13
1760124461974,LEAVE,1779,200,13
1760124461974,TEXT,1779,200,13
1760124461974,TEXT,1779,200,13
1760124461975,TEXT,1779,200,13
1760124461975,TEXT,1779,200,13
1760124461975,TEXT,1779,200,13
1760124461975,TEXT,1779,200,13
1760124461975,TEXT,1779,200,13
1760124461975,TEXT,1779,200,13
1760124461975,TEXT,1779,200,13
1760124461975,TEXT,1779,200,13
1760124461975,TEXT,1779,200,13
1760124461975,TEXT,1779,200,13
1760124461975,TEXT,1778,200,13
1760124461975,TEXT,1778,200,13
1760124461975,TEXT,1778,200,13
1760124461975,TEXT,1778,200,13
1760124461975,TEXT,1778,200,13
1760124461968,TEXT,1794,200,3
1760124461968,TEXT,1794,200,3
1760124461969,TEXT,1794,200,3
1760124461969,TEXT,1794,200,3
1760124461969,LEAVE,1794,200,3
1760124461969,TEXT,1794,200,3
1760124461969,TEXT,1793,200,3
1760124461969,TEXT,1793,200,3
1760124461969,TEXT,1793,200,3
1760124461969,TEXT,1793,200,3
1760124461969,TEXT,1793,200,3
1760124461969,TEXT,1793,200,3
1760124461969,TEXT,1793,200,3
1760124461969,TEXT,1793,200,3
1760124461969,TEXT,1793,200,3
1760124461969,TEXT,1793,200,3
1760124461970,TEXT,1793,200,3
1760124461970,TEXT,1793,200,3
1760124461970,TEXT,1793,200,3
1760124461970,TEXT,1793,200,3
1760124461970,TEXT,1793,200,3
1760124461970,TEXT,1792,200,3
1760124461970,LEAVE,1792,200,3
1760124461970,TEXT,1792,200,3
1760124461970,TEXT,1792,200,3
1760124461970,TEXT,1792,200,3
1760124461970,TEXT,1792,200,3
1760124461970,TEXT,1792,200,3
1760124461970,TEXT,1792,200,3
1760124461970,TEXT,1792,200,3
1760124461971,TEXT,1792,200,3
1760124461971,TEXT,1792,200,3
1760124461971,TEXT,1791,200,3
1760124461971,LEAVE,1791,200,3
1760124461971,TEXT,1791,200,3
1760124461971,TEXT,1791,200,3
1760124461971,TEXT,1791,200,3
1760124461971,TEXT,1791,200,3
1760124461971,TEXT,1791,200,3
1760124461971,TEXT,1791,200,3
1760124461971,TEXT,1791,200,3
1760124461972,TEXT,1791,200,3
1760124461972,TEXT,1791,200,3
1760124461972,TEXT,1791,200,3
1760124461972,TEXT,1791,200,3
1760124461972,TEXT,1791,200,3
1760124461972,TEXT,1791,200,3
1760124461972,TEXT,1791,200,3
1760124461972,TEXT,1790,200,3
1760124461972,LEAVE,1790,200,3
1760124461972,TEXT,1790,200,3
1760124461972,TEXT,1790,200,3
1760124461972,TEXT,1790,200,3
1760124461972,TEXT,1790,200,3
1760124461972,TEXT,1790,200,3
1760124461972,TEXT,1790,200,3
1760124461972,TEXT,1790,200,3
1760124461972,TEXT,1790,200,3
1760124461972,TEXT,1790,200,3
1760124461972,TEXT,1790,200,3
1760124461973,TEXT,1790,200,3
1760124461973,TEXT,1790,200,3
1760124461973,TEXT,1790,200,3
1760124461973,TEXT,1790,200,3
1760124461973,TEXT,1790,200,3
1760124461973,LEAVE,1789,200,3
1760124461973,TEXT,1789,200,3
1760124461973,TEXT,1789,200,3
1760124461973,TEXT,1789,200,3
1760124461973,TEXT,1789,200,3
1760124461973,TEXT,1789,200,3
1760124461973,TEXT,1789,200,3
1760124461973,TEXT,1789,200,3
1760124461974,TEXT,1789,200,3
1760124461974,TEXT,1789,200,3
1760124461974,TEXT,1789,200,3
1760124461974,TEXT,1789,200,3
1760124461974,TEXT,1789,200,3
1760124461974,TEXT,1789,200,3
1760124461974,TEXT,1788,200,3
1760124461974,TEXT,1788,200,3
1760124461974,TEXT,1788,200,3
1760124461974,TEXT,1788,200,3
1760124461974,TEXT,1788,200,3
1760124461974,TEXT,1788,200,3
1760124461975,TEXT,1788,200,3
1760124461975,TEXT,1788,200,3
1760124461975,TEXT,1788,200,3
1760124461975,TEXT,1788,200,3
1760124461975,TEXT,1788,200,3
1760124461975,TEXT,1788,200,3
1760124461975,TEXT,1787,200,3
1760124461975,TEXT,1787,200,3
1760124461975,TEXT,1787,200,3
1760124461975,TEXT,1787,200,3
1760124461975,TEXT,1787,200,3
1760124461975,TEXT,1787,200,3
1760124461975,TEXT,1787,200,3
1760124461975,TEXT,1787,200,3
1760124461975,TEXT,1787,200,3
1760124461976,TEXT,1787,200,3
1760124461976,TEXT,1787,200,3
1760124461973,TEXT,1794,200,11
1760124461973,TEXT,1794,200,11
1760124461974,TEXT,1794,200,11
1760124461974,TEXT,1794,200,11
1760124461974,TEXT,1794,200,11
1760124461974,TEXT,1793,200,11
1760124461974,LEAVE,1793,200,11
1760124461974,TEXT,1793,200,11
1760124461974,LEAVE,1793,200,11
1760124461974,TEXT,1793,200,11
1760124461974,TEXT,1793,200,11
1760124461974,TEXT,1793,200,11
1760124461974,TEXT,1793,200,11
1760124461974,TEXT,1793,200,11
1760124461974,TEXT,1793,200,11
1760124461974,TEXT,1793,200,11
1760124461975,TEXT,1793,200,11
1760124461975,TEXT,1793,200,11
1760124461975,TEXT,1793,200,11
1760124461975,TEXT,1793,200,11
1760124461975,TEXT,1793,200,11
1760124461975,TEXT,1792,200,11
1760124461975,TEXT,1792,200,11
1760124461975,TEXT,1792,200,11
1760124461975,TEXT,1792,200,11
1760124461975,TEXT,1792,200,11
1760124461975,TEXT,1792,200,11
1760124461975,TEXT,1792,200,11
1760124461976,TEXT,1792,200,11
1760124461976,TEXT,1792,200,11
1760124461976,TEXT,1792,200,11
1760124461976,TEXT,1792,200,11
1760124461976,TEXT,1792,200,11
1760124461976,TEXT,1792,200,11
1760124461976,TEXT,1792,200,11
1760124461976,TEXT,1792,200,11
1760124461976,LEAVE,1791,200,11
1760124461976,TEXT,1791,200,11
1760124461976,TEXT,1791,200,11
1760124461976,LEAVE,1791,200,11
1760124461976,TEXT,1791,200,11
1760124461976,TEXT,1791,200,11
1760124461977,TEXT,1791,200,11
1760124461977,TEXT,1791,200,11
1760124461977,TEXT,1791,200,11
1760124461977,TEXT,1790,200,11
1760124461977,TEXT,1790,200,11
1760124461977,TEXT,1790,200,11
1760124461977,TEXT,1790,200,11
1760124461977,TEXT,1790,200,11
1760124461977,TEXT,1790,200,11
1760124461977,JOIN,1790,200,11
1760124461977,TEXT,1790,200,11
1760124461978,TEXT,1790,200,11
1760124461978,TEXT,1790,200,11
1760124461978,TEXT,1789,200,11
1760124461978,TEXT,1789,200,11
1760124461979,TEXT,1789,200,11
1760124461979,TEXT,1789,200,11
1760124461979,TEXT,1789,200,11
1760124461979,TEXT,1788,200,11
1760124461980,TEXT,1788,200,11
1760124461980,TEXT,1787,200,11
1760124461980,TEXT,1787,200,11
1760124461981,TEXT,1787,200,11
1760124461981,TEXT,1787,200,11
1760124461981,TEXT,1787,200,11
1760124461981,TEXT,1787,200,11
1760124461981,TEXT,1786,200,11
1760124461981,TEXT,1786,200,11
1760124461981,TEXT,1786,200,11
1760124461981,TEXT,1786,200,11
1760124461981,TEXT,1786,200,11
1760124461981,TEXT,1786,200,11
1760124461981,TEXT,1786,200,11
1760124461982,TEXT,1785,200,11
1760124461982,TEXT,1785,200,11
1760124461983,TEXT,1785,200,11
1760124461983,TEXT,1785,200,11
1760124461983,TEXT,1785,200,11
1760124461983,TEXT,1785,200,11
1760124461983,TEXT,1785,200,11
1760124461983,TEXT,1785,200,11
1760124461983,TEXT,1784,200,11
1760124461983,TEXT,1784,200,11
1760124461983,TEXT,1784,200,11
1760124461983,TEXT,1784,200,11
1760124461984,TEXT,1784,200,11
1760124461984,TEXT,1784,200,11
1760124461984,LEAVE,1784,200,11
1760124461984,TEXT,1784,200,11
1760124461984,TEXT,1784,200,11
1760124461984,LEAVE,1784,200,11
1760124461963,TEXT,1860,200,1
1760124461963,TEXT,1860,200,1
1760124461963,TEXT,1860,200,1
1760124461963,JOIN,1860,200,1
1760124461963,TEXT,1859,200,1
1760124461964,TEXT,1859,200,1
1760124461964,TEXT,1859,200,1
1760124461964,TEXT,1859,200,1
1760124461964,TEXT,1859,200,1
1760124461964,TEXT,1859,200,1
1760124461964,TEXT,1859,200,1
1760124461964,TEXT,1859,200,1
1760124461964,TEXT,1858,200,1
1760124461964,TEXT,1858,200,1
1760124461964,JOIN,1858,200,1
1760124461964,TEXT,1858,200,1
1760124461965,TEXT,1858,200,1
1760124461965,TEXT,1858,200,1
1760124461965,TEXT,1858,200,1
1760124461965,TEXT,1858,200,1
1760124461965,TEXT,1858,200,1
1760124461965,LEAVE,1858,200,1
1760124461965,TEXT,1858,200,1
1760124461965,TEXT,1858,200,1
1760124461965,TEXT,1858,200,1
1760124461965,TEXT,1858,200,1
1760124461965,TEXT,1857,200,1
1760124461965,TEXT,1857,200,1
1760124461966,TEXT,1857,200,1
1760124461966,TEXT,1857,200,1
1760124461966,TEXT,1857,200,1
1760124461966,TEXT,1857,200,1
1760124461966,TEXT,1857,200,1
1760124461966,TEXT,1857,200,1
1760124461966,TEXT,1857,200,1
1760124461966,TEXT,1857,200,1
1760124461966,JOIN,1857,200,1
1760124461966,TEXT,1857,200,1
1760124461966,TEXT,1857,200,1
1760124461966,TEXT,1857,200,1
1760124461966,TEXT,1857,200,1
1760124461966,TEXT,1857,200,1
1760124461966,TEXT,1857,200,1
1760124461966,TEXT,1856,200,1
1760124461967,TEXT,1856,200,1
1760124461967,TEXT,1856,200,1
1760124461967,TEXT,1856,200,1
1760124461967,JOIN,1856,200,1
1760124461967,TEXT,1856,200,1
1760124461967,TEXT,1856,200,1
1760124461967,TEXT,1856,200,1
1760124461967,LEAVE,1855,200,1
1760124461967,TEXT,1855,200,1
1760124461967,TEXT,1855,200,1
1760124461968,TEXT,1855,200,1
1760124461968,TEXT,1855,200,1
1760124461968,TEXT,1855,200,1
1760124461968,TEXT,1855,200,1
1760124461968,TEXT,1855,200,1
1760124461968,TEXT,1855,200,1
1760124461968,JOIN,1855,200,1
1760124461968,TEXT,1855,200,1
1760124461968,LEAVE,1855,200,1
1760124461969,TEXT,1854,200,1
1760124461969,TEXT,1854,200,1
1760124461969,TEXT,1854,200,1
1760124461969,TEXT,1854,200,1
1760124461969,TEXT,1854,200,1
1760124461969,TEXT,1854,200,1
1760124461969,TEXT,1854,200,1
1760124461969,TEXT,1854,200,1
1760124461969,TEXT,1854,200,1
1760124461969,TEXT,1854,200,1
1760124461969,TEXT,1854,200,1
1760124461969,TEXT,1854,200,1
1760124461969,TEXT,1854,200,1
1760124461969,TEXT,1854,200,1
1760124461969,TEXT,1854,200,1
1760124461969,LEAVE,1854,200,1
1760124461969,TEXT,1854,200,1
1760124461969,TEXT,1853,200,1
1760124461970,TEXT,1853,200,1
1760124461970,TEXT,1853,200,1
1760124461970,TEXT,1853,200,1
1760124461970,TEXT,1853,200,1
1760124461970,JOIN,1853,200,1
1760124461970,TEXT,1853,200,1
1760124461970,TEXT,1853,200,1
1760124461970,TEXT,1853,200,1
1760124461970,TEXT,1853,200,1
1760124461970,TEXT,1853,200,1
1760124461968,TEXT,1858,200,12
1760124461968,TEXT,1858,200,12
1760124461968,TEXT,1858,200,12
1760124461968,TEXT,1858,200,12
1760124461968,TEXT,1858,200,12
1760124461969,TEXT,1858,200,12
1760124461969,TEXT,1858,200,12
1760124461969,LEAVE,1858,200,12
1760124461969,LEAVE,1858,200,12
1760124461969,JOIN,1857,200,12
1760124461969,TEXT,1857,200,12
1760124461969,TEXT,1857,200,12
1760124461969,TEXT,1857,200,12
1760124461969,TEXT,1857,200,12
1760124461969,TEXT,1857,200,12
1760124461969,TEXT,1857,200,12
1760124461969,TEXT,1857,200,12
1760124461970,LEAVE,1857,200,12
1760124461970,TEXT,1857,200,12
1760124461970,TEXT,1857,200,12
1760124461970,TEXT,1856,200,12
1760124461970,TEXT,1856,200,12
1760124461970,TEXT,1856,200,12
1760124461970,TEXT,1856,200,12
1760124461970,TEXT,1856,200,12
1760124461970,TEXT,1856,200,12
1760124461970,TEXT,1856,200,12
1760124461971,TEXT,1856,200,12
1760124461971,TEXT,1856,200,12
1760124461971,TEXT,1856,200,12
1760124461971,TEXT,1856,200,12
1760124461971,TEXT,1856,200,12
1760124461971,TEXT,1856,200,12
1760124461971,TEXT,1856,200,12
1760124461971,LEAVE,1855,200,12
1760124461971,TEXT,1855,200,12
1760124461971,TEXT,1855,200,12
1760124461972,TEXT,1855,200,12
1760124461972,TEXT,1855,200,12
1760124461972,TEXT,1855,200,12
1760124461972,TEXT,1855,200,12
1760124461972,TEXT,1855,200,12
1760124461972,TEXT,1855,200,12
1760124461972,TEXT,1855,200,12
1760124461972,TEXT,1855,200,12
1760124461972,TEXT,1855,200,12
1760124461972,LEAVE,1855,200,12
1760124461972,TEXT,1854,200,12
1760124461972,TEXT,1854,200,12
1760124461973,TEXT,1854,200,12
1760124461973,JOIN,1854,200,12
1760124461973,TEXT,1854,200,12
1760124461973,TEXT,1854,200,12
1760124461973,TEXT,1854,200,12
1760124461973,TEXT,1854,200,12
1760124461973,TEXT,1854,200,12
1760124461973,JOIN,1854,200,12
1760124461973,TEXT,1854,200,12
1760124461973,TEXT,1854,200,12
1760124461973,TEXT,1854,200,12
1760124461973,TEXT,1854,200,12
1760124461973,TEXT,1854,200,12
1760124461973,TEXT,1854,200,12
1760124461973,TEXT,1853,200,12
1760124461973,TEXT,1853,200,12
1760124461973,TEXT,1853,200,12
1760124461973,TEXT,1853,200,12
1760124461973,TEXT,1853,200,12
1760124461974,TEXT,1853,200,12
1760124461974,TEXT,1853,200,12
1760124461974,TEXT,1853,200,12
1760124461974,TEXT,1853,200,12
1760124461974,TEXT,1853,200,12
1760124461974,TEXT,1853,200,12
1760124461974,TEXT,1853,200,12
1760124461974,TEXT,1853,200,12
1760124461974,TEXT,1853,200,12
1760124461974,TEXT,1852,200,12
1760124461975,TEXT,1852,200,12
1760124461975,TEXT,1852,200,12
1760124461975,LEAVE,1852,200,12
1760124461975,TEXT,1852,200,12
1760124461975,TEXT,1852,200,12
1760124461975,TEXT,1852,200,12
1760124461975,JOIN,1852,200,12
1760124461975,TEXT,1852,200,12
1760124461975,TEXT,1852,200,12
1760124461975,TEXT,1852,200,12
1760124461975,TEXT,1852,200,12
1760124461975,TEXT,1852,200,12
1760124461975,TEXT,1852,200,12
1760124461975,TEXT,1852,200,12
1760124461975,JOIN,1852,200,12
1760124461975,TEXT,1851,200,12
1760124461966,TEXT,1882,200,17
1760124461966,TEXT,1882,200,17
1760124461967,TEXT,1882,200,17
1760124461967,TEXT,1882,200,17
1760124461967,TEXT,1882,200,17
1760124461968,TEXT,1881,200,17
1760124461968,TEXT,1881,200,17
1760124461968,TEXT,1881,200,17
1760124461968,TEXT,1881,200,17
1760124461968,TEXT,1881,200,17
1760124461968,TEXT,1881,200,17
1760124461968,TEXT,1881,200,17
1760124461968,TEXT,1881,200,17
1760124461968,JOIN,1881,200,17
1760124461968,TEXT,1881,200,17
1760124461968,TEXT,1881,200,17
1760124461968,TEXT,1881,200,17
1760124461968,TEXT,1881,200,17
1760124461968,TEXT,1881,200,17
1760124461969,TEXT,1881,200,17
1760124461969,JOIN,1880,200,17
1760124461969,TEXT,1880,200,17
1760124461969,TEXT,1880,200,17
1760124461969,TEXT,1880,200,17
1760124461970,TEXT,1880,200,17
1760124461970,JOIN,1880,200,17
1760124461970,TEXT,1879,200,17
1760124461970,TEXT,1879,200,17
1760124461970,TEXT,1879,200,17
1760124461970,TEXT,1879,200,17
1760124461970,JOIN,1879,200,17
1760124461970,TEXT,1879,200,17
1760124461970,TEXT,1879,200,17
1760124461970,TEXT,1879,200,17
1760124461970,TEXT,1879,200,17
1760124461970,TEXT,1879,200,17
1760124461970,TEXT,1879,200,17
1760124461970,TEXT,1879,200,17
1760124461970,JOIN,1879,200,17
1760124461970,TEXT,1879,200,17
1760124461970,TEXT,1879,200,17
1760124461970,TEXT,1879,200,17
1760124461970,LEAVE,1879,200,17
1760124461971,LEAVE,1878,200,17
1760124461971,JOIN,1878,200,17
1760124461971,TEXT,1878,200,17
1760124461971,TEXT,1878,200,17
1760124461971,TEXT,1878,200,17
1760124461971,TEXT,1878,200,17
1760124461971,TEXT,1878,200,17
1760124461971,TEXT,1878,200,17
1760124461971,TEXT,1878,200,17
1760124461971,TEXT,1878,200,17
1760124461971,TEXT,1878,200,17
1760124461971,TEXT,1878,200,17
1760124461971,TEXT,1878,200,17
1760124461971,TEXT,1878,200,17
1760124461971,TEXT,1878,200,17
1760124461971,TEXT,1878,200,17
1760124461971,TEXT,1878,200,17
1760124461971,TEXT,1878,200,17
1760124461972,TEXT,1878,200,17
1760124461972,TEXT,1878,200,17
1760124461972,TEXT,1878,200,17
1760124461972,TEXT,1878,200,17
1760124461972,TEXT,1878,200,17
1760124461972,TEXT,1877,200,17
1760124461972,TEXT,1877,200,17
1760124461972,JOIN,1877,200,17
1760124461972,TEXT,1877,200,17
1760124461972,TEXT,1877,200,17
1760124461972,JOIN,1877,200,17
1760124461972,TEXT,1877,200,17
1760124461972,JOIN,1877,200,17
1760124461973,TEXT,1877,200,17
1760124461973,TEXT,1877,200,17
1760124461973,TEXT,1876,200,17
1760124461973,TEXT,1876,200,17
1760124461973,TEXT,1876,200,17
1760124461973,TEXT,1876,200,17
1760124461973,TEXT,1876,200,17
1760124461973,TEXT,1876,200,17
1760124461973,TEXT,1876,200,17
1760124461973,TEXT,1876,200,17
1760124461973,TEXT,1876,200,17
1760124461973,TEXT,1876,200,17
1760124461970,TEXT,1908,200,19
1760124461970,TEXT,1908,200,19
1760124461970,TEXT,1908,200,19
1760124461970,TEXT,1908,200,19
1760124461970,TEXT,1908,200,19
1760124461970,TEXT,1908,200,19
1760124461970,TEXT,1908,200,19
1760124461970,TEXT,1908,200,19
1760124461970,TEXT,1908,200,19
1760124461970,LEAVE,1908,200,19
1760124461970,TEXT,1908,200,19
1760124461970,JOIN,1908,200,19
1760124461970,TEXT,1908,200,19
1760124461970,TEXT,1908,200,19
1760124461970,TEXT,1908,200,19
1760124461970,JOIN,1908,200,19
1760124461970,LEAVE,1908,200,19
1760124461970,TEXT,1908,200,19
1760124461970,TEXT,1908,200,19
1760124461971,TEXT,1907,200,19
1760124461971,TEXT,1907,200,19
1760124461971,TEXT,1907,200,19
1760124461971,TEXT,1907,200,19
1760124461971,TEXT,1907,200,19
1760124461971,TEXT,1907,200,19
1760124461971,TEXT,1907,200,19
1760124461971,TEXT,1907,200,19
1760124461971,LEAVE,1907,200,19
1760124461971,TEXT,1907,200,19
1760124461971,JOIN,1907,200,19
1760124461972,TEXT,1907,200,19
1760124461972,TEXT,1906,200,19
1760124461972,TEXT,1906,200,19
1760124461972,TEXT,1906,200,19
1760124461972,TEXT,1906,200,19
1760124461972,TEXT,1906,200,19
1760124461972,TEXT,1906,200,19
1760124461972,TEXT,1906,200,19
1760124461972,TEXT,1906,200,19
1760124461973,TEXT,1906,200,19
1760124461973,TEXT,1906,200,19
1760124461973,TEXT,1905,200,19
1760124461973,TEXT,1905,200,19
1760124461973,TEXT,1905,200,19
1760124461973,TEXT,1905,200,19
1760124461973,TEXT,1905,200,19
1760124461973,TEXT,1905,200,19
1760124461973,TEXT,1905,200,19
1760124461973,TEXT,1905,200,19
1760124461973,TEXT,1905,200,19
1760124461973,TEXT,1905,200,19
1760124461973,TEXT,1905,200,19
1760124461973,TEXT,1905,200,19
1760124461974,TEXT,1904,200,19
1760124461974,TEXT,1904,200,19
1760124461974,TEXT,1904,200,19
1760124461974,TEXT,1904,200,19
1760124461974,TEXT,1904,200,19
1760124461974,TEXT,1904,200,19
1760124461975,TEXT,1904,200,19
1760124461975,TEXT,1903,200,19
1760124461975,TEXT,1903,200,19
1760124461975,TEXT,1903,200,19
1760124461975,TEXT,1903,200,19
1760124461975,TEXT,1903,200,19
1760124461975,TEXT,1903,200,19
1760124461975,TEXT,1903,200,19
1760124461975,TEXT,1903,200,19
1760124461975,TEXT,1903,200,19
1760124461975,TEXT,1903,200,19
1760124461975,TEXT,1903,200,19
1760124461975,TEXT,1903,200,19
1760124461975,TEXT,1903,200,19
1760124461975,TEXT,1903,200,19
1760124461976,TEXT,1903,200,19
1760124461976,TEXT,1903,200,19
1760124461976,TEXT,1903,200,19
1760124461976,TEXT,1902,200,19
1760124461976,TEXT,1902,200,19
1760124461976,TEXT,1902,200,19
1760124461976,TEXT,1902,200,19
1760124461976,LEAVE,1902,200,19
1760124461977,TEXT,1902,200,19
1760124461977,TEXT,1902,200,19
1760124461977,TEXT,1902,200,19
1760124461977,JOIN,1901,200,19
1760124461977,TEXT,1901,200,19
1760124461977,TEXT,1901,200,19
1760124461977,TEXT,1901,200,19
1760124461977,TEXT,1901,200,19
1760124461977,TEXT,1901,200,19
1760124461977,TEXT,1901,200,19
1760124461977,TEXT,1901,200,19
1760124461978,TEXT,1900,200,19
1760124461978,JOIN,1900,200,19
1760124461979,TEXT,1900,200,19
1760124461979,TEXT,1899,200,19
1760124461979,TEXT,1899,200,19
1760124461964,TEXT,1940,200,9
1760124461964,TEXT,1940,200,9
1760124461964,TEXT,1940,200,9
1760124461964,TEXT,1940,200,9
1760124461964,TEXT,1940,200,9
1760124461964,TEXT,1940,200,9
1760124461964,LEAVE,1940,200,9
1760124461964,TEXT,1940,200,9
1760124461964,TEXT,1940,200,9
1760124461964,TEXT,1939,200,9
1760124461964,TEXT,1939,200,9
1760124461964,TEXT,1939,200,9
1760124461964,TEXT,1939,200,9
1760124461964,TEXT,1939,200,9
1760124461965,TEXT,1939,200,9
1760124461965,TEXT,1939,200,9
1760124461965,TEXT,1939,200,9
1760124461965,TEXT,1939,200,9
1760124461965,JOIN,1939,200,9
1760124461965,TEXT,1939,200,9
1760124461965,TEXT,1939,200,9
1760124461965,TEXT,1939,200,9
1760124461965,TEXT,1939,200,9
1760124461965,TEXT,1939,200,9
1760124461965,TEXT,1939,200,9
1760124461965,JOIN,1938,200,9
1760124461966,TEXT,1938,200,9
1760124461966,TEXT,1938,200,9
1760124461966,TEXT,1938,200,9
1760124461966,TEXT,1938,200,9
1760124461966,TEXT,1937,200,9
1760124461967,TEXT,1937,200,9
1760124461967,TEXT,1937,200,9
1760124461967,TEXT,1937,200,9
1760124461967,TEXT,1937,200,9
1760124461967,TEXT,1937,200,9
1760124461967,TEXT,1937,200,9
1760124461967,TEXT,1937,200,9
1760124461967,TEXT,1937,200,9
1760124461967,TEXT,1937,200,9
1760124461967,LEAVE,1937,200,9
1760124461967,TEXT,1937,200,9
1760124461967,TEXT,1936,200,9
1760124461968,TEXT,1936,200,9
1760124461968,TEXT,1936,200,9
1760124461968,TEXT,1936,200,9
1760124461968,TEXT,1936,200,9
1760124461968,TEXT,1936,200,9
1760124461968,LEAVE,1936,200,9
1760124461968,TEXT,1936,200,9
1760124461968,TEXT,1936,200,9
1760124461968,TEXT,1936,200,9
1760124461968,TEXT,1936,200,9
1760124461968,TEXT,1936,200,9
1760124461968,TEXT,1936,200,9
1760124461968,TEXT,1936,200,9
1760124461968,TEXT,1936,200,9
1760124461968,TEXT,1936,200,9
1760124461968,TEXT,1935,200,9
1760124461969,TEXT,1935,200,9
1760124461969,TEXT,1935,200,9
1760124461970,TEXT,1934,200,9
1760124461970,TEXT,1934,200,9
1760124461970,TEXT,1934,200,9
1760124461970,TEXT,1934,200,9
1760124461970,TEXT,1934,200,9
1760124461970,TEXT,1934,200,9
1760124461970,TEXT,1934,200,9
1760124461970,JOIN,1934,200,9
1760124461970,TEXT,1934,200,9
1760124461970,TEXT,1934,200,9
1760124461971,TEXT,1933,200,9
1760124461971,TEXT,1933,200,9
1760124461971,TEXT,1933,200,9
1760124461971,TEXT,1933,200,9
1760124461971,LEAVE,1933,200,9
1760124461971,TEXT,1933,200,9
1760124461971,TEXT,1933,200,9
1760124461971,TEXT,1933,200,9
1760124461971,LEAVE,1933,200,9
1760124461971,TEXT,1933,200,9
1760124461971,TEXT,1933,200,9
1760124461971,TEXT,1933,200,9
1760124461971,TEXT,1933,200,9
1760124461971,TEXT,1933,200,9
1760124461972,TEXT,1932,200,9
1760124461972,TEXT,1932,200,9
1760124461972,TEXT,1932,200,9
1760124461972,TEXT,1932,200,9
1760124461972,TEXT,1932,200,9
1760124461972,LEAVE,1932,200,9
1760124461972,TEXT,1932,200,9
1760124461972,TEXT,1932,200,9
1760124461972,TEXT,1932,200,9
1760124461972,TEXT,1932,200,9
1760124461972,TEXT,1932,200,9
1760124461972,TEXT,1932,200,9
1760124461972,TEXT,1932,200,9
1760124461972,TEXT,1932,200,9
1760124461972,TEXT,1932,200,9
1760124461972,TEXT,1932,200,9
1760124461972,TEXT,1932,200,9
1760124461973,TEXT,1932,200,9
1760124461973,TEXT,1932,200,9
1760124461973,TEXT,1932,200,9
1760124461973,TEXT,1932,200,9
1760124461973,TEXT,1932,200,9
1760124461973,TEXT,1931,200,9
1760124461973,TEXT,1931,200,9
1760124461973,TEXT,1931,200,9
1760124461973,TEXT,1931,200,9
1760124461973,JOIN,1931,200,9
1760124461973,JOIN,1931,200,9
1760124461973,TEXT,1931,200,9
1760124461973,TEXT,1931,200,9
1760124461973,TEXT,1931,200,9
1760124461973,JOIN,1931,200,9
1760124461973,TEXT,1931,200,9
1760124461973,TEXT,1931,200,9
1760124461973,TEXT,1931,200,9
1760124461973,LEAVE,1931,200,9
1760124461973,TEXT,1931,200,9
1760124461973,TEXT,1931,200,9
1760124461973,TEXT,1931,200,9
1760124461973,TEXT,1931,200,9
1760124461974,TEXT,1931,200,9
1760124461974,TEXT,1931,200,9
1760124461974,TEXT,1931,200,9
1760124461974,TEXT,1931,200,9
1760124461974,TEXT,1931,200,9
1760124461974,TEXT,1931,200,9
1760124461974,TEXT,1930,200,9
1760124461974,TEXT,1930,200,9
1760124461974,TEXT,1930,200,9
1760124461974,TEXT,1930,200,9
1760124461974,TEXT,1930,200,9
1760124461974,TEXT,1930,200,9
1760124461975,TEXT,1930,200,9
1760124461975,TEXT,1930,200,9
1760124461965,TEXT,1959,200,4
1760124461965,TEXT,1959,200,4
1760124461965,TEXT,1959,200,4
1760124461965,TEXT,1959,200,4
1760124461965,TEXT,1959,200,4
1760124461965,TEXT,1959,200,4
1760124461965,TEXT,1959,200,4
1760124461965,TEXT,1959,200,4
1760124461965,TEXT,1959,200,4
1760124461965,TEXT,1959,200,4
1760124461965,TEXT,1959,200,4
1760124461965,TEXT,1959,200,4
1760124461965,TEXT,1959,200,4
1760124461966,TEXT,1959,200,4
1760124461966,TEXT,1958,200,4
1760124461966,TEXT,1958,200,4
1760124461966,TEXT,1958,200,4
1760124461966,TEXT,1958,200,4
1760124461966,TEXT,1958,200,4
1760124461966,TEXT,1958,200,4
1760124461966,TEXT,1958,200,4
1760124461966,TEXT,1958,200,4
1760124461966,TEXT,1958,200,4
1760124461966,TEXT,1958,200,4
1760124461966,TEXT,1958,200,4
1760124461967,TEXT,1957,200,4
1760124461967,TEXT,1957,200,4
1760124461967,TEXT,1957,200,4
1760124461967,TEXT,1957,200,4
1760124461967,TEXT,1957,200,4
1760124461967,LEAVE,1957,200,4
1760124461967,JOIN,1957,200,4
1760124461967,TEXT,1957,200,4
1760124461967,TEXT,1957,200,4
1760124461967,TEXT,1957,200,4
1760124461967,TEXT,1957,200,4
1760124461967,TEXT,1957,200,4
1760124461967,LEAVE,1957,200,4
1760124461967,TEXT,1957,200,4
1760124461967,TEXT,1957,200,4
1760124461967,TEXT,1957,200,4
1760124461967,TEXT,1957,200,4
1760124461967,LEAVE,1957,200,4
1760124461967,LEAVE,1957,200,4
1760124461967,TEXT,1957,200,4
1760124461967,TEXT,1957,200,4
1760124461968,TEXT,1956,200,4
1760124461968,TEXT,1956,200,4
1760124461968,TEXT,1956,200,4
1760124461968,TEXT,1956,200,4
1760124461968,TEXT,1956,200,4
1760124461968,JOIN,1956,200,4
1760124461968,TEXT,1956,200,4
1760124461968,JOIN,1956,200,4
1760124461968,TEXT,1956,200,4
1760124461968,TEXT,1956,200,4
1760124461968,LEAVE,1956,200,4
1760124461968,TEXT,1956,200,4
1760124461968,TEXT,1956,200,4
1760124461969,TEXT,1956,200,4
1760124461969,TEXT,1956,200,4
1760124461969,LEAVE,1956,200,4
1760124461969,TEXT,1956,200,4
1760124461969,TEXT,1955,200,4
1760124461969,TEXT,1955,200,4
1760124461969,TEXT,1955,200,4
1760124461969,TEXT,1955,200,4
1760124461969,TEXT,1955,200,4
1760124461969,LEAVE,1955,200,4
1760124461969,TEXT,1955,200,4
1760124461969,TEXT,1955,200,4
1760124461969,TEXT,1955,200,4
1760124461969,TEXT,1955,200,4
1760124461969,TEXT,1955,200,4
1760124461969,JOIN,1955,200,4
1760124461969,TEXT,1955,200,4
1760124461970,TEXT,1955,200,4
1760124461970,TEXT,1955,200,4
1760124461970,TEXT,1955,200,4
1760124461970,TEXT,1955,200,4
1760124461970,TEXT,1955,200,4
1760124461970,TEXT,1954,200,4
1760124461970,TEXT,1954,200,4
1760124461970,TEXT,1954,200,4
1760124461970,TEXT,1954,200,4
1760124461970,TEXT,1954,200,4
1760124461970,LEAVE,1954,200,4
1760124461970,TEXT,1954,200,4
1760124461970,TEXT,1954,200,4
1760124461970,TEXT,1954,200,4
1760124461970,TEXT,1954,200,4
1760124461970,TEXT,1954,200,4
1760124461971,TEXT,1954,200,4
1760124461971,TEXT,1954,200,4
1760124461971,TEXT,1954,200,4
1760124461971,TEXT,1954,200,4
1760124461971,TEXT,1954,200,4
1760124461971,TEXT,1954,200,4
1760124461971,TEXT,1954,200,4
1760124461971,TEXT,1954,200,4
1760124461971,TEXT,1954,200,4
1760124461971,TEXT,1954,200,4
1760124461971,TEXT,1953,200,4
1760124461971,TEXT,1953,200,4
1760124461971,TEXT,1953,200,4
1760124461971,TEXT,1953,200,4
1760124461971,TEXT,1953,200,4
1760124461971,TEXT,1953,200,4
1760124461971,LEAVE,1953,200,4
1760124461971,JOIN,1953,200,4
1760124461971,TEXT,1953,200,4
1760124461971,TEXT,1953,200,4
1760124461971,TEXT,1953,200,4
1760124461971,TEXT,1953,200,4
1760124461972,TEXT,1953,200,4
1760124461972,TEXT,1953,200,4
1760124461972,TEXT,1953,200,4
1760124461972,TEXT,1953,200,4
1760124461972,TEXT,1953,200,4
1760124461972,TEXT,1952,200,4
1760124461972,TEXT,1952,200,4
1760124461972,TEXT,1952,200,4
1760124461972,TEXT,1952,200,4
1760124461972,TEXT,1952,200,4
1760124461972,TEXT,1952,200,4
1760124461973,TEXT,1952,200,4
1760124461973,TEXT,1952,200,4
1760124461973,TEXT,1952,200,4
1760124461973,TEXT,1952,200,4
1760124461973,LEAVE,1952,200,4
1760124461973,TEXT,1951,200,4
1760124461973,TEXT,1951,200,4
1760124461973,TEXT,1951,200,4
1760124461973,TEXT,1951,200,4
1760124461974,TEXT,1951,200,4
1760124461974,TEXT,1951,200,4
1760124461974,TEXT,1951,200,4
1760124461974,TEXT,1951,200,4
1760124461974,JOIN,1951,200,4
1760124461974,TEXT,1951,200,4
1760124461974,TEXT,1951,200,4
1760124461974,TEXT,1950,200,4
1760124461974,TEXT,1951,200,4
1760124461974,TEXT,1950,200,4
1760124461974,TEXT,1950,200,4
1760124461975,TEXT,1950,200,4
1760124461975,TEXT,1950,200,4
1760124461975,TEXT,1950,200,4
1760124461975,TEXT,1950,200,4
1760124461975,LEAVE,1950,200,4
1760124461975,TEXT,1950,200,4
1760124461975,TEXT,1950,200,4
1760124461975,JOIN,1950,200,4
1760124461975,TEXT,1949,200,4
1760124461975,TEXT,1949,200,4
1760124461975,TEXT,1949,200,4
1760124461975,TEXT,1949,200,4
1760124461975,TEXT,1949,200,4
1760124461975,TEXT,1949,200,4
1760124461975,TEXT,1949,200,4
1760124461975,TEXT,1949,200,4
1760124461975,TEXT,1949,200,4
1760124461975,TEXT,1949,200,4
1760124461975,TEXT,1949,200,4
1760124461976,TEXT,1949,200,4
1760124461976,JOIN,1949,200,4
1760124461976,TEXT,1949,200,4
1760124461976,TEXT,1949,200,4
1760124461976,TEXT,1949,200,4
1760124461976,TEXT,1949,200,4
1760124461976,TEXT,1949,200,4
1760124461976,TEXT,1949,200,4
1760124461976,LEAVE,1949,200,4
1760124461976,TEXT,1949,200,4
1760124461976,LEAVE,1949,200,4
1760124461976,TEXT,1949,200,4
1760124461976,TEXT,1949,200,4
1760124461976,TEXT,1949,200,4
1760124461976,TEXT,1949,200,4
1760124461976,TEXT,1948,200,4
1760124461977,TEXT,1948,200,4
1760124461977,TEXT,1948,200,4
1760124461977,TEXT,1948,200,4
1760124461977,TEXT,1948,200,4
1760124461977,JOIN,1948,200,4
1760124461977,TEXT,1948,200,4
1760124461977,TEXT,1948,200,4
1760124461969,TEXT,1967,200,6
1760124461969,TEXT,1967,200,6
1760124461969,TEXT,1967,200,6
1760124461969,TEXT,1967,200,6
1760124461969,TEXT,1967,200,6
1760124461969,TEXT,1967,200,6
1760124461969,TEXT,1967,200,6
1760124461969,TEXT,1967,200,6
1760124461970,TEXT,1967,200,6
1760124461970,TEXT,1967,200,6
1760124461970,TEXT,1967,200,6
1760124461970,TEXT,1967,200,6
1760124461970,TEXT,1967,200,6
1760124461970,TEXT,1967,200,6
1760124461970,TEXT,1967,200,6
1760124461970,TEXT,1967,200,6
1760124461970,JOIN,1967,200,6
1760124461970,TEXT,1967,200,6
1760124461970,TEXT,1967,200,6
1760124461970,TEXT,1967,200,6
1760124461970,TEXT,1966,200,6
1760124461970,TEXT,1966,200,6
1760124461970,TEXT,1966,200,6
1760124461970,TEXT,1966,200,6
1760124461970,TEXT,1966,200,6
1760124461970,TEXT,1966,200,6
1760124461970,TEXT,1966,200,6
1760124461970,TEXT,1966,200,6
1760124461970,TEXT,1966,200,6
1760124461970,TEXT,1966,200,6
1760124461970,TEXT,1966,200,6
1760124461971,TEXT,1966,200,6
1760124461971,TEXT,1966,200,6
1760124461971,TEXT,1965,200,6
1760124461971,TEXT,1965,200,6
1760124461971,TEXT,1965,200,6
1760124461971,TEXT,1965,200,6
1760124461971,TEXT,1965,200,6
1760124461971,TEXT,1965,200,6
1760124461971,TEXT,1965,200,6
1760124461972,TEXT,1965,200,6
1760124461972,TEXT,1965,200,6
1760124461972,TEXT,1965,200,6
1760124461972,TEXT,1965,200,6
1760124461972,TEXT,1965,200,6
1760124461972,TEXT,1965,200,6
1760124461972,TEXT,1965,200,6
1760124461972,JOIN,1965,200,6
1760124461972,TEXT,1965,200,6
1760124461972,TEXT,1964,200,6
1760124461972,TEXT,1964,200,6
1760124461972,TEXT,1964,200,6
1760124461973,TEXT,1964,200,6
1760124461973,TEXT,1964,200,6
1760124461973,TEXT,1964,200,6
1760124461973,TEXT,1964,200,6
1760124461973,TEXT,1964,200,6
1760124461973,TEXT,1964,200,6
1760124461973,TEXT,1964,200,6
1760124461973,LEAVE,1964,200,6
1760124461973,TEXT,1964,200,6
1760124461973,TEXT,1963,200,6
1760124461973,TEXT,1963,200,6
1760124461973,TEXT,1963,200,6
1760124461973,TEXT,1963,200,6
1760124461973,TEXT,1963,200,6
1760124461973,TEXT,1963,200,6
1760124461973,TEXT,1963,200,6
1760124461973,TEXT,1963,200,6
1760124461973,TEXT,1963,200,6
1760124461973,TEXT,1963,200,6
1760124461973,TEXT,1963,200,6
1760124461974,TEXT,1963,200,6
1760124461974,TEXT,1963,200,6
1760124461974,TEXT,1963,200,6
1760124461974,TEXT,1962,200,6
1760124461974,TEXT,1962,200,6
1760124461974,TEXT,1962,200,6
1760124461974,TEXT,1962,200,6
1760124461974,TEXT,1962,200,6
1760124461974,TEXT,1962,200,6
1760124461974,TEXT,1962,200,6
1760124461974,TEXT,1962,200,6
1760124461974,TEXT,1962,200,6
1760124461974,TEXT,1962,200,6
1760124461975,TEXT,1962,200,6
1760124461975,TEXT,1962,200,6
1760124461975,TEXT,1962,200,6
1760124461975,TEXT,1962,200,6
1760124461975,TEXT,1962,200,6
1760124461975,LEAVE,1962,200,6
1760124461975,TEXT,1962,200,6
1760124461975,TEXT,1962,200,6
1760124461975,TEXT,1962,200,6
1760124461975,TEXT,1961,200,6
1760124461975,TEXT,1961,200,6
1760124461975,TEXT,1961,200,6
1760124461975,TEXT,1961,200,6
1760124461976,TEXT,1961,200,6
1760124461976,TEXT,1961,200,6
1760124461976,TEXT,1961,200,6
1760124461976,JOIN,1961,200,6
1760124461976,TEXT,1961,200,6
1760124461976,TEXT,1961,200,6
1760124461976,TEXT,1961,200,6
1760124461976,TEXT,1961,200,6
1760124461976,JOIN,1961,200,6
1760124461976,TEXT,1961,200,6
1760124461976,TEXT,1961,200,6
1760124461976,TEXT,1961,200,6
1760124461976,TEXT,1961,200,6
1760124461976,LEAVE,1961,200,6
1760124461976,TEXT,1961,200,6
1760124461976,TEXT,1961,200,6
1760124461976,TEXT,1960,200,6
1760124461977,TEXT,1960,200,6
1760124461977,JOIN,1960,200,6
1760124461977,TEXT,1960,200,6
1760124461977,TEXT,1960,200,6
1760124461977,TEXT,1960,200,6
1760124461977,JOIN,1959,200,6
1760124461978,TEXT,1959,200,6
1760124461978,TEXT,1958,200,6
1760124461979,TEXT,1958,200,6
1760124461979,TEXT,1958,200,6
1760124461979,TEXT,1958,200,6
1760124461979,TEXT,1958,200,6
1760124461979,LEAVE,1958,200,6
1760124461979,TEXT,1957,200,6
1760124461979,TEXT,1957,200,6
1760124461980,TEXT,1957,200,6
1760124461980,TEXT,1957,200,6
1760124461980,TEXT,1957,200,6
1760124461980,TEXT,1957,200,6
1760124461980,LEAVE,1957,200,6
1760124461980,TEXT,1957,200,6
1760124461980,LEAVE,1957,200,6
1760124461980,TEXT,1957,200,6
1760124461980,TEXT,1957,200,6
1760124461980,TEXT,1957,200,6
1760124461980,TEXT,1957,200,6
1760124461980,TEXT,1957,200,6
1760124461981,TEXT,1956,200,6
1760124461981,TEXT,1956,200,6
1760124461981,TEXT,1956,200,6
1760124461981,TEXT,1956,200,6
1760124461981,TEXT,1956,200,6
1760124461981,TEXT,1956,200,6
1760124461981,TEXT,1956,200,6
1760124461981,TEXT,1956,200,6
1760124461981,TEXT,1956,200,6
1760124461982,TEXT,1955,200,6
1760124461982,TEXT,1955,200,6
1760124461982,TEXT,1955,200,6
1760124461982,TEXT,1955,200,6
1760124461982,TEXT,1954,200,6
1760124461983,TEXT,1954,200,6
1760124461983,TEXT,1954,200,6
1760124461983,LEAVE,1954,200,6
1760124461983,TEXT,1954,200,6
1760124461983,TEXT,1954,200,6
1760124461983,TEXT,1954,200,6
1760124461983,LEAVE,1954,200,6
1760124461983,TEXT,1954,200,6
1760124461983,TEXT,1954,200,6
1760124461984,TEXT,1953,200,6
1760124461984,TEXT,1953,200,6
1760124461984,TEXT,1953,200,6
1760124461984,TEXT,1953,200,6
1760124461984,TEXT,1953,200,6
1760124461984,TEXT,1953,200,6
1760124461984,TEXT,1953,200,6
1760124461984,JOIN,1953,200,6
1760124461984,TEXT,1953,200,6
1760124461984,TEXT,1953,200,6
1760124461984,TEXT,1953,200,6
1760124461984,TEXT,1953,200,6
1760124461985,JOIN,1952,200,6
1760124461985,TEXT,1952,200,6
1760124461985,TEXT,1952,200,6
1760124461985,TEXT,1952,200,6
1760124461985,TEXT,1952,200,6
1760124461985,TEXT,1952,200,6
1760124461985,LEAVE,1952,200,6
1760124461985,TEXT,1952,200,6
1760124461985,TEXT,1952,200,6
1760124461985,TEXT,1952,200,6
1760124461975,TEXT,1989,200,2
1760124461975,TEXT,1989,200,2
1760124461975,TEXT,1989,200,2
1760124461976,TEXT,1989,200,2
1760124461976,TEXT,1989,200,2
1760124461976,TEXT,1989,200,2
1760124461976,TEXT,1989,200,2
1760124461976,TEXT,1988,200,2
1760124461976,TEXT,1988,200,2
1760124461976,TEXT,1988,200,2
1760124461976,TEXT,1988,200,2
1760124461976,TEXT,1988,200,2
1760124461976,TEXT,1988,200,2
1760124461976,LEAVE,1988,200,2
1760124461976,TEXT,1988,200,2
1760124461976,TEXT,1988,200,2
1760124461976,TEXT,1988,200,2
1760124461976,TEXT,1988,200,2
1760124461976,TEXT,1988,200,2
1760124461977,TEXT,1988,200,2
1760124461977,TEXT,1987,200,2
1760124461977,TEXT,1987,200,2
1760124461977,TEXT,1987,200,2
1760124461977,TEXT,1987,200,2
1760124461978,TEXT,1987,200,2
1760124461979,TEXT,1986,200,2
1760124461979,JOIN,1986,200,2
1760124461979,TEXT,1986,200,2
1760124461979,TEXT,1985,200,2
1760124461979,TEXT,1985,200,2
1760124461979,TEXT,1985,200,2
1760124461979,TEXT,1985,200,2
1760124461979,TEXT,1985,200,2
1760124461980,TEXT,1985,200,2
1760124461980,TEXT,1985,200,2
1760124461980,TEXT,1985,200,2
1760124461980,TEXT,1985,200,2
1760124461980,TEXT,1985,200,2
1760124461980,TEXT,1985,200,2
1760124461980,TEXT,1985,200,2
1760124461980,TEXT,1984,200,2
1760124461980,TEXT,1984,200,2
1760124461980,TEXT,1984,200,2
1760124461980,TEXT,1984,200,2
1760124461980,TEXT,1984,200,2
1760124461980,TEXT,1984,200,2
1760124461981,TEXT,1984,200,2
1760124461981,LEAVE,1984,200,2
1760124461981,TEXT,1983,200,2
1760124461981,TEXT,1983,200,2
1760124461981,TEXT,1983,200,2
1760124461981,TEXT,1983,200,2
1760124461981,TEXT,1983,200,2
1760124461981,TEXT,1983,200,2
1760124461981,TEXT,1983,200,2
1760124461981,TEXT,1983,200,2
1760124461982,TEXT,1982,200,2
1760124461982,TEXT,1982,200,2
1760124461982,TEXT,1982,200,2
1760124461983,TEXT,1982,200,2
1760124461983,TEXT,1982,200,2
1760124461983,TEXT,1982,200,2
1760124461983,TEXT,1982,200,2
1760124461983,TEXT,1982,200,2
1760124461983,TEXT,1982,200,2
1760124461983,TEXT,1982,200,2
1760124461983,TEXT,1982,200,2
1760124461983,TEXT,1982,200,2
1760124461983,TEXT,1981,200,2
1760124461983,TEXT,1981,200,2
1760124461983,TEXT,1981,200,2
1760124461983,TEXT,1981,200,2
1760124461983,TEXT,1981,200,2
1760124461984,TEXT,1981,200,2
1760124461984,TEXT,1981,200,2
1760124461984,JOIN,1981,200,2
1760124461984,JOIN,1980,200,2
1760124461984,TEXT,1980,200,2
1760124461984,LEAVE,1980,200,2
1760124461969,TEXT,2003,200,7
1760124461969,TEXT,2003,200,7
1760124461969,TEXT,2003,200,7
1760124461969,TEXT,2003,200,7
1760124461970,LEAVE,2002,200,7
1760124461970,TEXT,2002,200,7
1760124461970,JOIN,2002,200,7
1760124461970,TEXT,2002,200,7
1760124461970,TEXT,2002,200,7
1760124461970,TEXT,2002,200,7
1760124461971,TEXT,2001,200,7
1760124461971,TEXT,2001,200,7
1760124461971,TEXT,2001,200,7
1760124461971,TEXT,2001,200,7
1760124461971,TEXT,2001,200,7
1760124461971,LEAVE,2001,200,7
1760124461971,TEXT,2001,200,7
1760124461971,TEXT,2001,200,7
1760124461971,TEXT,2001,200,7
1760124461971,TEXT,2001,200,7
1760124461971,TEXT,2000,200,7
1760124461972,TEXT,2000,200,7
1760124461972,TEXT,2000,200,7
1760124461972,TEXT,2000,200,7
1760124461972,TEXT,2000,200,7
1760124461972,TEXT,2000,200,7
1760124461972,TEXT,2000,200,7
1760124461972,TEXT,2000,200,7
1760124461972,TEXT,2000,200,7
1760124461973,TEXT,1999,200,7
1760124461973,TEXT,1999,200,7
1760124461973,TEXT,1999,200,7
1760124461973,TEXT,1999,200,7
1760124461973,TEXT,1999,200,7
1760124461973,TEXT,1999,200,7
1760124461973,TEXT,1999,200,7
1760124461973,TEXT,1999,200,7
1760124461973,TEXT,1999,200,7
1760124461973,TEXT,1999,200,7
1760124461973,TEXT,1999,200,7
1760124461973,TEXT,1999,200,7
1760124461973,TEXT,1999,200,7
1760124461973,TEXT,1999,200,7
1760124461973,TEXT,1999,200,7
1760124461973,TEXT,1999,200,7
1760124461974,TEXT,1998,200,7
1760124461974,TEXT,1998,200,7
1760124461974,TEXT,1998,200,7
1760124461974,TEXT,1998,200,7
1760124461974,TEXT,1998,200,7
1760124461974,TEXT,1998,200,7
1760124461974,TEXT,1998,200,7
1760124461974,TEXT,1998,200,7
1760124461974,TEXT,1998,200,7
1760124461974,TEXT,1998,200,7
1760124461974,TEXT,1998,200,7
1760124461974,TEXT,1998,200,7
1760124461974,TEXT,1998,200,7
1760124461975,TEXT,1997,200,7
1760124461975,TEXT,1997,200,7
1760124461975,TEXT,1997,200,7
1760124461975,TEXT,1997,200,7
1760124461975,TEXT,1997,200,7
1760124461975,TEXT,1997,200,7
1760124461975,LEAVE,1997,200,7
1760124461975,TEXT,1997,200,7
1760124461975,TEXT,1997,200,7
1760124461975,TEXT,1997,200,7
1760124461975,JOIN,1997,200,7
1760124461975,TEXT,1997,200,7
1760124461976,JOIN,1997,200,7
1760124461976,TEXT,1997,200,7
1760124461976,TEXT,1996,200,7
1760124461976,TEXT,1996,200,7
1760124461976,TEXT,1996,200,7
1760124461976,TEXT,1996,200,7
1760124461976,TEXT,1996,200,7
1760124461976,TEXT,1996,200,7
1760124461976,TEXT,1996,200,7
1760124461976,TEXT,1996,200,7
1760124461976,TEXT,1996,200,7
1760124461976,TEXT,1996,200,7
1760124461976,TEXT,1996,200,7
1760124461976,JOIN,1996,200,7
1760124461976,TEXT,1996,200,7
1760124461977,TEXT,1996,200,7
1760124461977,TEXT,1996,200,7
1760124461977,TEXT,1995,200,7
1760124461977,LEAVE,1995,200,7
1760124461977,TEXT,1995,200,7
1760124461977,TEXT,1995,200,7
1760124461977,TEXT,1995,200,7
1760124461977,TEXT,1995,200,7
1760124461978,JOIN,1994,200,7
1760124461978,TEXT,1994,200,7
1760124461978,LEAVE,1994,200,7
1760124461983,TEXT,1993,200,15
1760124461983,TEXT,1993,200,15
1760124461983,TEXT,1993,200,15
1760124461983,TEXT,1993,200,15
1760124461983,TEXT,1992,200,15
1760124461983,TEXT,1992,200,15
1760124461983,TEXT,1992,200,15
1760124461983,JOIN,1992,200,15
1760124461983,JOIN,1992,200,15
1760124461984,TEXT,1992,200,15
1760124461984,TEXT,1992,200,15
1760124461984,TEXT,1992,200,15
1760124461984,TEXT,1992,200,15
1760124461984,TEXT,1991,200,15
1760124461984,LEAVE,1991,200,15
1760124461984,TEXT,1991,200,15
1760124461984,TEXT,1991,200,15
1760124461985,JOIN,1991,200,15
1760124461985,TEXT,1990,200,15
1760124461985,TEXT,1990,200,15
1760124461985,TEXT,1990,200,15
1760124461986,TEXT,1990,200,15
1760124461986,TEXT,1990,200,15
1760124461986,TEXT,1990,200,15
1760124461986,TEXT,1990,200,15
1760124461986,TEXT,1990,200,15
1760124461986,TEXT,1990,200,15
1760124461986,TEXT,1990,200,15
1760124461986,TEXT,1990,200,15
1760124461986,TEXT,1990,200,15
1760124461986,TEXT,1990,200,15
1760124461986,TEXT,1989,200,15
1760124461986,TEXT,1989,200,15
1760124461986,TEXT,1989,200,15
1760124461986,TEXT,1989,200,15
1760124461987,TEXT,1989,200,15
1760124461987,TEXT,1989,200,15
1760124461987,JOIN,1989,200,15
1760124461987,JOIN,1989,200,15
1760124461987,TEXT,1989,200,15
1760124461987,TEXT,1989,200,15
1760124461987,TEXT,1989,200,15
1760124461987,TEXT,1989,200,15
1760124461987,TEXT,1989,200,15
1760124461987,TEXT,1989,200,15
1760124461987,TEXT,1988,200,15
1760124461988,TEXT,1988,200,15
1760124461988,LEAVE,1988,200,15
1760124461988,TEXT,1988,200,15
1760124461988,TEXT,1988,200,15
1760124461988,TEXT,1988,200,15
1760124461988,TEXT,1988,200,15
1760124461988,TEXT,1988,200,15
1760124461988,LEAVE,1988,200,15
1760124461988,TEXT,1987,200,15
1760124461988,TEXT,1987,200,15
1760124461989,TEXT,1987,200,15
1760124461989,TEXT,1987,200,15
1760124461989,TEXT,1987,200,15
1760124461989,TEXT,1987,200,15
1760124461989,TEXT,1987,200,15
1760124461989,TEXT,1987,200,15
1760124461989,TEXT,1987,200,15
1760124461989,TEXT,1987,200,15
1760124461989,TEXT,1987,200,15
1760124461989,TEXT,1987,200,15
1760124461989,TEXT,1987,200,15
1760124461989,TEXT,1987,200,15
1760124461989,TEXT,1987,200,15
1760124461989,TEXT,1987,200,15
1760124461989,TEXT,1987,200,15
1760124461989,TEXT,1987,200,15
1760124461989,TEXT,1987,200,15
1760124461989,TEXT,1986,200,15
1760124461989,TEXT,1986,200,15
1760124461989,JOIN,1986,200,15
1760124461989,TEXT,1986,200,15
1760124461990,TEXT,1986,200,15
1760124461990,TEXT,1986,200,15
1760124461990,TEXT,1986,200,15
1760124461990,TEXT,1986,200,15
1760124461990,TEXT,1986,200,15
1760124461990,TEXT,1986,200,15
1760124461990,JOIN,1986,200,15
1760124461990,TEXT,1986,200,15
1760124461990,TEXT,1986,200,15
1760124461990,TEXT,1986,200,15
1760124461990,JOIN,1986,200,15
1760124461990,TEXT,1986,200,15
1760124461990,TEXT,1986,200,15
1760124461990,JOIN,1986,200,15
1760124461970,TEXT,2050,200,20
1760124461970,TEXT,2050,200,20
1760124461970,TEXT,2049,200,20
1760124461970,TEXT,2049,200,20
1760124461970,TEXT,2049,200,20
1760124461970,TEXT,2049,200,20
1760124461971,TEXT,2049,200,20
1760124461971,TEXT,2049,200,20
1760124461971,TEXT,2049,200,20
1760124461971,TEXT,2049,200,20
1760124461971,TEXT,2049,200,20
1760124461971,TEXT,2049,200,20
1760124461971,TEXT,2049,200,20
1760124461971,TEXT,2048,200,20
1760124461971,TEXT,2048,200,20
1760124461971,TEXT,2048,200,20
1760124461971,TEXT,2048,200,20
1760124461971,JOIN,2048,200,20
1760124461972,TEXT,2048,200,20
1760124461972,TEXT,2048,200,20
1760124461972,TEXT,2048,200,20
1760124461972,TEXT,2048,200,20
1760124461972,TEXT,2048,200,20
1760124461972,TEXT,2048,200,20
1760124461972,LEAVE,2048,200,20
1760124461972,TEXT,2048,200,20
1760124461972,TEXT,2048,200,20
1760124461972,TEXT,2047,200,20
1760124461972,TEXT,2047,200,20
1760124461973,TEXT,2047,200,20
1760124461973,TEXT,2047,200,20
1760124461973,TEXT,2047,200,20
1760124461973,TEXT,2047,200,20
1760124461973,TEXT,2047,200,20
1760124461973,TEXT,2047,200,20
1760124461973,TEXT,2047,200,20
1760124461973,LEAVE,2047,200,20
1760124461973,TEXT,2046,200,20
1760124461973,TEXT,2046,200,20
1760124461973,TEXT,2046,200,20
1760124461973,TEXT,2046,200,20
1760124461973,TEXT,2046,200,20
1760124461974,TEXT,2046,200,20
1760124461974,TEXT,2046,200,20
1760124461974,TEXT,2046,200,20
1760124461974,LEAVE,2046,200,20
1760124461974,TEXT,2045,200,20
1760124461974,TEXT,2045,200,20
1760124461974,TEXT,2045,200,20
1760124461974,TEXT,2045,200,20
1760124461974,TEXT,2045,200,20
1760124461974,TEXT,2045,200,20
1760124461975,TEXT,2045,200,20
1760124461975,TEXT,2045,200,20
1760124461975,TEXT,2045,200,20
1760124461975,TEXT,2045,200,20
1760124461975,TEXT,2045,200,20
1760124461975,TEXT,2044,200,20
1760124461975,TEXT,2044,200,20
1760124461975,TEXT,2044,200,20
1760124461975,LEAVE,2044,200,20
1760124461976,TEXT,2044,200,20
1760124461976,LEAVE,2044,200,20
1760124461976,TEXT,2044,200,20
1760124461976,TEXT,2044,200,20
1760124461976,TEXT,2044,200,20
1760124461976,TEXT,2044,200,20
1760124461976,TEXT,2044,200,20
1760124461976,TEXT,2043,200,20
1760124461976,LEAVE,2043,200,20
1760124461977,TEXT,2043,200,20
1760124461977,TEXT,2043,200,20
1760124461977,LEAVE,2043,200,20
1760124461977,TEXT,2043,200,20
1760124461977,TEXT,2043,200,20
1760124461977,TEXT,2043,200,20
1760124461977,LEAVE,2043,200,20
1760124461977,TEXT,2042,200,20
1760124461977,TEXT,2042,200,20
1760124461978,TEXT,2042,200,20
1760124461978,TEXT,2041,200,20
1760124461979,TEXT,2041,200,20
1760124461979,TEXT,2040,200,20
1760124461979,TEXT,2040,200,20
1760124461979,TEXT,2040,200,20
1760124461980,TEXT,2040,200,20
1760124461980,TEXT,2040,200,20
1760124461980,TEXT,2040,200,20
1760124461973,TEXT,2048,200,5
1760124461973,JOIN,2047,200,5
1760124461973,TEXT,2047,200,5
1760124461973,TEXT,2047,200,5
1760124461974,TEXT,2047,200,5
1760124461974,TEXT,2047,200,5
1760124461974,TEXT,2047,200,5
1760124461974,TEXT,2047,200,5
1760124461974,LEAVE,2047,200,5
1760124461974,TEXT,2047,200,5
1760124461974,TEXT,2047,200,5
1760124461974,TEXT,2047,200,5
1760124461974,JOIN,2047,200,5
1760124461974,TEXT,2046,200,5
1760124461974,LEAVE,2046,200,5
1760124461974,TEXT,2046,200,5
1760124461974,TEXT,2046,200,5
1760124461975,TEXT,2046,200,5
1760124461975,TEXT,2046,200,5
1760124461975,TEXT,2046,200,5
1760124461976,TEXT,2045,200,5
1760124461976,TEXT,2045,200,5
1760124461976,TEXT,2045,200,5
1760124461976,TEXT,2045,200,5
1760124461976,TEXT,2045,200,5
1760124461976,TEXT,2045,200,5
1760124461976,TEXT,2045,200,5
1760124461976,TEXT,2045,200,5
1760124461976,TEXT,2045,200,5
1760124461976,LEAVE,2045,200,5
1760124461976,TEXT,2045,200,5
1760124461976,JOIN,2045,200,5
1760124461977,TEXT,2044,200,5
1760124461977,TEXT,2044,200,5
1760124461977,TEXT,2044,200,5
1760124461977,TEXT,2044,200,5
1760124461977,TEXT,2044,200,5
1760124461977,TEXT,2044,200,5
1760124461977,TEXT,2044,200,5
1760124461978,TEXT,2043,200,5
1760124461978,TEXT,2043,200,5
1760124461978,TEXT,2043,200,5
1760124461979,TEXT,2042,200,5
1760124461979,TEXT,2042,200,5
1760124461979,TEXT,2042,200,5
1760124461979,TEXT,2042,200,5
1760124461979,TEXT,2042,200,5
1760124461979,TEXT,2042,200,5
1760124461979,TEXT,2042,200,5
1760124461980,TEXT,2041,200,5
1760124461980,TEXT,2041,200,5
1760124461980,TEXT,2041,200,5
1760124461980,TEXT,2041,200,5
1760124461980,TEXT,2041,200,5
1760124461980,TEXT,2041,200,5
1760124461981,TEXT,2040,200,5
1760124461981,TEXT,2040,200,5
1760124461981,TEXT,2040,200,5
1760124461981,TEXT,2040,200,5
1760124461981,TEXT,2040,200,5
1760124461981,TEXT,2040,200,5
1760124461981,TEXT,2040,200,5
1760124461981,TEXT,2040,200,5
1760124461981,TEXT,2040,200,5
1760124461982,TEXT,2040,200,5
1760124461982,TEXT,2039,200,5
1760124461982,TEXT,2039,200,5
1760124461982,TEXT,2039,200,5
1760124461983,TEXT,2039,200,5
1760124461983,TEXT,2039,200,5
1760124461983,TEXT,2039,200,5
1760124461983,TEXT,2038,200,5
1760124461983,TEXT,2038,200,5
1760124461983,TEXT,2038,200,5
1760124461983,LEAVE,2038,200,5
1760124461983,TEXT,2038,200,5
1760124461983,JOIN,2038,200,5
1760124461983,TEXT,2038,200,5
1760124461983,TEXT,2038,200,5
1760124461983,TEXT,2038,200,5
1760124461983,TEXT,2038,200,5
1760124461983,TEXT,2038,200,5
1760124461970,TEXT,2078,200,8
1760124461970,TEXT,2078,200,8
1760124461970,JOIN,2078,200,8
1760124461971,TEXT,2078,200,8
1760124461971,TEXT,2078,200,8
1760124461971,TEXT,2077,200,8
1760124461971,TEXT,2077,200,8
1760124461971,JOIN,2077,200,8
1760124461971,TEXT,2077,200,8
1760124461971,JOIN,2077,200,8
1760124461971,TEXT,2077,200,8
1760124461971,TEXT,2077,200,8
1760124461971,TEXT,2077,200,8
1760124461971,TEXT,2077,200,8
1760124461971,TEXT,2077,200,8
1760124461971,TEXT,2077,200,8
1760124461971,TEXT,2077,200,8
1760124461971,JOIN,2077,200,8
1760124461972,TEXT,2077,200,8
1760124461972,TEXT,2077,200,8
1760124461972,TEXT,2076,200,8
1760124461972,TEXT,2076,200,8
1760124461972,TEXT,2076,200,8
1760124461972,TEXT,2076,200,8
1760124461972,JOIN,2076,200,8
1760124461972,TEXT,2076,200,8
1760124461972,LEAVE,2076,200,8
1760124461972,TEXT,2076,200,8
1760124461972,LEAVE,2076,200,8
1760124461972,TEXT,2076,200,8
1760124461972,TEXT,2076,200,8
1760124461973,TEXT,2076,200,8
1760124461973,TEXT,2076,200,8
1760124461973,TEXT,2076,200,8
1760124461973,TEXT,2076,200,8
1760124461973,TEXT,2075,200,8
1760124461973,TEXT,2075,200,8
1760124461973,TEXT,2075,200,8
1760124461973,TEXT,2075,200,8
1760124461973,TEXT,2075,200,8
1760124461973,LEAVE,2075,200,8
1760124461973,TEXT,2075,200,8
1760124461973,TEXT,2075,200,8
1760124461973,TEXT,2075,200,8
1760124461973,LEAVE,2075,200,8
1760124461973,TEXT,2075,200,8
1760124461973,TEXT,2075,200,8
1760124461973,TEXT,2075,200,8
1760124461973,TEXT,2075,200,8
1760124461973,JOIN,2075,200,8
1760124461973,JOIN,2075,200,8
1760124461973,TEXT,2075,200,8
1760124461974,TEXT,2075,200,8
1760124461974,TEXT,2075,200,8
1760124461974,TEXT,2075,200,8
1760124461974,TEXT,2075,200,8
1760124461974,TEXT,2074,200,8
1760124461974,TEXT,2074,200,8
1760124461974,TEXT,2074,200,8
1760124461974,LEAVE,2074,200,8
1760124461974,TEXT,2074,200,8
1760124461974,TEXT,2074,200,8
1760124461974,TEXT,2074,200,8
1760124461974,TEXT,2074,200,8
1760124461974,TEXT,2074,200,8
1760124461974,TEXT,2074,200,8
1760124461974,TEXT,2074,200,8
1760124461974,TEXT,2074,200,8
1760124461974,TEXT,2074,200,8
1760124461974,TEXT,2074,200,8
1760124461975,JOIN,2074,200,8
1760124461975,TEXT,2074,200,8
1760124461975,TEXT,2074,200,8
1760124461975,TEXT,2074,200,8
1760124461975,TEXT,2074,200,8
1760124461975,LEAVE,2074,200,8
1760124461975,TEXT,2074,200,8
1760124461975,TEXT,2074,200,8
1760124461975,TEXT,2074,200,8
1760124461975,TEXT,2074,200,8
1760124461975,TEXT,2074,200,8
1760124461975,TEXT,2074,200,8
1760124461975,TEXT,2074,200,8
1760124461975,JOIN,2073,200,8
1760124461975,TEXT,2073,200,8
1760124461975,TEXT,2073,200,8
1760124461975,TEXT,2073,200,8
1760124461975,TEXT,2073,200,8
1760124461976,TEXT,2073,200,8
1760124461976,TEXT,2073,200,8
1760124461976,TEXT,2073,200,8
1760124461976,LEAVE,2073,200,8
1760124461976,LEAVE,2073,200,8
1760124461976,TEXT,2073,200,8
1760124461976,TEXT,2073,200,8
1760124461976,TEXT,2073,200,8
1760124461976,TEXT,2073,200,8
1760124461976,TEXT,2073,200,8
1760124461975,TEXT,2099,200,13
1760124461975,JOIN,2099,200,13
1760124461975,TEXT,2099,200,13
1760124461975,TEXT,2099,200,13
1760124461976,TEXT,2099,200,13
1760124461976,TEXT,2099,200,13
1760124461976,TEXT,2099,200,13
1760124461976,TEXT,2098,200,13
1760124461976,TEXT,2098,200,13
1760124461976,TEXT,2098,200,13
1760124461976,JOIN,2098,200,13
1760124461977,TEXT,2098,200,13
1760124461977,TEXT,2098,200,13
1760124461977,LEAVE,2098,200,13
1760124461977,TEXT,2098,200,13
1760124461977,TEXT,2097,200,13
1760124461977,TEXT,2097,200,13
1760124461977,LEAVE,2097,200,13
1760124461977,TEXT,2097,200,13
1760124461977,TEXT,2097,200,13
1760124461977,TEXT,2097,200,13
1760124461977,TEXT,2097,200,13
1760124461978,TEXT,2097,200,13
1760124461979,TEXT,2096,200,13
1760124461979,TEXT,2096,200,13
1760124461979,TEXT,2095,200,13
1760124461979,TEXT,2095,200,13
1760124461980,TEXT,2095,200,13
1760124461980,TEXT,2095,200,13
1760124461980,TEXT,2095,200,13
1760124461980,TEXT,2094,200,13
1760124461980,TEXT,2094,200,13
1760124461980,TEXT,2094,200,13
1760124461980,TEXT,2094,200,13
1760124461980,TEXT,2094,200,13
1760124461980,TEXT,2094,200,13
1760124461981,TEXT,2093,200,13
1760124461981,TEXT,2093,200,13
1760124461982,TEXT,2093,200,13
1760124461982,TEXT,2093,200,13
1760124461982,TEXT,2093,200,13
1760124461982,JOIN,2093,200,13
1760124461983,TEXT,2093,200,13
1760124461983,TEXT,2093,200,13
1760124461983,TEXT,2092,200,13
1760124461983,TEXT,2092,200,13
1760124461983,TEXT,2092,200,13
1760124461983,TEXT,2092,200,13
1760124461983,TEXT,2092,200,13
1760124461983,TEXT,2092,200,13
1760124461983,TEXT,2092,200,13
1760124461984,TEXT,2092,200,13
1760124461984,JOIN,2092,200,13
1760124461984,TEXT,2092,200,13
1760124461984,TEXT,2092,200,13
1760124461984,TEXT,2092,200,13
1760124461984,TEXT,2092,200,13
1760124461984,TEXT,2091,200,13
1760124461984,TEXT,2091,200,13
1760124461985,TEXT,2090,200,13
1760124461985,TEXT,2090,200,13
1760124461985,TEXT,2090,200,13
1760124461985,TEXT,2090,200,13
1760124461986,TEXT,2090,200,13
1760124461986,TEXT,2090,200,13
1760124461986,TEXT,2090,200,13
1760124461986,TEXT,2089,200,13
1760124461986,TEXT,2089,200,13
1760124461986,JOIN,2089,200,13
1760124461986,TEXT,2089,200,13
1760124461986,TEXT,2089,200,13
1760124461986,TEXT,2089,200,13
1760124461986,TEXT,2089,200,13
1760124461986,TEXT,2089,200,13
1760124461986,TEXT,2089,200,13
1760124461986,TEXT,2089,200,13
1760124461987,TEXT,2089,200,13
1760124461987,TEXT,2089,200,13
1760124461987,TEXT,2089,200,13
1760124461987,TEXT,2089,200,13
1760124461987,TEXT,2089,200,13
1760124461987,TEXT,2088,200,13
1760124461987,TEXT,2088,200,13
1760124461987,TEXT,2088,200,13
1760124461987,TEXT,2088,200,13
1760124461987,TEXT,2088,200,13
1760124461987,TEXT,2088,200,13
1760124461987,TEXT,2088,200,13
1760124461987,JOIN,2088,200,13
1760124461987,TEXT,2088,200,13
1760124461987,TEXT,2088,200,13
1760124461987,TEXT,2088,200,13
1760124461987,LEAVE,2088,200,13
1760124461987,TEXT,2088,200,13
1760124461987,TEXT,2088,200,13
1760124461987,LEAVE,2088,200,13
1760124461987,TEXT,2088,200,13
1760124461987,TEXT,2088,200,13
1760124461988,TEXT,2088,200,13
1760124461988,TEXT,2088,200,13
1760124461988,TEXT,2088,200,13
1760124461988,TEXT,2088,200,13
1760124461988,TEXT,2088,200,13
1760124461988,TEXT,2088,200,13
1760124461988,TEXT,2087,200,13
1760124461988,JOIN,2087,200,13
1760124461988,LEAVE,2087,200,13
1760124461988,TEXT,2087,200,13
1760124461988,TEXT,2087,200,13
1760124461988,TEXT,2087,200,13
1760124461988,TEXT,2087,200,13
1760124461989,TEXT,2087,200,13
1760124461989,TEXT,2087,200,13
1760124461976,TEXT,2103,200,3
1760124461976,TEXT,2103,200,3
1760124461976,TEXT,2103,200,3
1760124461976,TEXT,2103,200,3
1760124461976,TEXT,2103,200,3
1760124461976,TEXT,2103,200,3
1760124461976,TEXT,2103,200,3
1760124461976,JOIN,2103,200,3
1760124461976,TEXT,2103,200,3
1760124461976,TEXT,2103,200,3
1760124461976,TEXT,2103,200,3
1760124461976,TEXT,2103,200,3
1760124461976,TEXT,2103,200,3
1760124461976,TEXT,2103,200,3
1760124461976,TEXT,2103,200,3
1760124461976,TEXT,2103,200,3
1760124461977,TEXT,2102,200,3
1760124461977,TEXT,2102,200,3
1760124461977,TEXT,2102,200,3
1760124461977,TEXT,2102,200,3
1760124461977,TEXT,2102,200,3
1760124461977,TEXT,2102,200,3
1760124461977,TEXT,2102,200,3
1760124461977,TEXT,2102,200,3
1760124461977,TEXT,2102,200,3
1760124461977,TEXT,2102,200,3
1760124461977,JOIN,2102,200,3
1760124461978,TEXT,2101,200,3
1760124461978,TEXT,2101,200,3
1760124461979,TEXT,2100,200,3
1760124461979,TEXT,2100,200,3
1760124461979,TEXT,2100,200,3
1760124461979,TEXT,2100,200,3
1760124461980,TEXT,2099,200,3
1760124461980,TEXT,2099,200,3
1760124461980,TEXT,2099,200,3
1760124461980,JOIN,2099,200,3
1760124461980,TEXT,2099,200,3
1760124461980,TEXT,2099,200,3
1760124461980,TEXT,2099,200,3
1760124461980,LEAVE,2099,200,3
1760124461980,LEAVE,2099,200,3
1760124461981,TEXT,2099,200,3
1760124461981,TEXT,2098,200,3
1760124461981,TEXT,2098,200,3
1760124461981,TEXT,2098,200,3
1760124461981,TEXT,2098,200,3
1760124461981,LEAVE,2098,200,3
1760124461981,TEXT,2098,200,3
1760124461982,JOIN,2097,200,3
1760124461982,TEXT,2097,200,3
1760124461983,TEXT,2097,200,3
1760124461983,TEXT,2096,200,3
1760124461983,TEXT,2096,200,3
1760124461983,JOIN,2096,200,3
1760124461983,TEXT,2096,200,3
1760124461983,TEXT,2096,200,3
1760124461983,TEXT,2096,200,3
1760124461983,JOIN,2096,200,3
1760124461983,JOIN,2096,200,3
1760124461983,TEXT,2096,200,3
1760124461984,TEXT,2096,200,3
1760124461984,TEXT,2096,200,3
1760124461984,TEXT,2096,200,3
1760124461985,TEXT,2095,200,3
1760124461985,TEXT,2095,200,3
1760124461985,TEXT,2095,200,3
1760124461985,TEXT,2095,200,3
1760124461985,TEXT,2094,200,3
1760124461985,TEXT,2094,200,3
1760124461985,TEXT,2094,200,3
1760124461985,TEXT,2094,200,3
1760124461985,TEXT,2094,200,3
1760124461985,TEXT,2094,200,3
1760124461985,LEAVE,2094,200,3
1760124461986,LEAVE,2094,200,3
1760124461986,JOIN,2094,200,3
1760124461986,TEXT,2094,200,3
1760124461986,TEXT,2093,200,3
1760124461986,TEXT,2093,200,3
1760124461986,TEXT,2093,200,3
1760124461986,LEAVE,2093,200,3
1760124461964,TEXT,2133,200,18
1760124461964,TEXT,2133,200,18
1760124461964,TEXT,2133,200,18
1760124461964,LEAVE,2133,200,18
1760124461964,TEXT,2133,200,18
1760124461964,TEXT,2133,200,18
1760124461964,TEXT,2133,200,18
1760124461964,TEXT,2133,200,18
1760124461964,TEXT,2133,200,18
1760124461964,TEXT,2133,200,18
1760124461964,TEXT,2133,200,18
1760124461964,TEXT,2133,200,18
1760124461964,TEXT,2133,200,18
1760124461964,TEXT,2133,200,18
1760124461965,TEXT,2133,200,18
1760124461965,TEXT,2133,200,18
1760124461965,TEXT,2132,200,18
1760124461965,JOIN,2132,200,18
1760124461965,TEXT,2132,200,18
1760124461965,TEXT,2132,200,18
1760124461965,TEXT,2132,200,18
1760124461965,TEXT,2132,200,18
1760124461965,TEXT,2132,200,18
1760124461965,TEXT,2132,200,18
1760124461965,TEXT,2132,200,18
1760124461965,TEXT,2132,200,18
1760124461965,JOIN,2132,200,18
1760124461965,TEXT,2132,200,18
1760124461966,TEXT,2132,200,18
1760124461966,TEXT,2132,200,18
1760124461966,TEXT,2132,200,18
1760124461966,JOIN,2131,200,18
1760124461966,TEXT,2131,200,18
1760124461966,TEXT,2131,200,18
1760124461966,TEXT,2131,200,18
1760124461966,TEXT,2131,200,18
1760124461966,JOIN,2131,200,18
1760124461966,TEXT,2131,200,18
1760124461966,JOIN,2131,200,18
1760124461966,TEXT,2131,200,18
1760124461967,TEXT,2131,200,18
1760124461967,TEXT,2131,200,18
1760124461967,TEXT,2130,200,18
1760124461967,TEXT,2130,200,18
1760124461967,TEXT,2130,200,18
1760124461967,TEXT,2130,200,18
1760124461967,TEXT,2130,200,18
1760124461967,TEXT,2130,200,18
1760124461967,TEXT,2130,200,18
1760124461967,LEAVE,2130,200,18
1760124461967,TEXT,2130,200,18
1760124461968,TEXT,2130,200,18
1760124461968,TEXT,2129,200,18
1760124461968,TEXT,2129,200,18
1760124461968,TEXT,2129,200,18
1760124461968,TEXT,2129,200,18
1760124461968,TEXT,2129,200,18
1760124461968,TEXT,2129,200,18
1760124461968,TEXT,2129,200,18
1760124461968,TEXT,2129,200,18
1760124461968,TEXT,2129,200,18
1760124461968,LEAVE,2129,200,18
1760124461968,TEXT,2129,200,18
1760124461969,TEXT,2129,200,18
1760124461969,TEXT,2129,200,18
1760124461969,TEXT,2129,200,18
1760124461969,TEXT,2129,200,18
1760124461969,TEXT,2129,200,18
1760124461969,TEXT,2129,200,18
1760124461969,TEXT,2129,200,18
1760124461969,TEXT,2129,200,18
1760124461969,JOIN,2129,200,18
1760124461969,JOIN,2129,200,18
1760124461969,TEXT,2129,200,18
1760124461969,TEXT,2128,200,18
1760124461969,JOIN,2128,200,18
1760124461969,TEXT,2128,200,18
1760124461969,TEXT,2128,200,18
1760124461969,TEXT,2128,200,18
1760124461969,TEXT,2128,200,18
1760124461969,TEXT,2128,200,18
1760124461970,TEXT,2128,200,18
1760124461970,TEXT,2128,200,18
1760124461970,TEXT,2128,200,18
1760124461970,TEXT,2128,200,18
1760124461970,JOIN,2128,200,18
1760124461970,TEXT,2128,200,18
1760124461970,TEXT,2128,200,18
1760124461970,TEXT,2127,200,18
1760124461970,TEXT,2127,200,18
1760124461970,TEXT,2127,200,18
1760124461970,TEXT,2127,200,18
1760124461970,TEXT,2127,200,18
1760124461970,TEXT,2127,200,18
1760124461970,TEXT,2127,200,18
1760124461970,TEXT,2127,200,18
1760124461971,TEXT,2127,200,18
1760124461971,TEXT,2127,200,18
1760124461971,TEXT,2127,200,18
1760124461971,TEXT,2127,200,18
1760124461971,JOIN,2127,200,18
1760124461971,TEXT,2127,200,18
1760124461971,TEXT,2126,200,18
1760124461971,JOIN,2126,200,18
1760124461971,TEXT,2126,200,18
1760124461971,TEXT,2126,200,18
1760124461971,TEXT,2126,200,18
1760124461971,TEXT,2126,200,18
1760124461971,TEXT,2126,200,18
1760124461971,TEXT,2126,200,18
1760124461971,TEXT,2126,200,18
1760124461971,TEXT,2126,200,18
1760124461972,LEAVE,2126,200,18
1760124461972,TEXT,2126,200,18
1760124461972,TEXT,2126,200,18
1760124461972,TEXT,2126,200,18
1760124461972,JOIN,2126,200,18
1760124461972,TEXT,2126,200,18
1760124461972,TEXT,2126,200,18
1760124461972,TEXT,2125,200,18
1760124461972,TEXT,2125,200,18
1760124461972,TEXT,2125,200,18
1760124461972,TEXT,2125,200,18
1760124461972,TEXT,2125,200,18
1760124461972,TEXT,2125,200,18
1760124461972,LEAVE,2125,200,18
1760124461972,TEXT,2125,200,18
1760124461973,TEXT,2125,200,18
1760124461973,TEXT,2125,200,18
1760124461973,TEXT,2125,200,18
1760124461973,TEXT,2125,200,18
1760124461973,LEAVE,2125,200,18
1760124461973,TEXT,2125,200,18
1760124461973,TEXT,2125,200,18
1760124461973,TEXT,2125,200,18
1760124461973,TEXT,2124,200,18
1760124461973,TEXT,2124,200,18
1760124461973,TEXT,2124,200,18
1760124461973,TEXT,2124,200,18
1760124461973,TEXT,2124,200,18
1760124461973,TEXT,2124,200,18
1760124461973,TEXT,2124,200,18
1760124461974,TEXT,2124,200,18
1760124461974,TEXT,2124,200,18
1760124461974,TEXT,2124,200,18
1760124461974,TEXT,2124,200,18
1760124461974,TEXT,2124,200,18
1760124461974,TEXT,2124,200,18
1760124461974,TEXT,2124,200,18
1760124461974,TEXT,2124,200,18
1760124461974,TEXT,2124,200,18
1760124461975,TEXT,2123,200,18
1760124461975,TEXT,2123,200,18
1760124461975,TEXT,2123,200,18
1760124461975,TEXT,2123,200,18
1760124461975,TEXT,2123,200,18
1760124461975,TEXT,2123,200,18
1760124461975,TEXT,2123,200,18
1760124461975,TEXT,2123,200,18
1760124461975,TEXT,2123,200,18
1760124461975,TEXT,2122,200,18
1760124461975,TEXT,2122,200,18
1760124461976,TEXT,2122,200,18
1760124461976,TEXT,2122,200,18
1760124461976,TEXT,2122,200,18
1760124461976,TEXT,2122,200,18
1760124461976,TEXT,2121,200,18
1760124461976,TEXT,2121,200,18
1760124461976,TEXT,2121,200,18
1760124461977,TEXT,2121,200,18
1760124461977,TEXT,2121,200,18
1760124461977,TEXT,2121,200,18
1760124461977,TEXT,2121,200,18
1760124461977,TEXT,2121,200,18
1760124461977,TEXT,2121,200,18
1760124461977,TEXT,2121,200,18
1760124461977,TEXT,2120,200,18
1760124461978,TEXT,2120,200,18
1760124461979,TEXT,2119,200,18
1760124461979,TEXT,2119,200,18
1760124461979,TEXT,2119,200,18
1760124461979,TEXT,2119,200,18
1760124461984,TEXT,2116,200,11
1760124461984,TEXT,2116,200,11
1760124461984,TEXT,2116,200,11
1760124461984,TEXT,2116,200,11
1760124461985,TEXT,2116,200,11
1760124461985,TEXT,2115,200,11
1760124461985,TEXT,2115,200,11
1760124461985,TEXT,2115,200,11
1760124461985,TEXT,2115,200,11
1760124461985,TEXT,2115,200,11
1760124461986,TEXT,2115,200,11
1760124461986,TEXT,2115,200,11
1760124461986,TEXT,2115,200,11
1760124461986,TEXT,2115,200,11
1760124461986,TEXT,2115,200,11
1760124461986,TEXT,2115,200,11
1760124461986,LEAVE,2114,200,11
1760124461986,TEXT,2114,200,11
1760124461986,TEXT,2114,200,11
1760124461986,TEXT,2114,200,11
1760124461986,TEXT,2114,200,11
1760124461986,TEXT,2114,200,11
1760124461986,TEXT,2114,200,11
1760124461986,TEXT,2114,200,11
1760124461986,LEAVE,2114,200,11
1760124461986,TEXT,2114,200,11
1760124461986,TEXT,2114,200,11
1760124461986,TEXT,2114,200,11
1760124461986,TEXT,2114,200,11
1760124461986,TEXT,2114,200,11
1760124461986,TEXT,2114,200,11
1760124461987,TEXT,2114,200,11
1760124461987,TEXT,2114,200,11
1760124461987,TEXT,2114,200,11
1760124461987,TEXT,2114,200,11
1760124461987,TEXT,2113,200,11
1760124461987,TEXT,2113,200,11
1760124461987,TEXT,2113,200,11
1760124461987,TEXT,2113,200,11
1760124461987,TEXT,2113,200,11
1760124461987,TEXT,2113,200,11
1760124461987,TEXT,2113,200,11
1760124461987,TEXT,2113,200,11
1760124461987,TEXT,2113,200,11
1760124461987,TEXT,2113,200,11
1760124461987,TEXT,2113,200,11
1760124461987,TEXT,2113,200,11
1760124461987,TEXT,2113,200,11
1760124461987,TEXT,2113,200,11
1760124461988,TEXT,2113,200,11
1760124461988,LEAVE,2113,200,11
1760124461988,TEXT,2113,200,11
1760124461988,TEXT,2113,200,11
1760124461988,TEXT,2113,200,11
1760124461988,LEAVE,2112,200,11
1760124461988,TEXT,2112,200,11
1760124461988,TEXT,2112,200,11
1760124461988,TEXT,2112,200,11
1760124461988,TEXT,2112,200,11
1760124461989,TEXT,2112,200,11
1760124461989,TEXT,2112,200,11
1760124461989,TEXT,2112,200,11
1760124461989,LEAVE,2112,200,11
1760124461989,TEXT,2112,200,11
1760124461989,TEXT,2112,200,11
1760124461989,TEXT,2111,200,11
1760124461989,LEAVE,2111,200,11
1760124461989,TEXT,2111,200,11
1760124461989,TEXT,2111,200,11
1760124461989,TEXT,2111,200,11
1760124461989,TEXT,2111,200,11
1760124461989,TEXT,2111,200,11
1760124461989,TEXT,2111,200,11
1760124461989,TEXT,2111,200,11
1760124461989,TEXT,2111,200,11
1760124461990,TEXT,2111,200,11
1760124461990,TEXT,2111,200,11
1760124461990,TEXT,2111,200,11
1760124461990,TEXT,2111,200,11
1760124461990,TEXT,2111,200,11
1760124461990,TEXT,2111,200,11
1760124461990,JOIN,2111,200,11
1760124461990,TEXT,2111,200,11
1760124461990,TEXT,2110,200,11
1760124461990,TEXT,2110,200,11
1760124461970,TEXT,2132,200,16
1760124461970,TEXT,2132,200,16
1760124461970,TEXT,2132,200,16
1760124461970,TEXT,2132,200,16
1760124461970,TEXT,2132,200,16
1760124461971,TEXT,2132,200,16
1760124461971,TEXT,2132,200,16
1760124461971,TEXT,2132,200,16
1760124461971,TEXT,2132,200,16
1760124461971,TEXT,2131,200,16
1760124461971,TEXT,2131,200,16
1760124461971,TEXT,2131,200,16
1760124461971,TEXT,2131,200,16
1760124461971,LEAVE,2131,200,16
1760124461971,TEXT,2131,200,16
1760124461971,TEXT,2131,200,16
1760124461971,TEXT,2131,200,16
1760124461971,TEXT,2131,200,16
1760124461971,TEXT,2131,200,16
1760124461972,TEXT,2131,200,16
1760124461972,TEXT,2131,200,16
1760124461972,TEXT,2130,200,16
1760124461972,TEXT,2130,200,16
1760124461972,LEAVE,2130,200,16
1760124461972,TEXT,2130,200,16
1760124461972,TEXT,2130,200,16
1760124461972,JOIN,2130,200,16
1760124461972,TEXT,2130,200,16
1760124461972,TEXT,2130,200,16
1760124461972,LEAVE,2130,200,16
1760124461972,TEXT,2130,200,16
1760124461972,TEXT,2130,200,16
1760124461972,TEXT,2130,200,16
1760124461972,TEXT,2130,200,16
1760124461972,TEXT,2130,200,16
1760124461972,TEXT,2130,200,16
1760124461973,TEXT,2130,200,16
1760124461973,TEXT,2130,200,16
1760124461973,TEXT,2130,200,16
1760124461973,TEXT,2130,200,16
1760124461973,TEXT,2130,200,16
1760124461973,TEXT,2130,200,16
1760124461973,TEXT,2130,200,16
1760124461973,TEXT,2130,200,16
1760124461973,TEXT,2130,200,16
1760124461973,TEXT,2129,200,16
1760124461973,TEXT,2129,200,16
1760124461973,TEXT,2129,200,16
1760124461973,JOIN,2129,200,16
1760124461973,TEXT,2129,200,16
1760124461973,TEXT,2129,200,16
1760124461973,TEXT,2129,200,16
1760124461974,TEXT,2129,200,16
1760124461974,TEXT,2129,200,16
1760124461974,TEXT,2129,200,16
1760124461974,TEXT,2128,200,16
1760124461974,TEXT,2128,200,16
1760124461974,TEXT,2128,200,16
1760124461974,TEXT,2128,200,16
1760124461975,TEXT,2128,200,16
1760124461975,TEXT,2128,200,16
1760124461975,TEXT,2128,200,16
1760124461975,TEXT,2127,200,16
1760124461975,TEXT,2127,200,16
1760124461975,TEXT,2127,200,16
1760124461975,TEXT,2127,200,16
1760124461975,TEXT,2127,200,16
1760124461975,TEXT,2127,200,16
1760124461975,TEXT,2127,200,16
1760124461975,TEXT,2127,200,16
1760124461975,TEXT,2127,200,16
1760124461975,LEAVE,2127,200,16
1760124461975,TEXT,2127,200,16
1760124461975,LEAVE,2127,200,16
1760124461976,TEXT,2127,200,16
1760124461976,TEXT,2127,200,16
1760124461976,TEXT,2127,200,16
1760124461976,TEXT,2127,200,16
1760124461976,TEXT,2127,200,16
1760124461976,TEXT,2127,200,16
1760124461976,TEXT,2127,200,16
1760124461976,TEXT,2127,200,16
1760124461976,TEXT,2126,200,16
1760124461976,TEXT,2126,200,16
1760124461976,TEXT,2126,200,16
1760124461976,TEXT,2126,200,16
1760124461976,TEXT,2126,200,16
1760124461976,TEXT,2126,200,16
1760124461976,TEXT,2126,200,16
1760124461976,LEAVE,2126,200,16
1760124461977,TEXT,2126,200,16
1760124461977,TEXT,2126,200,16
1760124461977,TEXT,2126,200,16
1760124461977,TEXT,2126,200,16
1760124461977,TEXT,2126,200,16
1760124461977,TEXT,2126,200,16
1760124461977,TEXT,2126,200,16
1760124461977,TEXT,2126,200,16
1760124461977,TEXT,2125,200,16
1760124461977,TEXT,2125,200,16
1760124461977,TEXT,2125,200,16
1760124461977,TEXT,2125,200,16
1760124461977,TEXT,2125,200,16
1760124461978,TEXT,2124,200,16
1760124461978,TEXT,2124,200,16
1760124461979,TEXT,2124,200,16
1760124461979,TEXT,2124,200,16
1760124461979,TEXT,2124,200,16
1760124461979,TEXT,2124,200,16
1760124461979,TEXT,2124,200,16
1760124461979,TEXT,2123,200,16
1760124461979,TEXT,2123,200,16
1760124461980,TEXT,2123,200,16
1760124461980,TEXT,2123,200,16
1760124461980,TEXT,2123,200,16
1760124461980,JOIN,2123,200,16
1760124461980,LEAVE,2123,200,16
1760124461980,TEXT,2123,200,16
1760124461980,LEAVE,2123,200,16
1760124461980,TEXT,2123,200,16
1760124461980,TEXT,2123,200,16
1760124461980,TEXT,2122,200,16
1760124461980,TEXT,2122,200,16
1760124461980,TEXT,2122,200,16
1760124461980,TEXT,2122,200,16
1760124461981,TEXT,2122,200,16
1760124461970,TEXT,2144,200,1
1760124461970,TEXT,2144,200,1
1760124461970,TEXT,2144,200,1
1760124461971,TEXT,2144,200,1
1760124461971,TEXT,2144,200,1
1760124461971,TEXT,2144,200,1
1760124461971,TEXT,2144,200,1
1760124461971,TEXT,2144,200,1
1760124461971,LEAVE,2144,200,1
1760124461971,TEXT,2144,200,1
1760124461971,TEXT,2144,200,1
1760124461971,LEAVE,2144,200,1
1760124461971,JOIN,2144,200,1
1760124461971,TEXT,2144,200,1
1760124461971,TEXT,2143,200,1
1760124461971,TEXT,2143,200,1
1760124461972,TEXT,2143,200,1
1760124461972,TEXT,2143,200,1
1760124461972,TEXT,2143,200,1
1760124461972,TEXT,2143,200,1
1760124461972,TEXT,2143,200,1
1760124461972,JOIN,2143,200,1
1760124461972,TEXT,2143,200,1
1760124461972,TEXT,2143,200,1
1760124461972,LEAVE,2143,200,1
1760124461972,TEXT,2143,200,1
1760124461972,TEXT,2143,200,1
1760124461972,TEXT,2143,200,1
1760124461972,TEXT,2143,200,1
1760124461972,TEXT,2143,200,1
1760124461972,TEXT,2143,200,1
1760124461972,TEXT,2143,200,1
1760124461972,TEXT,2143,200,1
1760124461972,TEXT,2143,200,1
1760124461972,TEXT,2143,200,1
1760124461973,TEXT,2142,200,1
1760124461973,TEXT,2142,200,1
1760124461973,TEXT,2142,200,1
1760124461973,TEXT,2142,200,1
1760124461973,TEXT,2142,200,1
1760124461973,TEXT,2142,200,1
1760124461973,TEXT,2142,200,1
1760124461973,TEXT,2142,200,1
1760124461974,TEXT,2141,200,1
1760124461974,TEXT,2141,200,1
1760124461974,TEXT,2141,200,1
1760124461974,TEXT,2141,200,1
1760124461974,TEXT,2141,200,1
1760124461974,TEXT,2141,200,1
1760124461974,LEAVE,2141,200,1
1760124461974,TEXT,2141,200,1
1760124461974,TEXT,2141,200,1
1760124461974,TEXT,2141,200,1
1760124461974,TEXT,2141,200,1
1760124461974,LEAVE,2141,200,1
1760124461974,LEAVE,2141,200,1
1760124461975,TEXT,2140,200,1
1760124461975,TEXT,2140,200,1
1760124461975,TEXT,2140,200,1
1760124461975,TEXT,2140,200,1
1760124461975,TEXT,2140,200,1
1760124461975,TEXT,2140,200,1
1760124461975,TEXT,2140,200,1
1760124461975,TEXT,2140,200,1
1760124461975,TEXT,2140,200,1
1760124461975,LEAVE,2140,200,1
1760124461975,TEXT,2140,200,1
1760124461975,TEXT,2140,200,1
1760124461976,TEXT,2139,200,1
1760124461976,TEXT,2139,200,1
1760124461976,TEXT,2139,200,1
1760124461976,TEXT,2139,200,1
1760124461976,TEXT,2139,200,1
1760124461976,TEXT,2139,200,1
1760124461976,TEXT,2139,200,1
1760124461976,TEXT,2139,200,1
1760124461976,TEXT,2139,200,1
1760124461976,TEXT,2139,200,1
1760124461977,TEXT,2139,200,1
1760124461977,TEXT,2139,200,1
1760124461977,TEXT,2139,200,1
1760124461977,TEXT,2138,200,1
1760124461977,TEXT,2138,200,1
1760124461977,TEXT,2138,200,1
1760124461977,TEXT,2138,200,1
1760124461977,TEXT,2138,200,1
1760124461978,TEXT,2138,200,1
1760124461978,TEXT,2137,200,1
1760124461979,LEAVE,2136,200,1
1760124461979,TEXT,2136,200,1
1760124461979,TEXT,2136,200,1
1760124461979,TEXT,2136,200,1
1760124461975,TEXT,2145,200,12
1760124461975,TEXT,2145,200,12
1760124461976,TEXT,2145,200,12
1760124461976,TEXT,2145,200,12
1760124461976,TEXT,2145,200,12
1760124461976,TEXT,2145,200,12
1760124461976,TEXT,2145,200,12
1760124461976,JOIN,2145,200,12
1760124461976,TEXT,2145,200,12
1760124461976,TEXT,2145,200,12
1760124461976,TEXT,2145,200,12
1760124461976,TEXT,2145,200,12
1760124461976,TEXT,2145,200,12
1760124461976,TEXT,2144,200,12
1760124461976,TEXT,2144,200,12
1760124461976,TEXT,2144,200,12
1760124461977,TEXT,2144,200,12
1760124461977,TEXT,2144,200,12
1760124461977,TEXT,2144,200,12
1760124461977,TEXT,2144,200,12
1760124461977,TEXT,2144,200,12
1760124461977,TEXT,2144,200,12
1760124461977,TEXT,2144,200,12
1760124461977,TEXT,2144,200,12
1760124461977,TEXT,2144,200,12
1760124461977,TEXT,2144,200,12
1760124461977,TEXT,2144,200,12
1760124461977,TEXT,2144,200,12
1760124461977,TEXT,2144,200,12
1760124461978,TEXT,2143,200,12
1760124461979,TEXT,2142,200,12
1760124461979,TEXT,2142,200,12
1760124461979,TEXT,2142,200,12
1760124461979,TEXT,2141,200,12
1760124461979,TEXT,2141,200,12
1760124461980,TEXT,2141,200,12
1760124461980,LEAVE,2141,200,12
1760124461980,LEAVE,2141,200,12
1760124461980,TEXT,2141,200,12
1760124461980,TEXT,2141,200,12
1760124461980,TEXT,2141,200,12
1760124461980,TEXT,2141,200,12
1760124461981,TEXT,2140,200,12
1760124461981,TEXT,2140,200,12
1760124461981,TEXT,2140,200,12
1760124461981,TEXT,2140,200,12
1760124461981,TEXT,2140,200,12
1760124461981,TEXT,2140,200,12
1760124461982,TEXT,2140,200,12
1760124461983,TEXT,2138,200,12
1760124461983,TEXT,2138,200,12
1760124461983,TEXT,2138,200,12
1760124461983,TEXT,2138,200,12
1760124461983,TEXT,2138,200,12
1760124461983,TEXT,2138,200,12
1760124461983,TEXT,2138,200,12
1760124461984,TEXT,2138,200,12
1760124461984,TEXT,2138,200,12
1760124461984,JOIN,2137,200,12
1760124461984,TEXT,2137,200,12
1760124461984,TEXT,2137,200,12
1760124461984,TEXT,2137,200,12
1760124461984,TEXT,2137,200,12
1760124461984,TEXT,2137,200,12
1760124461985,TEXT,2137,200,12
1760124461985,TEXT,2136,200,12
1760124461985,JOIN,2136,200,12
1760124461985,TEXT,2136,200,12
1760124461985,TEXT,2136,200,12
1760124461985,TEXT,2136,200,12
1760124461986,TEXT,2136,200,12
1760124461986,TEXT,2136,200,12
1760124461986,TEXT,2135,200,12
1760124461986,TEXT,2135,200,12
1760124461986,TEXT,2135,200,12
1760124461986,TEXT,2135,200,12
1760124461986,TEXT,2135,200,12
1760124461986,TEXT,2135,200,12
1760124461986,TEXT,2135,200,12
1760124461986,JOIN,2135,200,12
1760124461986,TEXT,2135,200,12
1760124461986,TEXT,2135,200,12
1760124461986,TEXT,2135,200,12
1760124461986,TEXT,2135,200,12
1760124461986,TEXT,2135,200,12
1760124461986,TEXT,2135,200,12
1760124461987,TEXT,2135,200,12
1760124461987,TEXT,2135,200,12
1760124461987,JOIN,2135,200,12
1760124461987,TEXT,2134,200,12
1760124461987,TEXT,2134,200,12
1760124461987,TEXT,2134,200,12
1760124461987,TEXT,2134,200,12
1760124461987,TEXT,2134,200,12
1760124461987,TEXT,2134,200,12
1760124461987,JOIN,2134,200,12
1760124461987,TEXT,2134,200,12
1760124461964,TEXT,2183,200,14
1760124461964,TEXT,2183,200,14
1760124461964,TEXT,2183,200,14
1760124461964,TEXT,2183,200,14
1760124461964,TEXT,2183,200,14
1760124461965,TEXT,2183,200,14
1760124461965,TEXT,2183,200,14
1760124461965,TEXT,2183,200,14
1760124461965,TEXT,2183,200,14
1760124461965,TEXT,2183,200,14
1760124461965,TEXT,2183,200,14
1760124461965,TEXT,2183,200,14
1760124461965,TEXT,2183,200,14
1760124461965,TEXT,2183,200,14
1760124461965,TEXT,2182,200,14
1760124461965,TEXT,2182,200,14
1760124461966,TEXT,2182,200,14
1760124461966,TEXT,2182,200,14
1760124461966,TEXT,2182,200,14
1760124461966,TEXT,2182,200,14
1760124461966,TEXT,2182,200,14
1760124461966,TEXT,2182,200,14
1760124461966,TEXT,2182,200,14
1760124461966,TEXT,2182,200,14
1760124461966,JOIN,2182,200,14
1760124461966,TEXT,2182,200,14
1760124461966,TEXT,2182,200,14
1760124461966,TEXT,2182,200,14
1760124461966,TEXT,2181,200,14
1760124461966,TEXT,2181,200,14
1760124461967,TEXT,2181,200,14
1760124461967,LEAVE,2181,200,14
1760124461967,JOIN,2181,200,14
1760124461967,TEXT,2181,200,14
1760124461967,TEXT,2181,200,14
1760124461967,TEXT,2181,200,14
1760124461967,TEXT,2181,200,14
1760124461967,TEXT,2181,200,14
1760124461967,TEXT,2181,200,14
1760124461967,TEXT,2181,200,14
1760124461967,TEXT,2180,200,14
1760124461967,JOIN,2180,200,14
1760124461968,TEXT,2180,200,14
1760124461968,TEXT,2180,200,14
1760124461968,JOIN,2180,200,14
1760124461968,TEXT,2180,200,14
1760124461968,TEXT,2180,200,14
1760124461968,TEXT,2180,200,14
1760124461968,JOIN,2180,200,14
1760124461968,TEXT,2180,200,14
1760124461968,TEXT,2180,200,14
1760124461969,TEXT,2179,200,14
1760124461969,TEXT,2179,200,14
1760124461969,TEXT,2179,200,14
1760124461969,TEXT,2179,200,14
1760124461969,TEXT,2179,200,14
1760124461969,TEXT,2179,200,14
1760124461969,TEXT,2179,200,14
1760124461969,TEXT,2179,200,14
1760124461969,JOIN,2179,200,14
1760124461969,TEXT,2179,200,14
1760124461969,TEXT,2179,200,14
1760124461969,TEXT,2179,200,14
1760124461969,TEXT,2179,200,14
1760124461969,TEXT,2178,200,14
1760124461970,TEXT,2178,200,14
1760124461970,TEXT,2178,200,14
1760124461970,TEXT,2178,200,14
1760124461970,TEXT,2178,200,14
1760124461970,TEXT,2178,200,14
1760124461970,JOIN,2178,200,14
1760124461970,TEXT,2178,200,14
1760124461970,TEXT,2178,200,14
1760124461970,TEXT,2178,200,14
1760124461970,TEXT,2178,200,14
1760124461970,TEXT,2178,200,14
1760124461970,TEXT,2178,200,14
1760124461970,TEXT,2178,200,14
1760124461970,LEAVE,2178,200,14
1760124461971,LEAVE,2177,200,14
1760124461971,TEXT,2177,200,14
1760124461971,TEXT,2177,200,14
1760124461971,TEXT,2177,200,14
1760124461971,TEXT,2177,200,14
1760124461971,TEXT,2177,200,14
1760124461971,TEXT,2177,200,14
1760124461971,TEXT,2177,200,14
1760124461971,TEXT,2177,200,14
1760124461971,TEXT,2177,200,14
1760124461971,JOIN,2177,200,14
1760124461971,TEXT,2177,200,14
1760124461971,TEXT,2177,200,14
1760124461971,LEAVE,2177,200,14
1760124461972,TEXT,2177,200,14
1760124461972,TEXT,2177,200,14
1760124461972,TEXT,2177,200,14
1760124461972,TEXT,2177,200,14
1760124461972,TEXT,2177,200,14
1760124461972,TEXT,2176,200,14
1760124461972,TEXT,2176,200,14
1760124461972,LEAVE,2176,200,14
1760124461972,TEXT,2176,200,14
1760124461972,TEXT,2176,200,14
1760124461972,TEXT,2176,200,14
1760124461972,TEXT,2176,200,14
1760124461972,TEXT,2176,200,14
1760124461972,TEXT,2176,200,14
1760124461972,TEXT,2176,200,14
1760124461973,TEXT,2176,200,14
1760124461973,TEXT,2176,200,14
1760124461973,JOIN,2175,200,14
1760124461973,TEXT,2175,200,14
1760124461973,TEXT,2175,200,14
1760124461973,TEXT,2175,200,14
1760124461973,TEXT,2175,200,14
1760124461973,TEXT,2175,200,14
1760124461973,TEXT,2175,200,14
1760124461974,TEXT,2175,200,14
1760124461974,TEXT,2175,200,14
1760124461974,TEXT,2174,200,14
1760124461974,TEXT,2174,200,14
1760124461974,TEXT,2174,200,14
1760124461974,LEAVE,2174,200,14
1760124461974,TEXT,2174,200,14
1760124461974,TEXT,2174,200,14
1760124461974,LEAVE,2174,200,14
1760124461974,TEXT,2174,200,14
1760124461975,TEXT,2174,200,14
1760124461975,TEXT,2174,200,14
1760124461975,JOIN,2174,200,14
1760124461975,TEXT,2174,200,14
1760124461975,TEXT,2174,200,14
1760124461975,TEXT,2174,200,14
1760124461975,TEXT,2174,200,14
1760124461975,TEXT,2173,200,14
1760124461975,TEXT,2173,200,14
1760124461975,TEXT,2173,200,14
1760124461975,JOIN,2173,200,14
1760124461975,TEXT,2173,200,14
1760124461975,TEXT,2173,200,14
1760124461975,LEAVE,2173,200,14
1760124461975,TEXT,2173,200,14
1760124461975,TEXT,2173,200,14
1760124461976,TEXT,2173,200,14
1760124461976,TEXT,2173,200,14
1760124461976,TEXT,2173,200,14
1760124461976,TEXT,2173,200,14
1760124461976,TEXT,2173,200,14
1760124461976,TEXT,2172,200,14
1760124461976,TEXT,2172,200,14
1760124461976,TEXT,2172,200,14
1760124461976,TEXT,2172,200,14
1760124461976,TEXT,2172,200,14
1760124461976,TEXT,2172,200,14
1760124461976,TEXT,2172,200,14
1760124461976,TEXT,2172,200,14
1760124461976,TEXT,2172,200,14
1760124461977,TEXT,2172,200,14
1760124461977,TEXT,2172,200,14
1760124461977,LEAVE,2172,200,14
1760124461977,TEXT,2172,200,14
1760124461977,TEXT,2172,200,14
1760124461977,TEXT,2171,200,14
1760124461977,TEXT,2171,200,14
1760124461977,TEXT,2171,200,14
1760124461977,TEXT,2171,200,14
1760124461977,TEXT,2171,200,14
1760124461977,TEXT,2171,200,14
1760124461977,TEXT,2171,200,14
1760124461977,TEXT,2171,200,14
1760124461978,TEXT,2170,200,14
1760124461979,TEXT,2170,200,14
1760124461979,TEXT,2170,200,14
1760124461979,TEXT,2170,200,14
1760124461979,JOIN,2170,200,14
1760124461979,TEXT,2169,200,14
1760124461979,TEXT,2169,200,14
1760124461979,TEXT,2169,200,14
1760124461980,TEXT,2169,200,14
1760124461980,TEXT,2169,200,14
1760124461980,TEXT,2169,200,14
1760124461980,JOIN,2169,200,14
1760124461980,TEXT,2168,200,14
1760124461973,TEXT,2196,200,17
1760124461973,TEXT,2196,200,17
1760124461973,TEXT,2196,200,17
1760124461973,TEXT,2196,200,17
1760124461974,TEXT,2196,200,17
1760124461974,TEXT,2196,200,17
1760124461974,TEXT,2195,200,17
1760124461974,TEXT,2195,200,17
1760124461974,TEXT,2195,200,17
1760124461974,TEXT,2195,200,17
1760124461974,TEXT,2195,200,17
1760124461974,TEXT,2195,200,17
1760124461974,TEXT,2195,200,17
1760124461974,TEXT,2195,200,17
1760124461974,TEXT,2195,200,17
1760124461974,TEXT,2195,200,17
1760124461974,TEXT,2195,200,17
1760124461974,TEXT,2195,200,17
1760124461975,TEXT,2195,200,17
1760124461975,TEXT,2195,200,17
1760124461975,TEXT,2195,200,17
1760124461975,TEXT,2195,200,17
1760124461975,LEAVE,2195,200,17
1760124461975,TEXT,2194,200,17
1760124461975,TEXT,2194,200,17
1760124461975,LEAVE,2194,200,17
1760124461975,TEXT,2194,200,17
1760124461975,TEXT,2194,200,17
1760124461975,TEXT,2194,200,17
1760124461976,TEXT,2194,200,17
1760124461976,TEXT,2194,200,17
1760124461976,TEXT,2194,200,17
1760124461976,TEXT,2194,200,17
1760124461976,TEXT,2194,200,17
1760124461976,TEXT,2194,200,17
1760124461976,TEXT,2194,200,17
1760124461976,TEXT,2193,200,17
1760124461976,TEXT,2193,200,17
1760124461976,TEXT,2193,200,17
1760124461976,TEXT,2193,200,17
1760124461976,TEXT,2193,200,17
1760124461976,TEXT,2193,200,17
1760124461976,TEXT,2193,200,17
1760124461976,JOIN,2193,200,17
1760124461976,TEXT,2193,200,17
1760124461976,TEXT,2193,200,17
1760124461977,TEXT,2193,200,17
1760124461977,TEXT,2193,200,17
1760124461977,TEXT,2192,200,17
1760124461977,TEXT,2192,200,17
1760124461977,TEXT,2192,200,17
1760124461977,TEXT,2192,200,17
1760124461977,TEXT,2192,200,17
1760124461977,TEXT,2192,200,17
1760124461977,TEXT,2192,200,17
1760124461977,TEXT,2192,200,17
1760124461977,TEXT,2192,200,17
1760124461978,TEXT,2191,200,17
1760124461978,TEXT,2191,200,17
1760124461978,TEXT,2191,200,17
1760124461979,TEXT,2191,200,17
1760124461979,TEXT,2191,200,17
1760124461979,JOIN,2191,200,17
1760124461979,TEXT,2190,200,17
1760124461980,TEXT,2190,200,17
1760124461980,TEXT,2190,200,17
1760124461980,TEXT,2190,200,17
1760124461980,TEXT,2190,200,17
1760124461980,TEXT,2189,200,17
1760124461980,TEXT,2189,200,17
1760124461980,TEXT,2189,200,17
1760124461981,LEAVE,2189,200,17
1760124461981,JOIN,2189,200,17
1760124461981,TEXT,2189,200,17
1760124461981,JOIN,2189,200,17
1760124461981,TEXT,2188,200,17
1760124461981,TEXT,2188,200,17
1760124461981,TEXT,2188,200,17
1760124461981,TEXT,2188,200,17
1760124461982,TEXT,2187,200,17
1760124461983,TEXT,2187,200,17
1760124461983,TEXT,2187,200,17
1760124461983,TEXT,2187,200,17
1760124461983,TEXT,2186,200,17
1760124461983,TEXT,2186,200,17
1760124461983,TEXT,2186,200,17
1760124461983,TEXT,2186,200,17
1760124461983,TEXT,2186,200,17
1760124461983,TEXT,2186,200,17
1760124461983,TEXT,2186,200,17
1760124461979,TEXT,2233,200,19
1760124461980,TEXT,2233,200,19
1760124461980,TEXT,2233,200,19
1760124461980,TEXT,2233,200,19
1760124461980,TEXT,2233,200,19
1760124461980,TEXT,2233,200,19
1760124461980,TEXT,2233,200,19
1760124461980,TEXT,2232,200,19
1760124461981,TEXT,2232,200,19
1760124461981,TEXT,2232,200,19
1760124461981,JOIN,2232,200,19
1760124461981,TEXT,2232,200,19
1760124461981,LEAVE,2231,200,19
1760124461981,TEXT,2231,200,19
1760124461981,TEXT,2231,200,19
1760124461981,TEXT,2231,200,19
1760124461981,TEXT,2231,200,19
1760124461981,TEXT,2231,200,19
1760124461982,TEXT,2231,200,19
1760124461982,TEXT,2230,200,19
1760124461982,TEXT,2230,200,19
1760124461983,TEXT,2230,200,19
1760124461983,TEXT,2230,200,19
1760124461983,TEXT,2230,200,19
1760124461983,LEAVE,2230,200,19
1760124461983,TEXT,2230,200,19
1760124461983,TEXT,2230,200,19
1760124461983,TEXT,2229,200,19
1760124461983,TEXT,2229,200,19
1760124461983,JOIN,2229,200,19
1760124461983,TEXT,2229,200,19
1760124461983,TEXT,2229,200,19
1760124461984,TEXT,2229,200,19
1760124461984,JOIN,2229,200,19
1760124461984,TEXT,2229,200,19
1760124461984,TEXT,2229,200,19
1760124461984,TEXT,2229,200,19
1760124461984,TEXT,2229,200,19
1760124461984,TEXT,2229,200,19
1760124461984,TEXT,2229,200,19
1760124461984,TEXT,2228,200,19
1760124461985,TEXT,2228,200,19
1760124461985,TEXT,2228,200,19
1760124461985,TEXT,2228,200,19
1760124461985,TEXT,2228,200,19
1760124461985,TEXT,2228,200,19
1760124461985,TEXT,2227,200,19
1760124461985,TEXT,2227,200,19
1760124461985,TEXT,2227,200,19
1760124461985,TEXT,2227,200,19
1760124461986,TEXT,2227,200,19
1760124461986,TEXT,2227,200,19
1760124461986,TEXT,2227,200,19
1760124461986,TEXT,2227,200,19
1760124461986,TEXT,2227,200,19
1760124461986,TEXT,2227,200,19
1760124461986,TEXT,2227,200,19
1760124461986,TEXT,2227,200,19
1760124461986,TEXT,2227,200,19
1760124461986,TEXT,2227,200,19
1760124461986,TEXT,2227,200,19
1760124461986,LEAVE,2227,200,19
1760124461986,TEXT,2227,200,19
1760124461986,TEXT,2227,200,19
1760124461986,TEXT,2227,200,19
1760124461986,TEXT,2227,200,19
1760124461986,TEXT,2227,200,19
1760124461986,TEXT,2227,200,19
1760124461986,TEXT,2227,200,19
1760124461986,TEXT,2226,200,19
1760124461986,TEXT,2226,200,19
1760124461987,TEXT,2226,200,19
1760124461987,TEXT,2226,200,19
1760124461987,TEXT,2226,200,19
1760124461987,TEXT,2226,200,19
1760124461987,TEXT,2226,200,19
1760124461987,TEXT,2226,200,19
1760124461987,TEXT,2226,200,19
1760124461987,TEXT,2226,200,19
1760124461987,TEXT,2226,200,19
1760124461987,TEXT,2226,200,19
1760124461987,TEXT,2226,200,19
1760124461987,TEXT,2226,200,19
1760124461987,TEXT,2226,200,19
1760124461987,TEXT,2226,200,19
1760124461987,JOIN,2226,200,19
1760124461987,TEXT,2226,200,19
1760124461987,TEXT,2226,200,19
1760124461987,TEXT,2226,200,19
1760124461988,TEXT,2225,200,19
1760124461988,TEXT,2225,200,19
1760124461988,TEXT,2225,200,19
1760124461988,TEXT,2225,200,19
1760124461988,TEXT,2225,200,19
1760124461988,TEXT,2225,200,19
1760124461988,TEXT,2225,200,19
1760124461988,TEXT,2225,200,19
1760124461975,TEXT,2244,200,9
1760124461975,TEXT,2244,200,9
1760124461975,TEXT,2244,200,9
1760124461975,TEXT,2244,200,9
1760124461975,TEXT,2244,200,9
1760124461975,TEXT,2244,200,9
1760124461975,TEXT,2244,200,9
1760124461975,TEXT,2244,200,9
1760124461975,TEXT,2244,200,9
1760124461975,TEXT,2244,200,9
1760124461975,TEXT,2244,200,9
1760124461975,TEXT,2244,200,9
1760124461975,TEXT,2244,200,9
1760124461975,TEXT,2244,200,9
1760124461976,TEXT,2244,200,9
1760124461976,TEXT,2244,200,9
1760124461976,TEXT,2244,200,9
1760124461976,TEXT,2244,200,9
1760124461976,TEXT,2244,200,9
1760124461976,TEXT,2244,200,9
1760124461976,TEXT,2243,200,9
1760124461976,TEXT,2243,200,9
1760124461976,TEXT,2243,200,9
1760124461976,TEXT,2243,200,9
1760124461976,TEXT,2243,200,9
1760124461976,TEXT,2243,200,9
1760124461976,TEXT,2243,200,9
1760124461976,TEXT,2243,200,9
1760124461977,TEXT,2243,200,9
1760124461977,TEXT,2243,200,9
1760124461977,TEXT,2243,200,9
1760124461977,TEXT,2243,200,9
1760124461977,TEXT,2243,200,9
1760124461977,TEXT,2243,200,9
1760124461977,LEAVE,2242,200,9
1760124461977,TEXT,2242,200,9
1760124461977,TEXT,2242,200,9
1760124461977,TEXT,2242,200,9
1760124461977,TEXT,2242,200,9
1760124461977,JOIN,2242,200,9
1760124461977,TEXT,2242,200,9
1760124461977,TEXT,2242,200,9
1760124461977,TEXT,2242,200,9
1760124461979,TEXT,2241,200,9
1760124461979,TEXT,2241,200,9
1760124461979,TEXT,2240,200,9
1760124461979,TEXT,2240,200,9
1760124461979,TEXT,2240,200,9
1760124461979,TEXT,2240,200,9
1760124461980,LEAVE,2240,200,9
1760124461980,TEXT,2240,200,9
1760124461980,TEXT,2239,200,9
1760124461980,TEXT,2239,200,9
1760124461980,TEXT,2239,200,9
1760124461980,TEXT,2239,200,9
1760124461981,LEAVE,2239,200,9
1760124461981,TEXT,2238,200,9
1760124461981,TEXT,2238,200,9
1760124461981,TEXT,2238,200,9
1760124461981,TEXT,2238,200,9
1760124461981,TEXT,2238,200,9
1760124461981,TEXT,2238,200,9
1760124461981,LEAVE,2238,200,9
1760124461981,TEXT,2238,200,9
1760124461981,TEXT,2238,200,9
1760124461981,TEXT,2238,200,9
1760124461982,JOIN,2238,200,9
1760124461982,TEXT,2238,200,9
1760124461982,TEXT,2237,200,9
1760124461983,TEXT,2237,200,9
1760124461983,TEXT,2237,200,9
1760124461983,TEXT,2237,200,9
1760124461983,TEXT,2237,200,9
1760124461983,TEXT,2237,200,9
1760124461983,TEXT,2236,200,9
1760124461983,TEXT,2236,200,9
1760124461983,TEXT,2236,200,9
1760124461983,TEXT,2236,200,9
1760124461984,JOIN,2236,200,9
1760124461984,TEXT,2236,200,9
1760124461984,TEXT,2235,200,9
1760124461984,TEXT,2235,200,9
1760124461984,LEAVE,2235,200,9
1760124461984,TEXT,2235,200,9
1760124461985,TEXT,2235,200,9
1760124461985,LEAVE,2235,200,9
1760124461985,TEXT,2235,200,9
1760124461985,TEXT,2235,200,9
1760124461985,LEAVE,2234,200,9
1760124461986,TEXT,2234,200,9
1760124461986,TEXT,2234,200,9
1760124461986,TEXT,2234,200,9
1760124461986,TEXT,2234,200,9
1760124461986,JOIN,2234,200,9
1760124461986,TEXT,2234,200,9
1760124461986,TEXT,2234,200,9
1760124461986,TEXT,2233,200,9
1760124461987,TEXT,2233,200,9
1760124461987,TEXT,2233,200,9
1760124461987,TEXT,2233,200,9
1760124461987,TEXT,2233,200,9
1760124461987,TEXT,2233,200,9
1760124461987,TEXT,2233,200,9
1760124461987,TEXT,2233,200,9
1760124461969,TEXT,2270,200,10
1760124461969,TEXT,2270,200,10
1760124461969,TEXT,2270,200,10
1760124461969,TEXT,2270,200,10
1760124461970,TEXT,2269,200,10
1760124461970,TEXT,2269,200,10
1760124461970,TEXT,2269,200,10
1760124461970,TEXT,2269,200,10
1760124461970,TEXT,2269,200,10
1760124461970,TEXT,2269,200,10
1760124461970,TEXT,2269,200,10
1760124461970,TEXT,2269,200,10
1760124461970,TEXT,2269,200,10
1760124461970,TEXT,2269,200,10
1760124461970,TEXT,2269,200,10
1760124461970,TEXT,2269,200,10
1760124461970,TEXT,2269,200,10
1760124461970,TEXT,2269,200,10
1760124461970,TEXT,2269,200,10
1760124461971,TEXT,2268,200,10
1760124461971,TEXT,2268,200,10
1760124461971,TEXT,2268,200,10
1760124461971,TEXT,2268,200,10
1760124461971,LEAVE,2268,200,10
1760124461971,LEAVE,2268,200,10
1760124461971,TEXT,2268,200,10
1760124461971,TEXT,2268,200,10
1760124461972,TEXT,2267,200,10
1760124461972,TEXT,2267,200,10
1760124461972,TEXT,2267,200,10
1760124461972,TEXT,2267,200,10
1760124461972,TEXT,2267,200,10
1760124461972,TEXT,2267,200,10
1760124461972,TEXT,2267,200,10
1760124461972,LEAVE,2267,200,10
1760124461972,TEXT,2267,200,10
1760124461972,TEXT,2267,200,10
1760124461972,TEXT,2267,200,10
1760124461972,TEXT,2267,200,10
1760124461972,TEXT,2267,200,10
1760124461972,TEXT,2267,200,10
1760124461972,TEXT,2267,200,10
1760124461973,TEXT,2266,200,10
1760124461973,JOIN,2266,200,10
1760124461973,TEXT,2266,200,10
1760124461973,TEXT,2266,200,10
1760124461973,LEAVE,2266,200,10
1760124461973,TEXT,2266,200,10
1760124461973,LEAVE,2266,200,10
1760124461973,TEXT,2266,200,10
1760124461973,TEXT,2266,200,10
1760124461973,TEXT,2266,200,10
1760124461973,TEXT,2266,200,10
1760124461973,TEXT,2266,200,10
1760124461973,TEXT,2266,200,10
1760124461973,TEXT,2266,200,10
1760124461973,TEXT,2266,200,10
1760124461973,TEXT,2266,200,10
1760124461973,TEXT,2266,200,10
1760124461974,TEXT,2265,200,10
1760124461974,TEXT,2265,200,10
1760124461974,TEXT,2265,200,10
1760124461974,TEXT,2265,200,10
1760124461974,TEXT,2265,200,10
1760124461974,TEXT,2265,200,10
1760124461974,TEXT,2265,200,10
1760124461974,TEXT,2265,200,10
1760124461974,TEXT,2265,200,10
1760124461974,TEXT,2265,200,10
1760124461974,TEXT,2265,200,10
1760124461974,TEXT,2265,200,10
1760124461974,TEXT,2265,200,10
1760124461975,LEAVE,2265,200,10
1760124461975,TEXT,2265,200,10
1760124461975,TEXT,2264,200,10
1760124461975,LEAVE,2264,200,10
1760124461975,TEXT,2264,200,10
1760124461975,TEXT,2264,200,10
1760124461975,TEXT,2264,200,10
1760124461975,TEXT,2264,200,10
1760124461975,TEXT,2264,200,10
1760124461975,LEAVE,2264,200,10
1760124461975,TEXT,2264,200,10
1760124461975,TEXT,2264,200,10
1760124461976,TEXT,2264,200,10
1760124461976,TEXT,2264,200,10
1760124461976,TEXT,2263,200,10
1760124461976,TEXT,2263,200,10
1760124461976,TEXT,2263,200,10
1760124461976,TEXT,2263,200,10
1760124461976,TEXT,2263,200,10
1760124461976,TEXT,2263,200,10
1760124461976,TEXT,2263,200,10
1760124461976,TEXT,2263,200,10
1760124461976,TEXT,2263,200,10
1760124461976,TEXT,2263,200,10
1760124461976,TEXT,2263,200,10
1760124461976,TEXT,2263,200,10
1760124461977,TEXT,2262,200,10
1760124461977,TEXT,2262,200,10
1760124461977,TEXT,2262,200,10
1760124461977,TEXT,2262,200,10
1760124461977,TEXT,2262,200,10
1760124461977,TEXT,2262,200,10
1760124461977,TEXT,2262,200,10
1760124461979,TEXT,2260,200,10
1760124461979,TEXT,2260,200,10
1760124461979,TEXT,2260,200,10
1760124461979,TEXT,2260,200,10
1760124461979,TEXT,2260,200,10
1760124461979,TEXT,2260,200,10
1760124461979,TEXT,2260,200,10
1760124461979,TEXT,2260,200,10
1760124461979,TEXT,2260,200,10
1760124461980,TEXT,2259,200,10
1760124461980,TEXT,2259,200,10
1760124461980,TEXT,2259,200,10
1760124461980,LEAVE,2259,200,10
1760124461980,TEXT,2259,200,10
1760124461980,TEXT,2259,200,10
1760124461980,TEXT,2259,200,10
1760124461980,TEXT,2259,200,10
1760124461980,TEXT,2259,200,10
1760124461980,TEXT,2259,200,10
1760124461980,TEXT,2259,200,10
1760124461980,TEXT,2259,200,10
1760124461981,TEXT,2258,200,10
1760124461981,TEXT,2258,200,10
1760124461981,TEXT,2258,200,10
1760124461981,TEXT,2258,200,10
1760124461981,TEXT,2258,200,10
1760124461982,TEXT,2258,200,10
1760124461982,TEXT,2257,200,10
1760124461983,TEXT,2257,200,10
1760124461983,LEAVE,2257,200,10
1760124461983,TEXT,2257,200,10
1760124461983,TEXT,2256,200,10
1760124461983,TEXT,2256,200,10
1760124461983,TEXT,2256,200,10
1760124461983,TEXT,2256,200,10
1760124461983,TEXT,2256,200,10
1760124461983,TEXT,2256,200,10
1760124461983,TEXT,2256,200,10
1760124461984,TEXT,2256,200,10
1760124461984,TEXT,2255,200,10
1760124461984,TEXT,2255,200,10
1760124461984,TEXT,2255,200,10
1760124461984,TEXT,2255,200,10
1760124461984,TEXT,2255,200,10
1760124461984,TEXT,2255,200,10
1760124461984,TEXT,2255,200,10
1760124461985,TEXT,2255,200,10
1760124461985,TEXT,2254,200,10
1760124461985,TEXT,2254,200,10
1760124461986,TEXT,2254,200,10
1760124461986,TEXT,2253,200,10
1760124461986,TEXT,2253,200,10
1760124461986,TEXT,2253,200,10
1760124461986,TEXT,2253,200,10
1760124461986,TEXT,2253,200,10
1760124461986,TEXT,2253,200,10
1760124461986,LEAVE,2253,200,10
1760124461986,TEXT,2253,200,10
1760124461986,TEXT,2253,200,10
1760124461986,JOIN,2253,200,10
1760124461986,TEXT,2253,200,10
1760124461986,TEXT,2253,200,10
1760124461987,TEXT,2253,200,10
1760124461987,TEXT,2253,200,10
1760124461987,TEXT,2253,200,10
1760124461987,TEXT,2253,200,10
1760124461987,TEXT,2253,200,10
1760124461987,TEXT,2252,200,10
1760124461987,LEAVE,2252,200,10
1760124461987,TEXT,2252,200,10
1760124461987,TEXT,2252,200,10
1760124461987,TEXT,2252,200,10
1760124461987,TEXT,2252,200,10
1760124461987,TEXT,2252,200,10
1760124461987,TEXT,2252,200,10
1760124461987,TEXT,2252,200,10
1760124461987,TEXT,2252,200,10
1760124461987,TEXT,2252,200,10
1760124461987,TEXT,2252,200,10
1760124461984,TEXT,2289,200,2
1760124461984,TEXT,2289,200,2
1760124461985,TEXT,2289,200,2
1760124461985,JOIN,2289,200,2
1760124461985,TEXT,2288,200,2
1760124461985,JOIN,2288,200,2
1760124461985,TEXT,2288,200,2
1760124461985,LEAVE,2288,200,2
1760124461986,TEXT,2288,200,2
1760124461986,TEXT,2288,200,2
1760124461986,TEXT,2288,200,2
1760124461986,TEXT,2288,200,2
1760124461986,TEXT,2287,200,2
1760124461986,TEXT,2287,200,2
1760124461986,TEXT,2287,200,2
1760124461986,TEXT,2287,200,2
1760124461986,LEAVE,2287,200,2
1760124461986,TEXT,2287,200,2
1760124461986,TEXT,2287,200,2
1760124461986,TEXT,2287,200,2
1760124461986,TEXT,2287,200,2
1760124461986,TEXT,2287,200,2
1760124461986,TEXT,2287,200,2
1760124461986,TEXT,2287,200,2
1760124461986,TEXT,2287,200,2
1760124461986,TEXT,2287,200,2
1760124461987,TEXT,2287,200,2
1760124461987,TEXT,2287,200,2
1760124461987,TEXT,2287,200,2
1760124461987,TEXT,2287,200,2
1760124461987,TEXT,2287,200,2
1760124461987,TEXT,2287,200,2
1760124461987,TEXT,2287,200,2
1760124461987,TEXT,2287,200,2
1760124461987,TEXT,2287,200,2
1760124461987,LEAVE,2287,200,2
1760124461987,TEXT,2286,200,2
1760124461987,TEXT,2286,200,2
1760124461987,TEXT,2286,200,2
1760124461987,JOIN,2286,200,2
1760124461987,TEXT,2286,200,2
1760124461987,TEXT,2286,200,2
1760124461988,TEXT,2286,200,2
1760124461988,TEXT,2286,200,2
1760124461988,TEXT,2286,200,2
1760124461988,TEXT,2285,200,2
1760124461988,TEXT,2285,200,2
1760124461988,TEXT,2285,200,2
1760124461988,TEXT,2285,200,2
1760124461988,TEXT,2285,200,2
1760124461988,TEXT,2285,200,2
1760124461988,TEXT,2285,200,2
1760124461989,TEXT,2285,200,2
1760124461989,TEXT,2285,200,2
1760124461989,TEXT,2285,200,2
1760124461989,TEXT,2285,200,2
1760124461989,TEXT,2285,200,2
1760124461989,TEXT,2285,200,2
1760124461989,TEXT,2285,200,2
1760124461989,TEXT,2285,200,2
1760124461989,TEXT,2285,200,2
1760124461989,TEXT,2284,200,2
1760124461989,TEXT,2284,200,2
1760124461989,TEXT,2284,200,2
1760124461989,TEXT,2284,200,2
1760124461989,TEXT,2284,200,2
1760124461989,LEAVE,2284,200,2
1760124461989,TEXT,2284,200,2
1760124461990,TEXT,2284,200,2
1760124461990,TEXT,2284,200,2
1760124461990,TEXT,2284,200,2
1760124461990,TEXT,2284,200,2
1760124461990,TEXT,2284,200,2
1760124461990,TEXT,2284,200,2
1760124461990,TEXT,2283,200,2
1760124461990,TEXT,2283,200,2
1760124461990,TEXT,2283,200,2
1760124461990,TEXT,2283,200,2
1760124461990,TEXT,2283,200,2
1760124461990,TEXT,2283,200,2
1760124461990,TEXT,2283,200,2
1760124461991,TEXT,2283,200,2
1760124461991,TEXT,2283,200,2
1760124461991,TEXT,2283,200,2
1760124461991,TEXT,2283,200,2
1760124461991,TEXT,2283,200,2
1760124461991,TEXT,2283,200,2
1760124461991,TEXT,2283,200,2
1760124461991,TEXT,2283,200,2
1760124461991,TEXT,2283,200,2
1760124461991,TEXT,2282,200,2
1760124461991,TEXT,2282,200,2
1760124461991,TEXT,2282,200,2
1760124461991,TEXT,2282,200,2
1760124461991,TEXT,2282,200,2
1760124461992,JOIN,2282,200,2
1760124461992,TEXT,2282,200,2
1760124461992,TEXT,2282,200,2
1760124461992,JOIN,2282,200,2
1760124461992,TEXT,2282,200,2
1760124461992,TEXT,2282,200,2
1760124461992,TEXT,2281,200,2
1760124461992,TEXT,2281,200,2
1760124461992,TEXT,2281,200,2
1760124461992,TEXT,2281,200,2
1760124461992,TEXT,2281,200,2
1760124461992,TEXT,2281,200,2
1760124461978,LEAVE,2309,200,7
1760124461979,TEXT,2309,200,7
1760124461979,TEXT,2309,200,7
1760124461979,TEXT,2309,200,7
1760124461979,TEXT,2309,200,7
1760124461979,TEXT,2309,200,7
1760124461979,TEXT,2309,200,7
1760124461979,TEXT,2309,200,7
1760124461979,TEXT,2308,200,7
1760124461980,TEXT,2308,200,7
1760124461980,TEXT,2308,200,7
1760124461980,TEXT,2307,200,7
1760124461980,TEXT,2307,200,7
1760124461980,TEXT,2307,200,7
1760124461980,TEXT,2307,200,7
1760124461981,TEXT,2306,200,7
1760124461981,TEXT,2306,200,7
1760124461981,TEXT,2306,200,7
1760124461981,TEXT,2306,200,7
1760124461981,TEXT,2306,200,7
1760124461982,TEXT,2306,200,7
1760124461983,TEXT,2305,200,7
1760124461983,TEXT,2305,200,7
1760124461983,TEXT,2305,200,7
1760124461983,TEXT,2305,200,7
1760124461983,TEXT,2305,200,7
1760124461983,TEXT,2304,200,7
1760124461983,TEXT,2304,200,7
1760124461983,TEXT,2304,200,7
1760124461984,TEXT,2304,200,7
1760124461984,TEXT,2304,200,7
1760124461984,TEXT,2304,200,7
1760124461984,TEXT,2304,200,7
1760124461984,TEXT,2304,200,7
1760124461984,TEXT,2304,200,7
1760124461984,TEXT,2304,200,7
1760124461984,TEXT,2303,200,7
1760124461984,TEXT,2303,200,7
1760124461984,TEXT,2303,200,7
1760124461984,TEXT,2303,200,7
1760124461984,TEXT,2303,200,7
1760124461985,TEXT,2302,200,7
1760124461985,TEXT,2302,200,7
1760124461986,TEXT,2302,200,7
1760124461986,TEXT,2302,200,7
1760124461986,TEXT,2302,200,7
1760124461986,TEXT,2302,200,7
1760124461986,TEXT,2301,200,7
1760124461986,TEXT,2301,200,7
1760124461986,TEXT,2301,200,7
1760124461986,TEXT,2301,200,7
1760124461986,TEXT,2301,200,7
1760124461987,TEXT,2301,200,7
1760124461987,TEXT,2301,200,7
1760124461987,TEXT,2301,200,7
1760124461987,JOIN,2301,200,7
1760124461987,TEXT,2301,200,7
1760124461987,LEAVE,2301,200,7
1760124461987,TEXT,2301,200,7
1760124461987,TEXT,2301,200,7
1760124461987,TEXT,2300,200,7
1760124461987,TEXT,2300,200,7
1760124461987,TEXT,2300,200,7
1760124461987,TEXT,2300,200,7
1760124461987,TEXT,2300,200,7
1760124461987,TEXT,2300,200,7
1760124461987,JOIN,2300,200,7
1760124461988,TEXT,2300,200,7
1760124461988,JOIN,2300,200,7
1760124461988,TEXT,2300,200,7
1760124461988,TEXT,2300,200,7
1760124461988,TEXT,2300,200,7
1760124461988,TEXT,2299,200,7
1760124461988,TEXT,2299,200,7
1760124461988,TEXT,2299,200,7
1760124461989,TEXT,2299,200,7
1760124461989,TEXT,2299,200,7
1760124461989,TEXT,2299,200,7
1760124461989,TEXT,2299,200,7
1760124461989,TEXT,2299,200,7
1760124461989,TEXT,2299,200,7
1760124461989,JOIN,2299,200,7
1760124461989,TEXT,2299,200,7
1760124461989,TEXT,2299,200,7
1760124461989,LEAVE,2299,200,7
1760124461989,TEXT,2299,200,7
1760124461989,LEAVE,2299,200,7
1760124461989,TEXT,2299,200,7
1760124461989,TEXT,2299,200,7
1760124461989,TEXT,2299,200,7
1760124461989,TEXT,2299,200,7
1760124461989,JOIN,2299,200,7
1760124461989,TEXT,2298,200,7
1760124461989,TEXT,2298,200,7
1760124461990,LEAVE,2354,200,15
1760124461990,JOIN,2354,200,15
1760124461990,TEXT,2354,200,15
1760124461990,TEXT,2354,200,15
1760124461990,TEXT,2354,200,15
1760124461990,TEXT,2354,200,15
1760124461990,TEXT,2354,200,15
1760124461991,TEXT,2353,200,15
1760124461991,JOIN,2353,200,15
1760124461991,TEXT,2353,200,15
1760124461991,TEXT,2353,200,15
1760124461991,LEAVE,2353,200,15
1760124461991,TEXT,2353,200,15
1760124461991,TEXT,2353,200,15
1760124461991,TEXT,2353,200,15
1760124461991,TEXT,2353,200,15
1760124461991,TEXT,2353,200,15
1760124461991,TEXT,2353,200,15
1760124461991,TEXT,2353,200,15
1760124461991,TEXT,2353,200,15
1760124461991,TEXT,2353,200,15
1760124461991,TEXT,2353,200,15
1760124461992,TEXT,2353,200,15
1760124461992,TEXT,2352,200,15
1760124461992,TEXT,2352,200,15
1760124461992,TEXT,2352,200,15
1760124461992,TEXT,2352,200,15
1760124461992,TEXT,2352,200,15
1760124461992,TEXT,2352,200,15
1760124461992,TEXT,2352,200,15
1760124461992,TEXT,2352,200,15
1760124461992,TEXT,2352,200,15
1760124461993,TEXT,2351,200,15
1760124461993,TEXT,2351,200,15
1760124461993,TEXT,2351,200,15
1760124461993,LEAVE,2351,200,15
1760124461993,TEXT,2351,200,15
1760124461993,TEXT,2351,200,15
1760124461993,TEXT,2351,200,15
1760124461993,TEXT,2351,200,15
1760124461994,JOIN,2350,200,15
1760124461994,TEXT,2350,200,15
1760124461994,TEXT,2350,200,15
1760124461994,TEXT,2350,200,15
1760124461994,TEXT,2350,200,15
1760124461995,TEXT,2349,200,15
1760124461995,JOIN,2349,200,15
1760124461995,TEXT,2349,200,15
1760124461995,TEXT,2349,200,15
1760124461995,TEXT,2349,200,15
1760124461995,TEXT,2349,200,15
1760124461995,TEXT,2349,200,15
1760124461995,TEXT,2349,200,15
1760124461995,TEXT,2349,200,15
1760124461996,TEXT,2349,200,15
1760124461996,TEXT,2349,200,15
1760124461996,TEXT,2349,200,15
1760124461996,TEXT,2349,200,15
1760124461996,TEXT,2349,200,15
1760124461996,LEAVE,2348,200,15
1760124461996,TEXT,2348,200,15
1760124461996,TEXT,2348,200,15
1760124461996,TEXT,2348,200,15
1760124461996,TEXT,2348,200,15
1760124461996,TEXT,2348,200,15
1760124461996,TEXT,2348,200,15
1760124461996,TEXT,2348,200,15
1760124461996,TEXT,2348,200,15
1760124461996,TEXT,2348,200,15
1760124461997,TEXT,2348,200,15
1760124461997,TEXT,2348,200,15
1760124461997,TEXT,2348,200,15
1760124461997,TEXT,2347,200,15
1760124461997,TEXT,2347,200,15
1760124461997,TEXT,2347,200,15
1760124461997,TEXT,2347,200,15
1760124461998,TEXT,2347,200,15
1760124461998,TEXT,2347,200,15
1760124461998,TEXT,2347,200,15
1760124461998,TEXT,2347,200,15
1760124461998,TEXT,2347,200,15
1760124461998,TEXT,2347,200,15
1760124461998,TEXT,2347,200,15
1760124461998,TEXT,2346,200,15
1760124461998,TEXT,2346,200,15
1760124461998,TEXT,2346,200,15
1760124461998,TEXT,2346,200,15
1760124461998,JOIN,2346,200,15
1760124461998,TEXT,2346,200,15
1760124461999,TEXT,2346,200,15
1760124461999,LEAVE,2345,200,15
1760124461999,TEXT,2345,200,15
1760124461980,TEXT,2381,200,20
1760124461980,LEAVE,2381,200,20
1760124461980,TEXT,2381,200,20
1760124461981,LEAVE,2380,200,20
1760124461981,TEXT,2380,200,20
1760124461981,TEXT,2380,200,20
1760124461981,TEXT,2380,200,20
1760124461981,TEXT,2379,200,20
1760124461981,TEXT,2379,200,20
1760124461982,TEXT,2379,200,20
1760124461982,TEXT,2379,200,20
1760124461982,TEXT,2378,200,20
1760124461982,TEXT,2378,200,20
1760124461983,TEXT,2378,200,20
1760124461983,TEXT,2378,200,20
1760124461983,TEXT,2378,200,20
1760124461983,TEXT,2378,200,20
1760124461983,TEXT,2378,200,20
1760124461983,TEXT,2378,200,20
1760124461983,TEXT,2378,200,20
1760124461983,LEAVE,2378,200,20
1760124461983,TEXT,2378,200,20
1760124461983,TEXT,2378,200,20
1760124461983,TEXT,2378,200,20
1760124461983,TEXT,2378,200,20
1760124461983,LEAVE,2378,200,20
1760124461983,TEXT,2378,200,20
1760124461983,TEXT,2377,200,20
1760124461983,TEXT,2377,200,20
1760124461984,TEXT,2377,200,20
1760124461984,TEXT,2377,200,20
1760124461984,TEXT,2377,200,20
1760124461984,TEXT,2377,200,20
1760124461984,TEXT,2377,200,20
1760124461984,JOIN,2377,200,20
1760124461984,TEXT,2377,200,20
1760124461984,TEXT,2377,200,20
1760124461984,TEXT,2377,200,20
1760124461984,TEXT,2377,200,20
1760124461984,TEXT,2377,200,20
1760124461985,TEXT,2378,200,20
1760124461985,TEXT,2378,200,20
1760124461985,TEXT,2378,200,20
1760124461985,TEXT,2377,200,20
1760124461985,TEXT,2377,200,20
1760124461985,TEXT,2377,200,20
1760124461986,JOIN,2377,200,20
1760124461986,TEXT,2377,200,20
1760124461986,TEXT,2377,200,20
1760124461986,TEXT,2377,200,20
1760124461986,TEXT,2377,200,20
1760124461986,TEXT,2377,200,20
1760124461986,TEXT,2377,200,20
1760124461986,TEXT,2377,200,20
1760124461986,TEXT,2377,200,20
1760124461986,TEXT,2376,200,20
1760124461986,TEXT,2376,200,20
1760124461986,LEAVE,2376,200,20
1760124461986,TEXT,2376,200,20
1760124461986,TEXT,2376,200,20
1760124461986,JOIN,2376,200,20
1760124461986,TEXT,2376,200,20
1760124461986,TEXT,2376,200,20
1760124461986,TEXT,2376,200,20
1760124461986,TEXT,2376,200,20
1760124461986,TEXT,2376,200,20
1760124461986,LEAVE,2376,200,20
1760124461986,TEXT,2376,200,20
1760124461987,TEXT,2376,200,20
1760124461987,TEXT,2376,200,20
1760124461987,TEXT,2376,200,20
1760124461987,TEXT,2380,200,20
1760124461987,TEXT,2380,200,20
1760124461987,TEXT,2380,200,20
1760124461987,TEXT,2380,200,20
1760124461987,TEXT,2379,200,20
1760124461987,TEXT,2379,200,20
1760124461987,TEXT,2379,200,20
1760124461987,JOIN,2379,200,20
1760124461987,TEXT,2379,200,20
1760124461987,TEXT,2379,200,20
1760124461987,TEXT,2379,200,20
1760124461987,TEXT,2379,200,20
1760124461987,TEXT,2379,200,20
1760124461988,TEXT,2379,200,20
1760124461988,TEXT,2379,200,20
1760124461988,TEXT,2379,200,20
1760124461988,TEXT,2379,200,20
1760124461988,TEXT,2378,200,20
1760124461988,TEXT,2378,200,20
1760124461988,TEXT,2378,200,20
1760124461988,TEXT,2378,200,20
1760124461983,TEXT,2392,200,5
1760124461983,TEXT,2391,200,5
1760124461983,TEXT,2391,200,5
1760124461984,TEXT,2391,200,5
1760124461984,TEXT,2391,200,5
1760124461984,TEXT,2391,200,5
1760124461984,TEXT,2391,200,5
1760124461984,TEXT,2391,200,5
1760124461984,TEXT,2391,200,5
1760124461984,TEXT,2391,200,5
1760124461984,TEXT,2391,200,5
1760124461984,TEXT,2391,200,5
1760124461984,TEXT,2391,200,5
1760124461985,TEXT,2390,200,5
1760124461985,TEXT,2390,200,5
1760124461985,TEXT,2390,200,5
1760124461985,LEAVE,2390,200,5
1760124461986,TEXT,2389,200,5
1760124461986,TEXT,2389,200,5
1760124461986,TEXT,2389,200,5
1760124461986,TEXT,2389,200,5
1760124461986,TEXT,2389,200,5
1760124461986,TEXT,2389,200,5
1760124461986,TEXT,2389,200,5
1760124461986,TEXT,2389,200,5
1760124461986,TEXT,2389,200,5
1760124461987,TEXT,2388,200,5
1760124461987,TEXT,2388,200,5
1760124461987,LEAVE,2388,200,5
1760124461987,TEXT,2388,200,5
1760124461987,LEAVE,2388,200,5
1760124461987,TEXT,2388,200,5
1760124461987,TEXT,2388,200,5
1760124461987,TEXT,2388,200,5
1760124461987,TEXT,2388,200,5
1760124461987,TEXT,2388,200,5
1760124461988,TEXT,2387,200,5
1760124461988,TEXT,2387,200,5
1760124461988,TEXT,2387,200,5
1760124461988,TEXT,2387,200,5
1760124461988,TEXT,2387,200,5
1760124461988,LEAVE,2387,200,5
1760124461988,TEXT,2387,200,5
1760124461988,TEXT,2387,200,5
1760124461988,TEXT,2387,200,5
1760124461988,TEXT,2387,200,5
1760124461988,TEXT,2387,200,5
1760124461988,TEXT,2387,200,5
1760124461988,TEXT,2387,200,5
1760124461989,TEXT,2386,200,5
1760124461989,TEXT,2386,200,5
1760124461989,TEXT,2386,200,5
1760124461989,TEXT,2386,200,5
1760124461989,TEXT,2386,200,5
1760124461989,TEXT,2386,200,5
1760124461989,TEXT,2386,200,5
1760124461989,LEAVE,2386,200,5
1760124461989,TEXT,2386,200,5
1760124461989,TEXT,2386,200,5
1760124461989,TEXT,2386,200,5
1760124461989,TEXT,2386,200,5
1760124461990,JOIN,2385,200,5
1760124461990,TEXT,2385,200,5
1760124461990,TEXT,2385,200,5
1760124461990,TEXT,2385,200,5
1760124461990,TEXT,2385,200,5
1760124461990,LEAVE,2385,200,5
1760124461990,TEXT,2385,200,5
1760124461990,TEXT,2385,200,5
1760124461990,TEXT,2385,200,5
1760124461990,TEXT,2385,200,5
1760124461990,TEXT,2385,200,5
1760124461990,TEXT,2385,200,5
1760124461990,TEXT,2385,200,5
1760124461990,TEXT,2385,200,5
1760124461990,TEXT,2385,200,5
1760124461990,TEXT,2385,200,5
1760124461991,TEXT,2385,200,5
1760124461991,TEXT,2385,200,5
1760124461991,LEAVE,2384,200,5
1760124461991,TEXT,2384,200,5
1760124461991,TEXT,2384,200,5
1760124461991,TEXT,2384,200,5
1760124461991,TEXT,2384,200,5
1760124461991,TEXT,2384,200,5
1760124461991,TEXT,2384,200,5
1760124461991,TEXT,2384,200,5
1760124461991,TEXT,2384,200,5
1760124461991,TEXT,2384,200,5
1760124461991,TEXT,2384,200,5
1760124461991,TEXT,2384,200,5
1760124461991,TEXT,2384,200,5
1760124461992,TEXT,2384,200,5
1760124461992,TEXT,2383,200,5
1760124461992,TEXT,2383,200,5
1760124461992,TEXT,2383,200,5
1760124461992,TEXT,2383,200,5
1760124461992,TEXT,2383,200,5
1760124461992,TEXT,2383,200,5
1760124461992,TEXT,2383,200,5
1760124461992,JOIN,2383,200,5
1760124461993,TEXT,2383,200,5
1760124461993,TEXT,2383,200,5
1760124461993,TEXT,2382,200,5
1760124461993,TEXT,2382,200,5
1760124461993,TEXT,2382,200,5
1760124461993,TEXT,2382,200,5
1760124461993,TEXT,2382,200,5
1760124461994,TEXT,2382,200,5
1760124461994,TEXT,2382,200,5
1760124461994,TEXT,2382,200,5
1760124461994,TEXT,2381,200,5
1760124461994,TEXT,2381,200,5
1760124461994,TEXT,2381,200,5
1760124461994,TEXT,2381,200,5
1760124461994,LEAVE,2381,200,5
1760124461994,TEXT,2381,200,5
1760124461995,TEXT,2381,200,5
1760124461995,TEXT,2381,200,5
1760124461995,TEXT,2381,200,5
1760124461995,TEXT,2381,200,5
1760124461995,TEXT,2381,200,5
1760124461995,TEXT,2380,200,5
1760124461995,LEAVE,2380,200,5
1760124461995,TEXT,2380,200,5
1760124461995,TEXT,2380,200,5
1760124461995,TEXT,2380,200,5
1760124461995,TEXT,2380,200,5
1760124461995,TEXT,2380,200,5
1760124461995,TEXT,2380,200,5
1760124461995,TEXT,2380,200,5
1760124461996,TEXT,2380,200,5
1760124461996,LEAVE,2380,200,5
1760124461996,TEXT,2380,200,5
1760124461996,TEXT,2379,200,5
1760124461996,TEXT,2379,200,5
1760124461996,TEXT,2379,200,5
1760124461996,TEXT,2379,200,5
1760124461996,TEXT,2379,200,5
1760124461996,TEXT,2379,200,5
1760124461996,TEXT,2379,200,5
1760124461997,TEXT,2379,200,5
1760124461997,TEXT,2379,200,5
1760124461997,TEXT,2380,200,5
1760124461997,TEXT,2381,200,5
1760124461997,JOIN,2381,200,5
1760124461997,TEXT,2380,200,5
1760124461997,JOIN,2380,200,5
1760124461997,TEXT,2380,200,5
1760124461976,TEXT,2404,200,8
1760124461976,TEXT,2404,200,8
1760124461976,TEXT,2404,200,8
1760124461976,LEAVE,2404,200,8
1760124461976,TEXT,2404,200,8
1760124461976,TEXT,2403,200,8
1760124461976,TEXT,2403,200,8
1760124461977,TEXT,2403,200,8
1760124461977,TEXT,2403,200,8
1760124461977,TEXT,2403,200,8
1760124461977,LEAVE,2403,200,8
1760124461977,TEXT,2403,200,8
1760124461977,TEXT,2402,200,8
1760124461977,TEXT,2402,200,8
1760124461977,TEXT,2402,200,8
1760124461977,TEXT,2402,200,8
1760124461978,TEXT,2401,200,8
1760124461979,TEXT,2401,200,8
1760124461979,TEXT,2401,200,8
1760124461979,JOIN,2401,200,8
1760124461979,JOIN,2401,200,8
1760124461979,TEXT,2401,200,8
1760124461979,TEXT,2401,200,8
1760124461979,TEXT,2400,200,8
1760124461979,TEXT,2400,200,8
1760124461979,TEXT,2400,200,8
1760124461979,TEXT,2400,200,8
1760124461980,TEXT,2400,200,8
1760124461980,TEXT,2400,200,8
1760124461980,JOIN,2400,200,8
1760124461980,LEAVE,2399,200,8
1760124461980,TEXT,2399,200,8
1760124461981,TEXT,2399,200,8
1760124461981,TEXT,2399,200,8
1760124461981,TEXT,2399,200,8
1760124461981,TEXT,2398,200,8
1760124461982,TEXT,2397,200,8
1760124461982,TEXT,2397,200,8
1760124461982,LEAVE,2397,200,8
1760124461983,TEXT,2397,200,8
1760124461983,TEXT,2397,200,8
1760124461983,TEXT,2397,200,8
1760124461983,TEXT,2397,200,8
1760124461983,TEXT,2397,200,8
1760124461983,JOIN,2397,200,8
1760124461983,TEXT,2397,200,8
1760124461983,TEXT,2397,200,8
1760124461983,TEXT,2397,200,8
1760124461983,TEXT,2396,200,8
1760124461983,TEXT,2396,200,8
1760124461983,TEXT,2396,200,8
1760124461984,TEXT,2396,200,8
1760124461984,TEXT,2396,200,8
1760124461984,TEXT,2396,200,8
1760124461984,TEXT,2396,200,8
1760124461984,TEXT,2395,200,8
1760124461985,TEXT,2395,200,8
1760124461985,TEXT,2395,200,8
1760124461985,TEXT,2394,200,8
1760124461985,TEXT,2394,200,8
1760124461986,TEXT,2394,200,8
1760124461986,TEXT,2394,200,8
1760124461986,TEXT,2394,200,8
1760124461986,TEXT,2393,200,8
1760124461986,TEXT,2393,200,8
1760124461986,TEXT,2393,200,8
1760124461986,TEXT,2393,200,8
1760124461986,TEXT,2393,200,8
1760124461987,TEXT,2393,200,8
1760124461987,TEXT,2393,200,8
1760124461987,JOIN,2393,200,8
1760124461987,LEAVE,2393,200,8
1760124461987,TEXT,2393,200,8
1760124461987,TEXT,2393,200,8
1760124461987,TEXT,2393,200,8
1760124461987,TEXT,2393,200,8
1760124461987,TEXT,2393,200,8
1760124461987,TEXT,2393,200,8
1760124461987,TEXT,2392,200,8
1760124461987,TEXT,2392,200,8
1760124461988,TEXT,2392,200,8
1760124461988,TEXT,2392,200,8
1760124461988,TEXT,2392,200,8
1760124461988,TEXT,2392,200,8
1760124461988,TEXT,2392,200,8
1760124461988,TEXT,2392,200,8
1760124461988,LEAVE,2392,200,8
1760124461989,TEXT,2395,200,13
1760124461989,TEXT,2395,200,13
1760124461989,TEXT,2395,200,13
1760124461989,TEXT,2395,200,13
1760124461989,TEXT,2395,200,13
1760124461989,TEXT,2395,200,13
1760124461989,JOIN,2395,200,13
1760124461989,TEXT,2395,200,13
1760124461989,TEXT,2394,200,13
1760124461989,TEXT,2394,200,13
1760124461989,TEXT,2394,200,13
1760124461989,LEAVE,2394,200,13
1760124461989,TEXT,2394,200,13
1760124461989,TEXT,2394,200,13
1760124461989,TEXT,2394,200,13
1760124461989,TEXT,2394,200,13
1760124461989,TEXT,2394,200,13
1760124461989,TEXT,2394,200,13
1760124461990,TEXT,2394,200,13
1760124461990,TEXT,2394,200,13
1760124461990,JOIN,2394,200,13
1760124461990,LEAVE,2394,200,13
1760124461990,TEXT,2394,200,13
1760124461990,TEXT,2394,200,13
1760124461990,TEXT,2393,200,13
1760124461990,TEXT,2393,200,13
1760124461990,TEXT,2393,200,13
1760124461990,TEXT,2393,200,13
1760124461990,TEXT,2393,200,13
1760124461990,JOIN,2393,200,13
1760124461990,TEXT,2393,200,13
1760124461990,TEXT,2393,200,13
1760124461990,TEXT,2393,200,13
1760124461990,TEXT,2393,200,13
1760124461991,LEAVE,2393,200,13
1760124461991,LEAVE,2392,200,13
1760124461991,TEXT,2392,200,13
1760124461991,TEXT,2392,200,13
1760124461991,TEXT,2392,200,13
1760124461991,TEXT,2392,200,13
1760124461991,TEXT,2392,200,13
1760124461991,TEXT,2392,200,13
1760124461986,LEAVE,2421,200,3
1760124461986,TEXT,2421,200,3
1760124461986,TEXT,2421,200,3
1760124461986,TEXT,2421,200,3
1760124461986,TEXT,2421,200,3
1760124461986,TEXT,2421,200,3
1760124461986,TEXT,2421,200,3
1760124461987,TEXT,2421,200,3
1760124461987,TEXT,2421,200,3
1760124461987,LEAVE,2421,200,3
1760124461987,TEXT,2420,200,3
1760124461987,JOIN,2420,200,3
1760124461987,TEXT,2420,200,3
1760124461987,TEXT,2420,200,3
1760124461987,TEXT,2420,200,3
1760124461987,TEXT,2420,200,3
1760124461987,TEXT,2420,200,3
1760124461987,LEAVE,2420,200,3
1760124461987,TEXT,2420,200,3
1760124461987,TEXT,2420,200,3
1760124461988,TEXT,2420,200,3
1760124461988,TEXT,2420,200,3
1760124461988,JOIN,2420,200,3
1760124461988,TEXT,2420,200,3
1760124461988,TEXT,2419,200,3
1760124461988,JOIN,2419,200,3
1760124461988,TEXT,2419,200,3
1760124461989,TEXT,2419,200,3
1760124461989,TEXT,2419,200,3
1760124461989,TEXT,2418,200,3
1760124461989,TEXT,2418,200,3
1760124461989,TEXT,2418,200,3
1760124461989,TEXT,2418,200,3
1760124461989,TEXT,2418,200,3
1760124461989,TEXT,2418,200,3
1760124461989,TEXT,2418,200,3
1760124461989,JOIN,2418,200,3
1760124461989,TEXT,2418,200,3
1760124461990,TEXT,2418,200,3
1760124461990,TEXT,2417,200,3
1760124461990,TEXT,2417,200,3
1760124461990,TEXT,2417,200,3
1760124461990,TEXT,2417,200,3
1760124461990,TEXT,2417,200,3
1760124461990,TEXT,2417,200,3
1760124461990,LEAVE,2417,200,3
1760124461990,JOIN,2417,200,3
1760124461990,TEXT,2417,200,3
1760124461990,TEXT,2417,200,3
1760124461990,TEXT,2417,200,3
1760124461990,TEXT,2417,200,3
1760124461991,TEXT,2417,200,3
1760124461991,LEAVE,2417,200,3
1760124461991,TEXT,2417,200,3
1760124461991,TEXT,2417,200,3
1760124461991,TEXT,2416,200,3
1760124461991,TEXT,2416,200,3
1760124461991,TEXT,2416,200,3
1760124461991,TEXT,2416,200,3
1760124461991,TEXT,2416,200,3
1760124461991,TEXT,2416,200,3
1760124461991,TEXT,2416,200,3
1760124461991,TEXT,2416,200,3
1760124461979,TEXT,2428,200,18
1760124461991,TEXT,2416,200,3
1760124461979,JOIN,2428,200,18
1760124461991,TEXT,2416,200,3
1760124461992,TEXT,2416,200,3
1760124461992,TEXT,2416,200,3
1760124461979,TEXT,2428,200,18
1760124461992,TEXT,2416,200,3
1760124461979,TEXT,2428,200,18
1760124461992,TEXT,2416,200,3
1760124461980,TEXT,2428,200,18
1760124461992,TEXT,2415,200,3
1760124461980,TEXT,2427,200,18
1760124461980,TEXT,2427,200,18
1760124461980,TEXT,2427,200,18
1760124461980,TEXT,2427,200,18
1760124461981,TEXT,2427,200,18
1760124461981,JOIN,2426,200,18
1760124461981,LEAVE,2426,200,18
1760124461981,TEXT,2426,200,18
1760124461981,TEXT,2426,200,18
1760124461981,TEXT,2426,200,18
1760124461982,TEXT,2426,200,18
1760124461982,TEXT,2425,200,18
1760124461983,TEXT,2425,200,18
1760124461983,TEXT,2425,200,18
1760124461983,TEXT,2425,200,18
1760124461983,TEXT,2424,200,18
1760124461983,JOIN,2424,200,18
1760124461983,TEXT,2424,200,18
1760124461983,TEXT,2424,200,18
1760124461983,JOIN,2424,200,18
1760124461983,LEAVE,2424,200,18
1760124461983,TEXT,2424,200,18
1760124461983,TEXT,2424,200,18
1760124461983,TEXT,2424,200,18
1760124461983,TEXT,2424,200,18
1760124461983,TEXT,2424,200,18
1760124461983,TEXT,2424,200,18
1760124461984,TEXT,2424,200,18
1760124461984,TEXT,2424,200,18
1760124461984,TEXT,2424,200,18
1760124461992,JOIN,2415,200,3
1760124461984,TEXT,2423,200,18
1760124461992,TEXT,2415,200,3
1760124461984,TEXT,2423,200,18
1760124461992,TEXT,2415,200,3
1760124461984,TEXT,2423,200,18
1760124461984,TEXT,2423,200,18
1760124461984,TEXT,2423,200,18
1760124461984,TEXT,2423,200,18
1760124461985,TEXT,2423,200,18
1760124461985,TEXT,2423,200,18
1760124461985,JOIN,2422,200,18
1760124461985,TEXT,2422,200,18
1760124461986,TEXT,2422,200,18
1760124461986,TEXT,2422,200,18
1760124461986,LEAVE,2422,200,18
1760124461986,TEXT,2421,200,18
1760124461986,TEXT,2421,200,18
1760124461986,TEXT,2421,200,18
1760124461986,TEXT,2421,200,18
1760124461986,TEXT,2421,200,18
1760124461986,JOIN,2421,200,18
1760124461986,TEXT,2421,200,18
1760124461986,TEXT,2421,200,18
1760124461986,TEXT,2421,200,18
1760124461986,TEXT,2421,200,18
1760124461986,TEXT,2421,200,18
1760124461986,TEXT,2421,200,18
1760124461987,TEXT,2421,200,18
1760124461987,TEXT,2421,200,18
1760124461992,TEXT,2415,200,3
1760124461987,JOIN,2421,200,18
1760124461992,TEXT,2415,200,3
1760124461987,TEXT,2421,200,18
1760124461992,TEXT,2415,200,3
1760124461987,TEXT,2421,200,18
1760124461987,TEXT,2421,200,18
1760124461992,TEXT,2415,200,3
1760124461987,TEXT,2421,200,18
1760124461992,TEXT,2415,200,3
1760124461992,TEXT,2415,200,3
1760124461987,TEXT,2420,200,18
1760124461992,TEXT,2415,200,3
1760124461987,TEXT,2420,200,18
1760124461992,TEXT,2415,200,3
1760124461987,JOIN,2420,200,18
1760124461993,TEXT,2415,200,3
1760124461993,TEXT,2415,200,3
1760124461987,TEXT,2420,200,18
1760124461993,TEXT,2415,200,3
1760124461993,TEXT,2415,200,3
1760124461993,TEXT,2415,200,3
1760124461993,TEXT,2415,200,3
1760124461993,TEXT,2415,200,3
1760124461993,TEXT,2415,200,3
1760124461993,TEXT,2414,200,3
1760124461993,LEAVE,2414,200,3
1760124461993,JOIN,2414,200,3
1760124461994,TEXT,2414,200,3
1760124461987,TEXT,2420,200,18
1760124461987,TEXT,2420,200,18
1760124461988,TEXT,2420,200,18
1760124461994,TEXT,2414,200,3
1760124461994,TEXT,2414,200,3
1760124461994,TEXT,2413,200,3
1760124461994,TEXT,2413,200,3
1760124461994,JOIN,2413,200,3
1760124461994,TEXT,2413,200,3
1760124461995,TEXT,2413,200,3
1760124461995,TEXT,2413,200,3
1760124461995,TEXT,2413,200,3
1760124461995,TEXT,2413,200,3
1760124461995,TEXT,2413,200,3
1760124461995,TEXT,2413,200,3
1760124461995,TEXT,2413,200,3
1760124461988,TEXT,2420,200,18
1760124461995,TEXT,2413,200,3
1760124461988,TEXT,2420,200,18
1760124461995,TEXT,2412,200,3
1760124461988,TEXT,2420,200,18
1760124461995,TEXT,2412,200,3
1760124461988,TEXT,2420,200,18
1760124461995,TEXT,2412,200,3
1760124461995,TEXT,2412,200,3
1760124461995,TEXT,2412,200,3
1760124461988,TEXT,2419,200,18
1760124461988,TEXT,2419,200,18
1760124461995,TEXT,2412,200,3
1760124461988,TEXT,2419,200,18
1760124461988,LEAVE,2419,200,18
1760124461988,TEXT,2419,200,18
1760124461988,LEAVE,2419,200,18
1760124461989,TEXT,2419,200,18
1760124461989,TEXT,2419,200,18
1760124461989,TEXT,2419,200,18
1760124461989,TEXT,2419,200,18
1760124461989,TEXT,2419,200,18
1760124461989,TEXT,2419,200,18
1760124461989,TEXT,2419,200,18
1760124461989,TEXT,2419,200,18
1760124461989,JOIN,2419,200,18
1760124461989,TEXT,2419,200,18
1760124461989,TEXT,2419,200,18
1760124461989,TEXT,2419,200,18
1760124461989,TEXT,2419,200,18
1760124461990,TEXT,2424,200,11
1760124461990,TEXT,2425,200,11
1760124461990,TEXT,2425,200,11
1760124461990,TEXT,2425,200,11
1760124461990,TEXT,2424,200,11
1760124461990,TEXT,2424,200,11
1760124461990,TEXT,2424,200,11
1760124461991,TEXT,2424,200,11
1760124461991,TEXT,2424,200,11
1760124461991,TEXT,2424,200,11
1760124461991,TEXT,2424,200,11
1760124461991,TEXT,2424,200,11
1760124461991,TEXT,2424,200,11
1760124461991,TEXT,2424,200,11
1760124461991,TEXT,2424,200,11
1760124461991,TEXT,2423,200,11
1760124461992,TEXT,2423,200,11
1760124461992,LEAVE,2423,200,11
1760124461992,TEXT,2423,200,11
1760124461992,LEAVE,2423,200,11
1760124461992,JOIN,2423,200,11
1760124461992,TEXT,2423,200,11
1760124461992,TEXT,2423,200,11
1760124461992,TEXT,2423,200,11
1760124461992,TEXT,2423,200,11
1760124461992,TEXT,2423,200,11
1760124461992,TEXT,2422,200,11
1760124461993,TEXT,2422,200,11
1760124461993,TEXT,2422,200,11
1760124461993,TEXT,2422,200,11
1760124461993,TEXT,2422,200,11
1760124461993,TEXT,2422,200,11
1760124461993,TEXT,2422,200,11
1760124461993,JOIN,2422,200,11
1760124461993,TEXT,2422,200,11
1760124461993,LEAVE,2422,200,11
1760124461994,TEXT,2421,200,11
1760124461994,TEXT,2421,200,11
1760124461994,LEAVE,2421,200,11
1760124461994,JOIN,2421,200,11
1760124461994,JOIN,2421,200,11
1760124461994,TEXT,2421,200,11
1760124461994,TEXT,2421,200,11
1760124461994,TEXT,2421,200,11
1760124461994,TEXT,2421,200,11
1760124461994,TEXT,2421,200,11
1760124461994,TEXT,2421,200,11
1760124461994,TEXT,2421,200,11
1760124461994,TEXT,2421,200,11
1760124461994,TEXT,2421,200,11
1760124461995,TEXT,2421,200,11
1760124461995,TEXT,2421,200,11
1760124461995,TEXT,2420,200,11
1760124461995,TEXT,2420,200,11
1760124461995,TEXT,2420,200,11
1760124461995,TEXT,2420,200,11
1760124461995,TEXT,2420,200,11
1760124461995,TEXT,2420,200,11
1760124461995,TEXT,2420,200,11
1760124461995,TEXT,2420,200,11
1760124461995,TEXT,2420,200,11
1760124461995,TEXT,2420,200,11
1760124461995,TEXT,2420,200,11
1760124461995,LEAVE,2420,200,11
1760124461995,TEXT,2420,200,11
1760124461995,TEXT,2420,200,11
1760124461996,TEXT,2420,200,11
1760124461996,TEXT,2420,200,11
1760124461996,TEXT,2420,200,11
1760124461996,TEXT,2419,200,11
1760124461996,JOIN,2419,200,11
1760124461996,TEXT,2419,200,11
1760124461996,TEXT,2419,200,11
1760124461996,TEXT,2419,200,11
1760124461996,TEXT,2419,200,11
1760124461996,LEAVE,2419,200,11
1760124461996,TEXT,2419,200,11
1760124461996,TEXT,2419,200,11
1760124461997,TEXT,2419,200,11
1760124461997,TEXT,2419,200,11
1760124461997,TEXT,2419,200,11
1760124461997,TEXT,2419,200,11
1760124461997,TEXT,2419,200,11
1760124461997,TEXT,2418,200,11
1760124461997,TEXT,2418,200,11
1760124461997,TEXT,2418,200,11
1760124461997,TEXT,2418,200,11
1760124461997,TEXT,2418,200,11
1760124461997,TEXT,2418,200,11
1760124461981,TEXT,2463,200,16
1760124461981,TEXT,2463,200,16
1760124461981,TEXT,2463,200,16
1760124461981,TEXT,2462,200,16
1760124461982,TEXT,2462,200,16
1760124461983,TEXT,2461,200,16
1760124461983,TEXT,2461,200,16
1760124461983,TEXT,2461,200,16
1760124461983,TEXT,2461,200,16
1760124461983,TEXT,2461,200,16
1760124461983,JOIN,2461,200,16
1760124461983,TEXT,2461,200,16
1760124461983,TEXT,2461,200,16
1760124461983,TEXT,2460,200,16
1760124461983,JOIN,2460,200,16
1760124461983,TEXT,2460,200,16
1760124461984,LEAVE,2460,200,16
1760124461984,TEXT,2460,200,16
1760124461984,TEXT,2460,200,16
1760124461984,TEXT,2459,200,16
1760124461985,TEXT,2459,200,16
1760124461985,LEAVE,2459,200,16
1760124461985,TEXT,2459,200,16
1760124461985,TEXT,2459,200,16
1760124461985,TEXT,2459,200,16
1760124461985,TEXT,2459,200,16
1760124461985,TEXT,2459,200,16
1760124461985,TEXT,2459,200,16
1760124461985,TEXT,2458,200,16
1760124461986,TEXT,2458,200,16
1760124461986,TEXT,2458,200,16
1760124461986,TEXT,2458,200,16
1760124461986,TEXT,2458,200,16
1760124461986,TEXT,2458,200,16
1760124461986,LEAVE,2458,200,16
1760124461986,LEAVE,2458,200,16
1760124461986,TEXT,2458,200,16
1760124461986,JOIN,2458,200,16
1760124461986,TEXT,2458,200,16
1760124461986,TEXT,2458,200,16
1760124461986,TEXT,2458,200,16
1760124461986,TEXT,2457,200,16
1760124461987,TEXT,2458,200,16
1760124461987,TEXT,2458,200,16
1760124461987,TEXT,2457,200,16
1760124461987,TEXT,2457,200,16
1760124461987,LEAVE,2457,200,16
1760124461987,TEXT,2457,200,16
1760124461987,TEXT,2457,200,16
1760124461987,TEXT,2457,200,16
1760124461987,TEXT,2457,200,16
1760124461987,TEXT,2457,200,16
1760124461987,TEXT,2457,200,16
1760124461987,TEXT,2457,200,16
1760124461987,TEXT,2457,200,16
1760124461987,TEXT,2457,200,16
1760124461987,TEXT,2457,200,16
1760124461987,TEXT,2457,200,16
1760124461988,TEXT,2456,200,16
1760124461988,TEXT,2456,200,16
1760124461988,TEXT,2456,200,16
1760124461988,TEXT,2456,200,16
1760124461988,JOIN,2456,200,16
1760124461988,TEXT,2456,200,16
1760124461989,TEXT,2456,200,16
1760124461989,TEXT,2455,200,16
1760124461989,JOIN,2455,200,16
1760124461989,TEXT,2455,200,16
1760124461989,TEXT,2455,200,16
1760124461989,TEXT,2455,200,16
1760124461989,TEXT,2455,200,16
1760124461989,LEAVE,2455,200,16
1760124461989,TEXT,2455,200,16
1760124461989,TEXT,2455,200,16
1760124461989,TEXT,2455,200,16
1760124461989,TEXT,2455,200,16
1760124461989,TEXT,2455,200,16
1760124461989,TEXT,2455,200,16
1760124461989,TEXT,2455,200,16
1760124461989,TEXT,2455,200,16
1760124461990,TEXT,2455,200,16
1760124461990,TEXT,2455,200,16
1760124461990,TEXT,2454,200,16
1760124461990,LEAVE,2454,200,16
1760124461990,TEXT,2454,200,16
1760124461990,TEXT,2454,200,16
1760124461990,LEAVE,2454,200,16
1760124461990,JOIN,2454,200,16
1760124461990,TEXT,2454,200,16
1760124461990,TEXT,2454,200,16
1760124461991,TEXT,2454,200,16
1760124461979,TEXT,2479,200,1
1760124461979,TEXT,2479,200,1
1760124461979,TEXT,2479,200,1
1760124461980,TEXT,2479,200,1
1760124461980,TEXT,2479,200,1
1760124461980,TEXT,2478,200,1
1760124461980,TEXT,2478,200,1
1760124461980,TEXT,2478,200,1
1760124461980,JOIN,2478,200,1
1760124461980,TEXT,2478,200,1
1760124461980,TEXT,2478,200,1
1760124461981,TEXT,2477,200,1
1760124461981,TEXT,2477,200,1
1760124461981,TEXT,2477,200,1
1760124461981,TEXT,2477,200,1
1760124461982,TEXT,2476,200,1
1760124461982,LEAVE,2476,200,1
1760124461982,TEXT,2476,200,1
1760124461983,TEXT,2476,200,1
1760124461983,TEXT,2476,200,1
1760124461983,TEXT,2476,200,1
1760124461983,TEXT,2475,200,1
1760124461983,TEXT,2475,200,1
1760124461983,TEXT,2475,200,1
1760124461984,TEXT,2475,200,1
1760124461984,TEXT,2474,200,1
1760124461984,TEXT,2474,200,1
1760124461984,TEXT,2474,200,1
1760124461984,TEXT,2474,200,1
1760124461985,TEXT,2474,200,1
1760124461985,TEXT,2473,200,1
1760124461985,TEXT,2473,200,1
1760124461985,TEXT,2473,200,1
1760124461985,TEXT,2473,200,1
1760124461986,TEXT,2473,200,1
1760124461986,TEXT,2473,200,1
1760124461986,TEXT,2473,200,1
1760124461986,TEXT,2472,200,1
1760124461986,TEXT,2472,200,1
1760124461986,TEXT,2472,200,1
1760124461986,TEXT,2472,200,1
1760124461987,TEXT,2472,200,1
1760124461987,LEAVE,2472,200,1
1760124461987,LEAVE,2472,200,1
1760124461987,TEXT,2472,200,1
1760124461987,TEXT,2472,200,1
1760124461987,TEXT,2472,200,1
1760124461987,TEXT,2472,200,1
1760124461987,TEXT,2472,200,1
1760124461987,LEAVE,2472,200,1
1760124461987,TEXT,2472,200,1
1760124461987,TEXT,2472,200,1
1760124461987,TEXT,2471,200,1
1760124461987,TEXT,2471,200,1
1760124461987,TEXT,2471,200,1
1760124461987,TEXT,2471,200,1
1760124461988,TEXT,2471,200,1
1760124461988,TEXT,2471,200,1
1760124461988,TEXT,2471,200,1
1760124461988,TEXT,2471,200,1
1760124461988,TEXT,2471,200,1
1760124461988,TEXT,2470,200,1
1760124461988,TEXT,2470,200,1
1760124461988,TEXT,2470,200,1
1760124461988,TEXT,2470,200,1
1760124461988,TEXT,2470,200,1
1760124461989,TEXT,2470,200,1
1760124461989,TEXT,2470,200,1
1760124461989,TEXT,2470,200,1
1760124461989,TEXT,2470,200,1
1760124461989,TEXT,2470,200,1
1760124461989,TEXT,2470,200,1
1760124461989,TEXT,2470,200,1
1760124461989,TEXT,2470,200,1
1760124461989,TEXT,2470,200,1
1760124461989,TEXT,2469,200,1
1760124461989,TEXT,2469,200,1
1760124461989,LEAVE,2469,200,1
1760124461989,TEXT,2469,200,1
1760124461989,TEXT,2469,200,1
1760124461989,TEXT,2469,200,1
1760124461989,TEXT,2469,200,1
1760124461989,TEXT,2469,200,1
1760124461989,JOIN,2469,200,1
1760124461990,TEXT,2469,200,1
1760124461990,TEXT,2469,200,1
1760124461990,TEXT,2469,200,1
1760124461990,TEXT,2469,200,1
1760124461990,TEXT,2468,200,1
1760124461990,TEXT,2468,200,1
1760124461990,TEXT,2468,200,1
1760124461990,JOIN,2468,200,1
1760124461990,TEXT,2468,200,1
1760124461991,TEXT,2468,200,1
1760124461991,TEXT,2468,200,1
1760124461991,TEXT,2468,200,1
1760124461987,TEXT,2518,200,12
1760124461987,TEXT,2518,200,12
1760124461987,TEXT,2518,200,12
1760124461987,TEXT,2518,200,12
1760124461987,TEXT,2517,200,12
1760124461987,TEXT,2517,200,12
1760124461987,TEXT,2517,200,12
1760124461987,LEAVE,2517,200,12
1760124461988,TEXT,2517,200,12
1760124461988,TEXT,2517,200,12
1760124461988,TEXT,2517,200,12
1760124461988,TEXT,2517,200,12
1760124461988,TEXT,2517,200,12
1760124461988,TEXT,2516,200,12
1760124461988,TEXT,2516,200,12
1760124461988,TEXT,2516,200,12
1760124461988,TEXT,2516,200,12
1760124461989,TEXT,2516,200,12
1760124461989,TEXT,2516,200,12
1760124461989,TEXT,2516,200,12
1760124461989,TEXT,2516,200,12
1760124461989,TEXT,2516,200,12
1760124461989,TEXT,2516,200,12
1760124461989,TEXT,2516,200,12
1760124461989,TEXT,2516,200,12
1760124461989,TEXT,2516,200,12
1760124461989,TEXT,2516,200,12
1760124461989,TEXT,2515,200,12
1760124461989,TEXT,2515,200,12
1760124461989,TEXT,2515,200,12
1760124461989,TEXT,2515,200,12
1760124461989,TEXT,2515,200,12
1760124461990,TEXT,2515,200,12
1760124461990,JOIN,2515,200,12
1760124461990,TEXT,2515,200,12
1760124461990,TEXT,2515,200,12
1760124461990,TEXT,2515,200,12
1760124461990,TEXT,2515,200,12
1760124461990,TEXT,2515,200,12
1760124461990,TEXT,2515,200,12
1760124461990,TEXT,2515,200,12
1760124461990,TEXT,2515,200,12
1760124461990,TEXT,2515,200,12
1760124461990,JOIN,2515,200,12
1760124461990,TEXT,2515,200,12
1760124461990,TEXT,2515,200,12
1760124461990,TEXT,2515,200,12
1760124461990,TEXT,2515,200,12
1760124461990,TEXT,2515,200,12
1760124461990,TEXT,2515,200,12
1760124461990,TEXT,2515,200,12
1760124461990,TEXT,2514,200,12
1760124461991,TEXT,2514,200,12
1760124461991,LEAVE,2514,200,12
1760124461991,TEXT,2514,200,12
1760124461991,TEXT,2514,200,12
1760124461991,TEXT,2514,200,12
1760124461991,TEXT,2514,200,12
1760124461991,TEXT,2514,200,12
1760124461991,TEXT,2514,200,12
1760124461991,TEXT,2514,200,12
1760124461991,TEXT,2513,200,12
1760124461992,TEXT,2513,200,12
1760124461992,TEXT,2513,200,12
1760124461992,TEXT,2513,200,12
1760124461992,TEXT,2513,200,12
1760124461992,TEXT,2513,200,12
1760124461992,TEXT,2513,200,12
1760124461993,TEXT,2512,200,12
1760124461993,TEXT,2512,200,12
1760124461993,TEXT,2512,200,12
1760124461993,TEXT,2512,200,12
1760124461993,TEXT,2512,200,12
1760124461993,TEXT,2512,200,12
1760124461993,JOIN,2512,200,12
1760124461993,TEXT,2512,200,12
1760124461993,TEXT,2512,200,12
1760124461993,TEXT,2512,200,12
1760124461993,TEXT,2511,200,12
1760124461993,TEXT,2511,200,12
1760124461994,TEXT,2511,200,12
1760124461994,TEXT,2511,200,12
1760124461994,TEXT,2511,200,12
1760124461994,TEXT,2511,200,12
1760124461994,TEXT,2511,200,12
1760124461994,TEXT,2511,200,12
1760124461994,TEXT,2511,200,12
1760124461994,TEXT,2511,200,12
1760124461995,TEXT,2510,200,12
1760124461995,TEXT,2510,200,12
1760124461995,TEXT,2510,200,12
1760124461995,TEXT,2510,200,12
1760124461995,TEXT,2510,200,12
1760124461995,TEXT,2510,200,12
1760124461995,TEXT,2510,200,12
1760124461995,TEXT,2510,200,12
1760124461995,TEXT,2510,200,12
1760124461980,TEXT,2528,200,14
1760124461980,TEXT,2528,200,14
1760124461980,TEXT,2528,200,14
1760124461980,TEXT,2528,200,14
1760124461980,TEXT,2528,200,14
1760124461981,TEXT,2528,200,14
1760124461981,TEXT,2528,200,14
1760124461981,TEXT,2527,200,14
1760124461981,TEXT,2527,200,14
1760124461981,TEXT,2527,200,14
1760124461981,TEXT,2527,200,14
1760124461981,TEXT,2527,200,14
1760124461981,TEXT,2527,200,14
1760124461982,TEXT,2527,200,14
1760124461982,LEAVE,2526,200,14
1760124461983,LEAVE,2526,200,14
1760124461983,TEXT,2526,200,14
1760124461983,TEXT,2525,200,14
1760124461983,TEXT,2525,200,14
1760124461983,TEXT,2525,200,14
1760124461983,TEXT,2525,200,14
1760124461983,TEXT,2525,200,14
1760124461983,TEXT,2525,200,14
1760124461983,TEXT,2525,200,14
1760124461983,TEXT,2525,200,14
1760124461983,TEXT,2525,200,14
1760124461983,TEXT,2525,200,14
1760124461983,TEXT,2525,200,14
1760124461983,LEAVE,2525,200,14
1760124461983,TEXT,2525,200,14
1760124461984,TEXT,2525,200,14
1760124461984,TEXT,2524,200,14
1760124461984,TEXT,2524,200,14
1760124461984,TEXT,2524,200,14
1760124461984,TEXT,2524,200,14
1760124461984,TEXT,2524,200,14
1760124461984,TEXT,2524,200,14
1760124461984,TEXT,2524,200,14
1760124461984,TEXT,2524,200,14
1760124461985,TEXT,2524,200,14
1760124461985,JOIN,2524,200,14
1760124461985,TEXT,2524,200,14
1760124461985,TEXT,2524,200,14
1760124461985,TEXT,2524,200,14
1760124461985,TEXT,2523,200,14
1760124461985,TEXT,2523,200,14
1760124461985,TEXT,2523,200,14
1760124461986,TEXT,2523,200,14
1760124461986,TEXT,2523,200,14
1760124461986,TEXT,2523,200,14
1760124461986,TEXT,2522,200,14
1760124461986,TEXT,2522,200,14
1760124461986,TEXT,2522,200,14
1760124461986,TEXT,2522,200,14
1760124461986,TEXT,2522,200,14
1760124461986,TEXT,2522,200,14
1760124461986,TEXT,2522,200,14
1760124461986,TEXT,2522,200,14
1760124461986,TEXT,2522,200,14
1760124461986,TEXT,2522,200,14
1760124461986,TEXT,2522,200,14
1760124461986,TEXT,2522,200,14
1760124461986,TEXT,2522,200,14
1760124461986,TEXT,2522,200,14
1760124461987,JOIN,2522,200,14
1760124461987,TEXT,2522,200,14
1760124461987,TEXT,2522,200,14
1760124461987,TEXT,2521,200,14
1760124461987,TEXT,2521,200,14
1760124461987,TEXT,2521,200,14
1760124461987,TEXT,2521,200,14
1760124461987,TEXT,2521,200,14
1760124461987,TEXT,2521,200,14
1760124461987,TEXT,2521,200,14
1760124461987,TEXT,2521,200,14
1760124461987,JOIN,2521,200,14
1760124461987,TEXT,2521,200,14
1760124461987,TEXT,2521,200,14
1760124461987,TEXT,2521,200,14
1760124461987,TEXT,2521,200,14
1760124461987,TEXT,2521,200,14
1760124461987,TEXT,2521,200,14
1760124461987,TEXT,2521,200,14
1760124461987,TEXT,2521,200,14
1760124461987,TEXT,2521,200,14
1760124461988,LEAVE,2521,200,14
1760124461988,TEXT,2521,200,14
1760124461988,TEXT,2521,200,14
1760124461988,TEXT,2521,200,14
1760124461988,TEXT,2520,200,14
1760124461988,TEXT,2520,200,14
1760124461988,JOIN,2520,200,14
1760124461989,TEXT,2520,200,14
1760124461989,TEXT,2520,200,14
1760124461989,TEXT,2520,200,14
1760124461989,TEXT,2520,200,14
1760124461989,TEXT,2520,200,14
1760124461989,JOIN,2520,200,14
1760124461983,TEXT,2554,200,17
1760124461983,TEXT,2554,200,17
1760124461983,TEXT,2553,200,17
1760124461984,JOIN,2553,200,17
1760124461984,TEXT,2553,200,17
1760124461984,TEXT,2553,200,17
1760124461984,TEXT,2552,200,17
1760124461985,TEXT,2552,200,17
1760124461985,TEXT,2552,200,17
1760124461985,TEXT,2552,200,17
1760124461986,TEXT,2551,200,17
1760124461986,TEXT,2551,200,17
1760124461986,TEXT,2551,200,17
1760124461986,TEXT,2551,200,17
1760124461986,TEXT,2551,200,17
1760124461986,TEXT,2551,200,17
1760124461986,TEXT,2551,200,17
1760124461986,TEXT,2551,200,17
1760124461986,TEXT,2551,200,17
1760124461986,JOIN,2551,200,17
1760124461986,TEXT,2551,200,17
1760124461986,TEXT,2551,200,17
1760124461986,TEXT,2551,200,17
1760124461987,TEXT,2551,200,17
1760124461987,TEXT,2550,200,17
1760124461987,TEXT,2550,200,17
1760124461987,TEXT,2550,200,17
1760124461987,TEXT,2550,200,17
1760124461987,TEXT,2550,200,17
1760124461987,TEXT,2550,200,17
1760124461987,TEXT,2550,200,17
1760124461987,JOIN,2550,200,17
1760124461987,TEXT,2550,200,17
1760124461987,TEXT,2550,200,17
1760124461987,JOIN,2550,200,17
1760124461987,TEXT,2550,200,17
1760124461988,TEXT,2550,200,17
1760124461988,TEXT,2549,200,17
1760124461988,TEXT,2549,200,17
1760124461988,TEXT,2549,200,17
1760124461988,TEXT,2549,200,17
1760124461988,TEXT,2549,200,17
1760124461988,TEXT,2549,200,17
1760124461988,TEXT,2549,200,17
1760124461988,TEXT,2549,200,17
1760124461989,TEXT,2548,200,17
1760124461989,TEXT,2548,200,17
1760124461989,LEAVE,2548,200,17
1760124461989,TEXT,2548,200,17
1760124461989,TEXT,2548,200,17
1760124461989,TEXT,2548,200,17
1760124461989,TEXT,2548,200,17
1760124461989,TEXT,2548,200,17
1760124461989,TEXT,2548,200,17
1760124461989,TEXT,2548,200,17
1760124461989,TEXT,2548,200,17
1760124461989,TEXT,2548,200,17
1760124461989,TEXT,2548,200,17
1760124461990,TEXT,2548,200,17
1760124461990,TEXT,2547,200,17
1760124461990,TEXT,2547,200,17
1760124461990,TEXT,2547,200,17
1760124461990,TEXT,2547,200,17
1760124461990,TEXT,2547,200,17
1760124461990,JOIN,2547,200,17
1760124461990,TEXT,2547,200,17
1760124461990,TEXT,2547,200,17
1760124461990,TEXT,2547,200,17
1760124461990,TEXT,2547,200,17
1760124461990,TEXT,2547,200,17
1760124461990,TEXT,2547,200,17
1760124461990,LEAVE,2547,200,17
1760124461990,TEXT,2547,200,17
1760124461990,TEXT,2547,200,17
1760124461990,TEXT,2547,200,17
1760124461990,TEXT,2547,200,17
1760124461990,TEXT,2547,200,17
1760124461990,JOIN,2547,200,17
1760124461991,TEXT,2547,200,17
1760124461991,LEAVE,2546,200,17
1760124461991,TEXT,2546,200,17
1760124461991,TEXT,2546,200,17
1760124461991,TEXT,2546,200,17
1760124461991,TEXT,2546,200,17
1760124461991,TEXT,2546,200,17
1760124461991,TEXT,2546,200,17
1760124461992,TEXT,2546,200,17
1760124461992,TEXT,2546,200,17
1760124461992,JOIN,2546,200,17
1760124461992,TEXT,2546,200,17
1760124461992,TEXT,2545,200,17
1760124461992,TEXT,2545,200,17
1760124461992,TEXT,2545,200,17
1760124461992,TEXT,2545,200,17
1760124461989,TEXT,2553,200,19
1760124461989,TEXT,2552,200,19
1760124461989,TEXT,2552,200,19
1760124461989,JOIN,2552,200,19
1760124461989,TEXT,2552,200,19
1760124461989,TEXT,2552,200,19
1760124461989,TEXT,2552,200,19
1760124461989,JOIN,2552,200,19
1760124461989,TEXT,2552,200,19
1760124461989,TEXT,2552,200,19
1760124461989,JOIN,2552,200,19
1760124461989,TEXT,2552,200,19
1760124461989,TEXT,2552,200,19
1760124461989,TEXT,2552,200,19
1760124461989,LEAVE,2552,200,19
1760124461989,TEXT,2552,200,19
1760124461990,TEXT,2552,200,19
1760124461990,TEXT,2552,200,19
1760124461990,LEAVE,2552,200,19
1760124461990,TEXT,2552,200,19
1760124461990,TEXT,2551,200,19
1760124461990,TEXT,2551,200,19
1760124461990,TEXT,2551,200,19
1760124461990,TEXT,2551,200,19
1760124461990,TEXT,2551,200,19
1760124461991,TEXT,2551,200,19
1760124461991,TEXT,2551,200,19
1760124461991,TEXT,2551,200,19
1760124461991,TEXT,2551,200,19
1760124461991,TEXT,2551,200,19
1760124461991,TEXT,2550,200,19
1760124461991,TEXT,2550,200,19
1760124461991,TEXT,2550,200,19
1760124461991,JOIN,2550,200,19
1760124461991,TEXT,2550,200,19
1760124461991,TEXT,2550,200,19
1760124461991,TEXT,2550,200,19
1760124461991,TEXT,2550,200,19
1760124461992,TEXT,2550,200,19
1760124461992,TEXT,2549,200,19
1760124461992,TEXT,2549,200,19
1760124461992,TEXT,2549,200,19
1760124461992,TEXT,2549,200,19
1760124461992,TEXT,2549,200,19
1760124461993,JOIN,2549,200,19
1760124461993,TEXT,2549,200,19
1760124461993,LEAVE,2549,200,19
1760124461993,TEXT,2549,200,19
1760124461993,TEXT,2548,200,19
1760124461993,TEXT,2548,200,19
1760124461993,TEXT,2548,200,19
1760124461993,TEXT,2548,200,19
1760124461993,TEXT,2548,200,19
1760124461994,TEXT,2547,200,19
1760124461994,TEXT,2547,200,19
1760124461994,TEXT,2547,200,19
1760124461994,LEAVE,2547,200,19
1760124461994,TEXT,2547,200,19
1760124461994,TEXT,2547,200,19
1760124461994,TEXT,2547,200,19
1760124461995,TEXT,2547,200,19
1760124461995,LEAVE,2547,200,19
1760124461995,TEXT,2547,200,19
1760124461995,TEXT,2547,200,19
1760124461995,TEXT,2546,200,19
1760124461995,TEXT,2546,200,19
1760124461995,TEXT,2546,200,19
1760124461995,TEXT,2546,200,19
1760124461995,TEXT,2546,200,19
1760124461995,TEXT,2546,200,19
1760124461995,TEXT,2546,200,19
1760124461995,TEXT,2546,200,19
1760124461995,TEXT,2546,200,19
1760124461995,TEXT,2546,200,19
1760124461995,TEXT,2546,200,19
1760124461995,TEXT,2546,200,19
1760124461995,TEXT,2546,200,19
1760124461995,TEXT,2546,200,19
1760124461995,TEXT,2546,200,19
1760124461995,TEXT,2546,200,19
1760124461995,JOIN,2546,200,19
1760124461995,TEXT,2546,200,19
1760124461996,TEXT,2546,200,19
1760124461996,TEXT,2545,200,19
1760124461996,TEXT,2545,200,19
1760124461996,TEXT,2545,200,19
1760124461996,TEXT,2545,200,19
1760124461996,TEXT,2545,200,19
1760124461996,TEXT,2545,200,19
1760124461996,TEXT,2545,200,19
1760124461996,TEXT,2545,200,19
1760124461997,TEXT,2545,200,19
1760124461987,TEXT,2556,200,9
1760124461987,TEXT,2556,200,9
1760124461987,TEXT,2555,200,9
1760124461987,TEXT,2555,200,9
1760124461988,TEXT,2555,200,9
1760124461988,TEXT,2555,200,9
1760124461988,TEXT,2555,200,9
1760124461988,TEXT,2555,200,9
1760124461988,TEXT,2555,200,9
1760124461988,TEXT,2555,200,9
1760124461988,TEXT,2555,200,9
1760124461988,TEXT,2555,200,9
1760124461988,TEXT,2555,200,9
1760124461988,TEXT,2555,200,9
1760124461988,TEXT,2555,200,9
1760124461988,TEXT,2555,200,9
1760124461988,LEAVE,2554,200,9
1760124461989,TEXT,2554,200,9
1760124461989,TEXT,2554,200,9
1760124461989,TEXT,2554,200,9
1760124461989,TEXT,2554,200,9
1760124461989,TEXT,2554,200,9
1760124461989,LEAVE,2554,200,9
1760124461989,TEXT,2554,200,9
1760124461989,TEXT,2554,200,9
1760124461989,TEXT,2554,200,9
1760124461989,JOIN,2554,200,9
1760124461989,TEXT,2553,200,9
1760124461989,TEXT,2553,200,9
1760124461989,TEXT,2553,200,9
1760124461989,TEXT,2553,200,9
1760124461990,TEXT,2553,200,9
1760124461990,TEXT,2553,200,9
1760124461990,TEXT,2553,200,9
1760124461990,TEXT,2553,200,9
1760124461990,TEXT,2553,200,9
1760124461990,TEXT,2553,200,9
1760124461977,TEXT,2570,200,4
1760124461977,JOIN,2570,200,4
1760124461977,JOIN,2570,200,4
1760124461977,TEXT,2570,200,4
1760124461977,TEXT,2570,200,4
1760124461979,TEXT,2568,200,4
1760124461979,TEXT,2568,200,4
1760124461979,TEXT,2568,200,4
1760124461979,TEXT,2568,200,4
1760124461979,TEXT,2568,200,4
1760124461979,TEXT,2567,200,4
1760124461980,TEXT,2567,200,4
1760124461980,TEXT,2567,200,4
1760124461980,TEXT,2567,200,4
1760124461980,JOIN,2567,200,4
1760124461980,TEXT,2567,200,4
1760124461980,TEXT,2567,200,4
1760124461980,TEXT,2567,200,4
1760124461980,TEXT,2567,200,4
1760124461980,TEXT,2567,200,4
1760124461980,TEXT,2567,200,4
1760124461980,TEXT,2567,200,4
1760124461980,TEXT,2567,200,4
1760124461980,TEXT,2567,200,4
1760124461980,TEXT,2567,200,4
1760124461981,TEXT,2566,200,4
1760124461981,LEAVE,2566,200,4
1760124461981,TEXT,2566,200,4
1760124461981,TEXT,2566,200,4
1760124461981,TEXT,2566,200,4
1760124461983,TEXT,2564,200,4
1760124461983,TEXT,2564,200,4
1760124461983,TEXT,2564,200,4
1760124461983,TEXT,2564,200,4
1760124461983,TEXT,2564,200,4
1760124461983,TEXT,2564,200,4
1760124461983,TEXT,2564,200,4
1760124461983,TEXT,2564,200,4
1760124461983,TEXT,2564,200,4
1760124461983,TEXT,2564,200,4
1760124461983,TEXT,2564,200,4
1760124461984,TEXT,2563,200,4
1760124461984,TEXT,2563,200,4
1760124461984,TEXT,2563,200,4
1760124461984,TEXT,2563,200,4
1760124461984,TEXT,2563,200,4
1760124461984,TEXT,2563,200,4
1760124461984,TEXT,2563,200,4
1760124461984,TEXT,2563,200,4
1760124461984,TEXT,2563,200,4
1760124461985,TEXT,2562,200,4
1760124461985,TEXT,2562,200,4
1760124461985,TEXT,2562,200,4
1760124461985,TEXT,2562,200,4
1760124461985,TEXT,2562,200,4
1760124461985,TEXT,2562,200,4
1760124461985,TEXT,2562,200,4
1760124461985,TEXT,2562,200,4
1760124461986,TEXT,2561,200,4
1760124461986,TEXT,2561,200,4
1760124461986,TEXT,2561,200,4
1760124461986,TEXT,2561,200,4
1760124461986,TEXT,2561,200,4
1760124461986,TEXT,2561,200,4
1760124461986,TEXT,2561,200,4
1760124461986,TEXT,2561,200,4
1760124461986,TEXT,2561,200,4
1760124461986,TEXT,2561,200,4
1760124461986,TEXT,2561,200,4
1760124461986,TEXT,2561,200,4
1760124461986,TEXT,2561,200,4
1760124461987,TEXT,2561,200,4
1760124461987,TEXT,2560,200,4
1760124461987,TEXT,2560,200,4
1760124461987,TEXT,2560,200,4
1760124461987,TEXT,2560,200,4
1760124461987,TEXT,2560,200,4
1760124461987,TEXT,2560,200,4
1760124461987,TEXT,2560,200,4
1760124461987,TEXT,2560,200,4
1760124461987,TEXT,2560,200,4
1760124461987,JOIN,2560,200,4
1760124461988,TEXT,2559,200,4
1760124461988,TEXT,2559,200,4
1760124461988,TEXT,2559,200,4
1760124461988,TEXT,2559,200,4
1760124461988,TEXT,2559,200,4
1760124461988,JOIN,2559,200,4
1760124461988,TEXT,2559,200,4
1760124461989,TEXT,2558,200,4
1760124461989,TEXT,2558,200,4
1760124461989,TEXT,2558,200,4
1760124461989,TEXT,2558,200,4
1760124461989,TEXT,2558,200,4
1760124461989,TEXT,2558,200,4
1760124461989,TEXT,2558,200,4
1760124461989,TEXT,2558,200,4
1760124461989,TEXT,2558,200,4
1760124461989,TEXT,2558,200,4
1760124461989,TEXT,2558,200,4
1760124461989,LEAVE,2558,200,4
1760124461989,TEXT,2558,200,4
1760124461990,TEXT,2558,200,4
1760124461990,TEXT,2557,200,4
1760124461990,TEXT,2557,200,4
1760124461990,TEXT,2557,200,4
1760124461990,TEXT,2557,200,4
1760124461990,TEXT,2557,200,4
1760124461990,TEXT,2557,200,4
1760124461990,TEXT,2557,200,4
1760124461990,TEXT,2557,200,4
1760124461990,TEXT,2557,200,4
1760124461990,JOIN,2557,200,4
1760124461991,TEXT,2557,200,4
1760124461991,TEXT,2556,200,4
1760124461991,TEXT,2556,200,4
1760124461991,TEXT,2556,200,4
1760124461991,LEAVE,2556,200,4
1760124461991,TEXT,2556,200,4
1760124461991,TEXT,2556,200,4
1760124461991,TEXT,2556,200,4
1760124461991,LEAVE,2556,200,4
1760124461991,TEXT,2556,200,4
1760124461991,TEXT,2556,200,4
1760124461991,TEXT,2556,200,4
1760124461991,TEXT,2556,200,4
1760124461991,JOIN,2556,200,4
1760124461992,TEXT,2555,200,4
1760124461992,TEXT,2555,200,4
1760124461992,TEXT,2555,200,4
1760124461992,JOIN,2555,200,4
1760124461992,TEXT,2555,200,4
1760124461992,TEXT,2555,200,4
1760124461992,TEXT,2555,200,4
1760124461992,JOIN,2555,200,4
1760124461992,LEAVE,2555,200,4
1760124461992,TEXT,2555,200,4
1760124461993,TEXT,2554,200,4
1760124461993,TEXT,2554,200,4
1760124461993,LEAVE,2554,200,4
1760124461993,TEXT,2554,200,4
1760124461994,TEXT,2554,200,4
1760124461994,TEXT,2553,200,4
1760124461994,JOIN,2553,200,4
1760124461994,TEXT,2553,200,4
1760124461994,TEXT,2553,200,4
1760124461994,TEXT,2553,200,4
1760124461994,JOIN,2553,200,4
1760124461994,TEXT,2553,200,4
1760124461994,TEXT,2553,200,4
1760124461994,TEXT,2553,200,4
1760124461994,TEXT,2553,200,4
1760124461995,TEXT,2552,200,4
1760124461995,TEXT,2552,200,4
1760124461995,TEXT,2552,200,4
1760124461995,JOIN,2552,200,4
1760124461995,TEXT,2552,200,4
1760124461995,TEXT,2552,200,4
1760124461995,TEXT,2552,200,4
1760124461995,LEAVE,2552,200,4
1760124461995,TEXT,2552,200,4
1760124461995,TEXT,2552,200,4
1760124461995,TEXT,2552,200,4
1760124461995,TEXT,2552,200,4
1760124461995,TEXT,2552,200,4
1760124461995,LEAVE,2552,200,4
1760124461995,TEXT,2552,200,4
1760124461996,TEXT,2552,200,4
1760124461996,TEXT,2552,200,4
1760124461996,TEXT,2552,200,4
1760124461996,JOIN,2551,200,4
1760124461996,TEXT,2551,200,4
1760124461996,TEXT,2551,200,4
1760124461996,TEXT,2551,200,4
1760124461996,TEXT,2551,200,4
1760124461996,TEXT,2551,200,4
1760124461996,TEXT,2551,200,4
1760124461985,TEXT,2577,200,6
1760124461986,TEXT,2577,200,6
1760124461986,TEXT,2577,200,6
1760124461986,TEXT,2577,200,6
1760124461986,TEXT,2577,200,6
1760124461986,TEXT,2577,200,6
1760124461986,TEXT,2577,200,6
1760124461986,TEXT,2577,200,6
1760124461986,LEAVE,2577,200,6
1760124461986,TEXT,2576,200,6
1760124461986,LEAVE,2576,200,6
1760124461986,TEXT,2576,200,6
1760124461986,TEXT,2576,200,6
1760124461986,TEXT,2576,200,6
1760124461986,TEXT,2576,200,6
1760124461986,TEXT,2576,200,6
1760124461986,TEXT,2576,200,6
1760124461986,TEXT,2576,200,6
1760124461986,TEXT,2576,200,6
1760124461987,TEXT,2576,200,6
1760124461987,TEXT,2576,200,6
1760124461987,TEXT,2576,200,6
1760124461987,TEXT,2576,200,6
1760124461987,JOIN,2576,200,6
1760124461987,TEXT,2576,200,6
1760124461987,TEXT,2575,200,6
1760124461987,TEXT,2575,200,6
1760124461988,TEXT,2575,200,6
1760124461988,TEXT,2575,200,6
1760124461988,TEXT,2575,200,6
1760124461988,LEAVE,2575,200,6
1760124461988,TEXT,2575,200,6
1760124461988,TEXT,2574,200,6
1760124461988,TEXT,2574,200,6
1760124461988,JOIN,2574,200,6
1760124461988,TEXT,2574,200,6
1760124461988,TEXT,2574,200,6
1760124461989,JOIN,2574,200,6
1760124461989,TEXT,2574,200,6
1760124461989,TEXT,2574,200,6
1760124461989,TEXT,2574,200,6
1760124461989,TEXT,2574,200,6
1760124461989,TEXT,2574,200,6
1760124461989,TEXT,2574,200,6
1760124461989,TEXT,2574,200,6
1760124461989,TEXT,2573,200,6
1760124461990,TEXT,2573,200,6
1760124461990,LEAVE,2573,200,6
1760124461990,TEXT,2573,200,6
1760124461990,TEXT,2573,200,6
1760124461990,TEXT,2573,200,6
1760124461990,TEXT,2573,200,6
1760124461990,TEXT,2573,200,6
1760124461990,TEXT,2573,200,6
1760124461990,LEAVE,2573,200,6
1760124461990,TEXT,2573,200,6
1760124461990,TEXT,2573,200,6
1760124461990,TEXT,2573,200,6
1760124461990,TEXT,2572,200,6
1760124461990,TEXT,2572,200,6
1760124461991,TEXT,2572,200,6
1760124461991,TEXT,2572,200,6
1760124461991,TEXT,2572,200,6
1760124461991,TEXT,2572,200,6
1760124461991,TEXT,2572,200,6
1760124461991,LEAVE,2572,200,6
1760124461991,TEXT,2572,200,6
1760124461991,TEXT,2572,200,6
1760124461991,TEXT,2571,200,6
1760124461991,TEXT,2571,200,6
1760124461991,TEXT,2571,200,6
1760124461991,TEXT,2571,200,6
1760124461991,LEAVE,2571,200,6
1760124461992,TEXT,2571,200,6
1760124461992,TEXT,2571,200,6
1760124461992,TEXT,2571,200,6
1760124461992,TEXT,2571,200,6
1760124461992,TEXT,2571,200,6
1760124461992,TEXT,2571,200,6
1760124461992,TEXT,2571,200,6
1760124461992,TEXT,2571,200,6
1760124461992,TEXT,2570,200,6
1760124461993,TEXT,2570,200,6
1760124461993,TEXT,2570,200,6
1760124461993,TEXT,2570,200,6
1760124461993,TEXT,2570,200,6
1760124461993,TEXT,2570,200,6
1760124461993,TEXT,2570,200,6
1760124461993,TEXT,2570,200,6
1760124461993,TEXT,2570,200,6
1760124461993,TEXT,2569,200,6
1760124461993,TEXT,2569,200,6
1760124461993,TEXT,2569,200,6
1760124461994,TEXT,2569,200,6
1760124461994,TEXT,2569,200,6
1760124461994,TEXT,2569,200,6
1760124461994,TEXT,2569,200,6
1760124461995,TEXT,2568,200,6
1760124461995,TEXT,2568,200,6
1760124461995,TEXT,2568,200,6
1760124461995,TEXT,2568,200,6
1760124461995,TEXT,2568,200,6
1760124461995,TEXT,2568,200,6
1760124461995,TEXT,2568,200,6
1760124461995,TEXT,2568,200,6
1760124461995,TEXT,2568,200,6
1760124461995,TEXT,2568,200,6
1760124461995,TEXT,2568,200,6
1760124461995,TEXT,2568,200,6
1760124461995,JOIN,2568,200,6
1760124461995,TEXT,2567,200,6
1760124461995,LEAVE,2567,200,6
1760124461996,LEAVE,2567,200,6
1760124461996,TEXT,2567,200,6
1760124461996,TEXT,2567,200,6
1760124461996,TEXT,2567,200,6
1760124461996,TEXT,2567,200,6
1760124461996,TEXT,2567,200,6
1760124461996,TEXT,2567,200,6
1760124461996,TEXT,2567,200,6
1760124461996,TEXT,2567,200,6
1760124461997,TEXT,2566,200,6
1760124461997,TEXT,2566,200,6
1760124461997,TEXT,2566,200,6
1760124461997,TEXT,2566,200,6
1760124461997,TEXT,2566,200,6
1760124461997,TEXT,2566,200,6
1760124461998,TEXT,2565,200,6
1760124461998,TEXT,2565,200,6
1760124461998,TEXT,2565,200,6
1760124461998,TEXT,2565,200,6
1760124461998,TEXT,2565,200,6
1760124461998,TEXT,2565,200,6
1760124461998,TEXT,2565,200,6
1760124461998,TEXT,2564,200,6
1760124461998,TEXT,2564,200,6
1760124461999,TEXT,2564,200,6
1760124461999,TEXT,2564,200,6
1760124461999,TEXT,2564,200,6
1760124461999,TEXT,2564,200,6
1760124461999,TEXT,2564,200,6
1760124461999,TEXT,2564,200,6
1760124461999,TEXT,2564,200,6
1760124461999,TEXT,2564,200,6
1760124461999,TEXT,2564,200,6
1760124461999,TEXT,2564,200,6
1760124461999,TEXT,2564,200,6
1760124461999,TEXT,2564,200,6
1760124461999,TEXT,2564,200,6
1760124461999,TEXT,2564,200,6
1760124461999,TEXT,2564,200,6
1760124461999,TEXT,2563,200,6
1760124462000,TEXT,2563,200,6
1760124462000,TEXT,2563,200,6
1760124462000,TEXT,2563,200,6
1760124462000,TEXT,2563,200,6
1760124462000,TEXT,2563,200,6
1760124462000,JOIN,2563,200,6
1760124462000,TEXT,2563,200,6
1760124462000,JOIN,2563,200,6
1760124462000,TEXT,2563,200,6
1760124462000,TEXT,2563,200,6
1760124462000,TEXT,2563,200,6
1760124462000,TEXT,2563,200,6
1760124462000,TEXT,2563,200,6
1760124462000,TEXT,2563,200,6
1760124462000,TEXT,2563,200,6
1760124462000,TEXT,2563,200,6
1760124462000,TEXT,2563,200,6
1760124462000,TEXT,2562,200,6
1760124462001,TEXT,2562,200,6
1760124462001,TEXT,2562,200,6
1760124462001,LEAVE,2562,200,6
1760124462001,TEXT,2562,200,6
1760124462001,TEXT,2562,200,6
1760124462001,TEXT,2562,200,6
1760124462001,TEXT,2562,200,6
1760124462001,TEXT,2562,200,6
1760124462001,TEXT,2562,200,6
1760124462001,LEAVE,2562,200,6
1760124462001,TEXT,2562,200,6
1760124462001,TEXT,2562,200,6
1760124462001,TEXT,2562,200,6
1760124462001,TEXT,2562,200,6
1760124462001,TEXT,2561,200,6
1760124462002,TEXT,2561,200,6
1760124462002,TEXT,2561,200,6
1760124462002,JOIN,2561,200,6
1760124462002,TEXT,2561,200,6
1760124462002,TEXT,2561,200,6
1760124462002,TEXT,2561,200,6
1760124461992,TEXT,2602,200,2
1760124461993,TEXT,2602,200,2
1760124461993,TEXT,2602,200,2
1760124461993,TEXT,2601,200,2
1760124461993,TEXT,2601,200,2
1760124461993,TEXT,2601,200,2
1760124461993,TEXT,2601,200,2
1760124461993,TEXT,2601,200,2
1760124461993,TEXT,2601,200,2
1760124461993,TEXT,2601,200,2
1760124461993,TEXT,2601,200,2
1760124461993,TEXT,2601,200,2
1760124461993,TEXT,2601,200,2
1760124461993,TEXT,2601,200,2
1760124461994,TEXT,2601,200,2
1760124461994,TEXT,2601,200,2
1760124461994,TEXT,2600,200,2
1760124461994,TEXT,2600,200,2
1760124461994,TEXT,2600,200,2
1760124461995,TEXT,2600,200,2
1760124461995,TEXT,2600,200,2
1760124461995,TEXT,2600,200,2
1760124461995,TEXT,2599,200,2
1760124461995,TEXT,2599,200,2
1760124461995,TEXT,2599,200,2
1760124461995,TEXT,2599,200,2
1760124461995,TEXT,2599,200,2
1760124461995,TEXT,2599,200,2
1760124461995,JOIN,2599,200,2
1760124461995,TEXT,2599,200,2
1760124461995,TEXT,2599,200,2
1760124461996,TEXT,2599,200,2
1760124461996,TEXT,2599,200,2
1760124461996,TEXT,2598,200,2
1760124461996,TEXT,2598,200,2
1760124461996,TEXT,2598,200,2
1760124461996,TEXT,2598,200,2
1760124461996,TEXT,2598,200,2
1760124461996,TEXT,2598,200,2
1760124461996,TEXT,2598,200,2
1760124461996,TEXT,2598,200,2
1760124461996,TEXT,2598,200,2
1760124461996,TEXT,2598,200,2
1760124461996,TEXT,2598,200,2
1760124461996,TEXT,2598,200,2
1760124461996,TEXT,2598,200,2
1760124461997,TEXT,2598,200,2
1760124461997,TEXT,2598,200,2
1760124461997,TEXT,2598,200,2
1760124461997,TEXT,2597,200,2
1760124461997,TEXT,2597,200,2
1760124461997,TEXT,2597,200,2
1760124461997,TEXT,2597,200,2
1760124461997,TEXT,2597,200,2
1760124461997,TEXT,2597,200,2
1760124461997,TEXT,2597,200,2
1760124461997,TEXT,2597,200,2
1760124461998,TEXT,2597,200,2
1760124461998,TEXT,2597,200,2
1760124461998,TEXT,2597,200,2
1760124461998,TEXT,2597,200,2
1760124461998,TEXT,2597,200,2
1760124461998,TEXT,2596,200,2
1760124461998,TEXT,2596,200,2
1760124461998,TEXT,2596,200,2
1760124461998,TEXT,2596,200,2
1760124461998,TEXT,2596,200,2
1760124461998,JOIN,2596,200,2
1760124461999,TEXT,2596,200,2
1760124461999,TEXT,2596,200,2
1760124461999,TEXT,2596,200,2
1760124461999,TEXT,2595,200,2
1760124461999,TEXT,2595,200,2
1760124461999,TEXT,2595,200,2
1760124461999,TEXT,2595,200,2
1760124461999,TEXT,2595,200,2
1760124461999,TEXT,2595,200,2
1760124462000,TEXT,2595,200,2
1760124462000,TEXT,2595,200,2
1760124462000,TEXT,2594,200,2
1760124462000,TEXT,2594,200,2
1760124462000,TEXT,2594,200,2
1760124462000,TEXT,2594,200,2
1760124462001,TEXT,2594,200,2
1760124461989,TEXT,2629,200,7
1760124461989,TEXT,2629,200,7
1760124461989,TEXT,2629,200,7
1760124461989,TEXT,2629,200,7
1760124461989,TEXT,2629,200,7
1760124461990,TEXT,2629,200,7
1760124461990,TEXT,2629,200,7
1760124461990,TEXT,2629,200,7
1760124461990,TEXT,2629,200,7
1760124461990,TEXT,2629,200,7
1760124461990,TEXT,2629,200,7
1760124461990,TEXT,2629,200,7
1760124461990,TEXT,2629,200,7
1760124461990,TEXT,2629,200,7
1760124461990,TEXT,2629,200,7
1760124461990,TEXT,2629,200,7
1760124461990,TEXT,2629,200,7
1760124461990,TEXT,2629,200,7
1760124461990,TEXT,2629,200,7
1760124461990,TEXT,2629,200,7
1760124461990,TEXT,2629,200,7
1760124461990,TEXT,2628,200,7
1760124461990,TEXT,2628,200,7
1760124461990,TEXT,2628,200,7
1760124461990,TEXT,2628,200,7
1760124461991,TEXT,2628,200,7
1760124461991,TEXT,2628,200,7
1760124461991,TEXT,2628,200,7
1760124461991,TEXT,2628,200,7
1760124461991,TEXT,2628,200,7
1760124461991,TEXT,2628,200,7
1760124461991,TEXT,2628,200,7
1760124461991,TEXT,2628,200,7
1760124461991,TEXT,2628,200,7
1760124461991,TEXT,2628,200,7
1760124461991,TEXT,2628,200,7
1760124461991,TEXT,2628,200,7
1760124461991,LEAVE,2627,200,7
1760124461992,TEXT,2627,200,7
1760124461992,LEAVE,2627,200,7
1760124461992,JOIN,2627,200,7
1760124461992,TEXT,2627,200,7
1760124461992,TEXT,2627,200,7
1760124461992,TEXT,2627,200,7
1760124461992,TEXT,2627,200,7
1760124461992,TEXT,2627,200,7
1760124461992,TEXT,2627,200,7
1760124461992,TEXT,2627,200,7
1760124461992,TEXT,2627,200,7
1760124461992,TEXT,2627,200,7
1760124461992,LEAVE,2627,200,7
1760124461992,TEXT,2626,200,7
1760124461992,TEXT,2626,200,7
1760124461993,TEXT,2626,200,7
1760124461993,TEXT,2626,200,7
1760124461993,TEXT,2626,200,7
1760124461993,TEXT,2626,200,7
1760124461993,TEXT,2626,200,7
1760124461993,TEXT,2626,200,7
1760124461993,TEXT,2626,200,7
1760124461993,JOIN,2626,200,7
1760124461993,TEXT,2626,200,7
1760124461993,JOIN,2625,200,7
1760124461993,TEXT,2625,200,7
1760124461994,TEXT,2625,200,7
1760124461994,TEXT,2625,200,7
1760124461994,TEXT,2625,200,7
1760124461994,TEXT,2625,200,7
1760124461994,JOIN,2625,200,7
1760124461994,JOIN,2625,200,7
1760124461994,TEXT,2625,200,7
1760124461994,TEXT,2625,200,7
1760124461994,TEXT,2625,200,7
1760124461994,TEXT,2625,200,7
1760124461994,TEXT,2625,200,7
1760124461994,TEXT,2624,200,7
1760124461995,JOIN,2624,200,7
1760124461995,TEXT,2624,200,7
1760124461995,TEXT,2624,200,7
1760124461995,TEXT,2624,200,7
1760124461995,TEXT,2624,200,7
1760124461995,TEXT,2624,200,7
1760124461995,JOIN,2624,200,7
1760124461995,TEXT,2624,200,7
1760124461995,TEXT,2624,200,7
1760124461995,TEXT,2624,200,7
1760124461995,TEXT,2624,200,7
1760124461995,TEXT,2623,200,7
1760124461996,TEXT,2623,200,7
1760124461996,TEXT,2623,200,7
1760124461996,TEXT,2623,200,7
1760124461996,LEAVE,2626,200,7
1760124461996,TEXT,2626,200,7
1760124461996,TEXT,2626,200,7
1760124461996,TEXT,2626,200,7
1760124461996,LEAVE,2626,200,7
1760124461999,TEXT,2707,200,15
1760124461999,LEAVE,2707,200,15
1760124461999,TEXT,2707,200,15
1760124461999,TEXT,2706,200,15
1760124461999,TEXT,2706,200,15
1760124462000,TEXT,2706,200,15
1760124462000,TEXT,2706,200,15
1760124462000,TEXT,2706,200,15
1760124462000,TEXT,2706,200,15
1760124462000,TEXT,2706,200,15
1760124462000,TEXT,2706,200,15
1760124462000,TEXT,2706,200,15
1760124462001,TEXT,2705,200,15
1760124462001,TEXT,2705,200,15
1760124462001,TEXT,2705,200,15
1760124462001,TEXT,2705,200,15
1760124462001,TEXT,2705,200,15
1760124462001,TEXT,2705,200,15
1760124462001,TEXT,2705,200,15
1760124462001,TEXT,2705,200,15
1760124462001,TEXT,2705,200,15
1760124462001,TEXT,2704,200,15
1760124462001,TEXT,2704,200,15
1760124462001,TEXT,2704,200,15
1760124462002,TEXT,2704,200,15
1760124462002,JOIN,2704,200,15
1760124462002,TEXT,2704,200,15
1760124462002,TEXT,2704,200,15
1760124462002,TEXT,2704,200,15
1760124462002,TEXT,2704,200,15
1760124462002,TEXT,2704,200,15
1760124462002,TEXT,2704,200,15
1760124462002,TEXT,2704,200,15
1760124462002,TEXT,2704,200,15
1760124462002,TEXT,2704,200,15
1760124462002,JOIN,2704,200,15
1760124462002,TEXT,2703,200,15
1760124462002,TEXT,2703,200,15
1760124462002,TEXT,2703,200,15
1760124462002,TEXT,2703,200,15
1760124462003,TEXT,2703,200,15
1760124462003,TEXT,2703,200,15
1760124462003,TEXT,2703,200,15
1760124462003,TEXT,2703,200,15
1760124462003,TEXT,2703,200,15
1760124462003,TEXT,2703,200,15
1760124462003,TEXT,2703,200,15
1760124462003,TEXT,2703,200,15
1760124462003,TEXT,2703,200,15
1760124462003,TEXT,2702,200,15
1760124462004,TEXT,2702,200,15
1760124462004,TEXT,2702,200,15
1760124462004,TEXT,2702,200,15
1760124462004,TEXT,2702,200,15
1760124462004,TEXT,2702,200,15
1760124462004,TEXT,2702,200,15
1760124462004,TEXT,2702,200,15
1760124462004,TEXT,2702,200,15
1760124462004,TEXT,2702,200,15
1760124462004,TEXT,2702,200,15
1760124462004,TEXT,2702,200,15
1760124462004,TEXT,2701,200,15
1760124462005,TEXT,2701,200,15
1760124462005,TEXT,2701,200,15
1760124462005,TEXT,2701,200,15
1760124462005,TEXT,2701,200,15
1760124462005,TEXT,2701,200,15
1760124462005,TEXT,2701,200,15
1760124462005,TEXT,2701,200,15
1760124462005,TEXT,2700,200,15
1760124462005,TEXT,2700,200,15
1760124462006,TEXT,2700,200,15
1760124462006,TEXT,2700,200,15
1760124462006,TEXT,2700,200,15
1760124462006,TEXT,2700,200,15
1760124462006,TEXT,2700,200,15
1760124462006,TEXT,2700,200,15
1760124462006,TEXT,2700,200,15
1760124462006,TEXT,2700,200,15
1760124462006,TEXT,2700,200,15
1760124462006,TEXT,2700,200,15
1760124462006,TEXT,2699,200,15
1760124462006,TEXT,2699,200,15
1760124462007,TEXT,2699,200,15
1760124462007,TEXT,2699,200,15
1760124462007,TEXT,2699,200,15
1760124462007,TEXT,2699,200,15
1760124462007,TEXT,2699,200,15
1760124462007,JOIN,2699,200,15
1760124461988,TEXT,2786,200,20
1760124461988,TEXT,2786,200,20
1760124461988,TEXT,2786,200,20
1760124461988,TEXT,2786,200,20
1760124461988,TEXT,2785,200,20
1760124461989,TEXT,2785,200,20
1760124461989,TEXT,2785,200,20
1760124461989,TEXT,2785,200,20
1760124461989,TEXT,2785,200,20
1760124461989,TEXT,2785,200,20
1760124461989,TEXT,2785,200,20
1760124461989,TEXT,2785,200,20
1760124461989,TEXT,2785,200,20
1760124461989,TEXT,2785,200,20
1760124461989,TEXT,2785,200,20
1760124461989,TEXT,2785,200,20
1760124461989,TEXT,2785,200,20
1760124461989,TEXT,2785,200,20
1760124461989,TEXT,2785,200,20
1760124461989,JOIN,2785,200,20
1760124461989,TEXT,2785,200,20
1760124461989,TEXT,2785,200,20
1760124461989,LEAVE,2784,200,20
1760124461990,TEXT,2784,200,20
1760124461990,TEXT,2784,200,20
1760124461990,TEXT,2784,200,20
1760124461990,TEXT,2784,200,20
1760124461990,TEXT,2784,200,20
1760124461990,TEXT,2784,200,20
1760124461990,TEXT,2784,200,20
1760124461990,JOIN,2784,200,20
1760124461990,TEXT,2784,200,20
1760124461990,TEXT,2784,200,20
1760124461990,TEXT,2784,200,20
1760124461990,TEXT,2784,200,20
1760124461990,TEXT,2784,200,20
1760124461990,TEXT,2784,200,20
1760124461990,TEXT,2783,200,20
1760124461991,TEXT,2783,200,20
1760124461991,TEXT,2783,200,20
1760124461991,TEXT,2783,200,20
1760124461991,TEXT,2783,200,20
1760124461991,TEXT,2783,200,20
1760124461991,TEXT,2783,200,20
1760124461991,TEXT,2783,200,20
1760124461992,TEXT,2782,200,20
1760124461992,TEXT,2782,200,20
1760124461992,TEXT,2782,200,20
1760124461992,TEXT,2782,200,20
1760124461992,TEXT,2782,200,20
1760124461992,TEXT,2782,200,20
1760124461992,TEXT,2782,200,20
1760124461992,TEXT,2782,200,20
1760124461992,TEXT,2782,200,20
1760124461992,TEXT,2782,200,20
1760124461992,TEXT,2782,200,20
1760124461992,TEXT,2782,200,20
1760124461992,TEXT,2782,200,20
1760124461992,TEXT,2782,200,20
1760124461992,TEXT,2782,200,20
1760124461993,TEXT,2781,200,20
1760124461993,TEXT,2781,200,20
1760124461993,TEXT,2781,200,20
1760124461993,JOIN,2781,200,20
1760124461993,TEXT,2781,200,20
1760124461993,TEXT,2781,200,20
1760124461993,TEXT,2781,200,20
1760124461993,TEXT,2781,200,20
1760124461993,TEXT,2781,200,20
1760124461993,TEXT,2781,200,20
1760124461993,TEXT,2781,200,20
1760124461993,TEXT,2781,200,20
1760124461993,TEXT,2781,200,20
1760124461993,TEXT,2781,200,20
1760124461994,TEXT,2781,200,20
1760124461994,TEXT,2781,200,20
1760124461994,TEXT,2780,200,20
1760124461994,TEXT,2780,200,20
1760124461994,TEXT,2780,200,20
1760124461994,TEXT,2780,200,20
1760124461995,TEXT,2780,200,20
1760124461995,TEXT,2780,200,20
1760124461995,TEXT,2780,200,20
1760124461995,TEXT,2780,200,20
1760124461995,TEXT,2780,200,20
1760124461995,TEXT,2779,200,20
1760124461995,TEXT,2779,200,20
1760124461995,TEXT,2779,200,20
1760124461995,TEXT,2779,200,20
1760124461995,TEXT,2779,200,20
1760124461995,TEXT,2779,200,20
1760124461995,TEXT,2779,200,20
1760124461996,TEXT,2779,200,20
1760124461996,TEXT,2779,200,20
1760124461996,TEXT,2779,200,20
1760124461996,TEXT,2779,200,20
1760124461997,TEXT,2783,200,5
1760124461997,TEXT,2783,200,5
1760124461998,TEXT,2783,200,5
1760124461998,TEXT,2782,200,5
1760124461998,TEXT,2782,200,5
1760124461998,TEXT,2782,200,5
1760124461998,TEXT,2782,200,5
1760124461998,TEXT,2782,200,5
1760124461998,TEXT,2782,200,5
1760124461998,TEXT,2782,200,5
1760124461998,TEXT,2782,200,5
1760124461998,TEXT,2782,200,5
1760124461998,TEXT,2782,200,5
1760124461998,TEXT,2782,200,5
1760124461998,JOIN,2782,200,5
1760124461998,TEXT,2782,200,5
1760124461998,TEXT,2782,200,5
1760124461998,TEXT,2782,200,5
1760124461999,TEXT,2781,200,5
1760124461999,TEXT,2781,200,5
1760124461999,LEAVE,2781,200,5
1760124461999,TEXT,2781,200,5
1760124461999,TEXT,2781,200,5
1760124461999,TEXT,2781,200,5
1760124461999,TEXT,2781,200,5
1760124461999,TEXT,2781,200,5
1760124462000,TEXT,2780,200,5
1760124462000,TEXT,2780,200,5
1760124462000,TEXT,2780,200,5
1760124462000,TEXT,2780,200,5
1760124462000,TEXT,2780,200,5
1760124462000,TEXT,2780,200,5
1760124462000,TEXT,2780,200,5
1760124462000,TEXT,2780,200,5
1760124462000,TEXT,2780,200,5
1760124462001,TEXT,2780,200,5
1760124462001,TEXT,2779,200,5
1760124462001,TEXT,2779,200,5
1760124462001,TEXT,2779,200,5
1760124462001,TEXT,2779,200,5
1760124462001,TEXT,2779,200,5
1760124462001,TEXT,2779,200,5
1760124462001,TEXT,2779,200,5
1760124462001,LEAVE,2779,200,5
1760124462001,TEXT,2779,200,5
1760124462001,TEXT,2779,200,5
1760124462002,TEXT,2778,200,5
1760124462002,TEXT,2778,200,5
1760124462002,TEXT,2778,200,5
1760124462002,TEXT,2778,200,5
1760124462002,TEXT,2778,200,5
1760124462002,TEXT,2778,200,5
1760124462002,TEXT,2778,200,5
1760124462002,TEXT,2778,200,5
1760124462002,TEXT,2778,200,5
1760124462002,TEXT,2778,200,5
1760124462002,TEXT,2778,200,5
1760124462002,TEXT,2778,200,5
1760124462003,TEXT,2777,200,5
1760124462003,JOIN,2777,200,5
1760124462003,JOIN,2777,200,5
1760124462003,TEXT,2777,200,5
1760124462003,JOIN,2777,200,5
1760124462003,TEXT,2777,200,5
1760124462003,TEXT,2777,200,5
1760124462003,TEXT,2777,200,5
1760124462003,TEXT,2777,200,5
1760124462003,TEXT,2777,200,5
1760124462003,TEXT,2777,200,5
1760124462003,TEXT,2777,200,5
1760124462003,TEXT,2777,200,5
1760124462003,TEXT,2777,200,5
1760124462004,TEXT,2777,200,5
1760124462004,LEAVE,2776,200,5
1760124462004,LEAVE,2776,200,5
1760124462004,TEXT,2776,200,5
1760124462004,TEXT,2776,200,5
1760124462004,TEXT,2776,200,5
1760124462004,LEAVE,2776,200,5
1760124462004,TEXT,2776,200,5
1760124462004,TEXT,2776,200,5
1760124462004,TEXT,2776,200,5
1760124462004,JOIN,2776,200,5
1760124462004,TEXT,2776,200,5
1760124462004,TEXT,2776,200,5
1760124462004,TEXT,2776,200,5
1760124462004,TEXT,2776,200,5
1760124462004,JOIN,2776,200,5
1760124462004,TEXT,2776,200,5
1760124462005,TEXT,2776,200,5
1760124462005,TEXT,2776,200,5
1760124462005,TEXT,2776,200,5
1760124462005,TEXT,2775,200,5
1760124462005,TEXT,2775,200,5
1760124462005,TEXT,2775,200,5
1760124462005,TEXT,2775,200,5
1760124462005,TEXT,2775,200,5
1760124462005,TEXT,2775,200,5
1760124461988,JOIN,2792,200,8
1760124461988,TEXT,2792,200,8
1760124461988,TEXT,2792,200,8
1760124461988,TEXT,2792,200,8
1760124461988,JOIN,2792,200,8
1760124461989,TEXT,2792,200,8
1760124461989,TEXT,2792,200,8
1760124461989,TEXT,2792,200,8
1760124461989,TEXT,2792,200,8
1760124461989,TEXT,2792,200,8
1760124461989,TEXT,2792,200,8
1760124461989,TEXT,2791,200,8
1760124461989,LEAVE,2791,200,8
1760124461989,TEXT,2791,200,8
1760124461989,TEXT,2791,200,8
1760124461989,TEXT,2791,200,8
1760124461989,TEXT,2791,200,8
1760124461989,TEXT,2791,200,8
1760124461990,TEXT,2791,200,8
1760124461990,JOIN,2790,200,8
1760124461990,LEAVE,2790,200,8
1760124461990,TEXT,2790,200,8
1760124461990,TEXT,2790,200,8
1760124461990,TEXT,2790,200,8
1760124461990,JOIN,2790,200,8
1760124461991,TEXT,2790,200,8
1760124461991,TEXT,2790,200,8
1760124461991,TEXT,2790,200,8
1760124461991,TEXT,2790,200,8
1760124461991,LEAVE,2790,200,8
1760124461991,TEXT,2789,200,8
1760124461991,TEXT,2789,200,8
1760124461991,TEXT,2789,200,8
1760124461991,TEXT,2789,200,8
1760124461991,TEXT,2789,200,8
1760124461991,TEXT,2789,200,8
1760124461991,TEXT,2789,200,8
1760124461992,TEXT,2789,200,8
1760124461992,TEXT,2789,200,8
1760124461992,TEXT,2788,200,8
1760124461992,TEXT,2788,200,8
1760124461992,TEXT,2788,200,8
1760124461992,TEXT,2788,200,8
1760124461993,JOIN,2788,200,8
1760124461993,TEXT,2788,200,8
1760124461993,TEXT,2788,200,8
1760124461993,TEXT,2788,200,8
1760124461993,TEXT,2788,200,8
1760124461993,TEXT,2788,200,8
1760124461993,TEXT,2788,200,8
1760124461993,TEXT,2788,200,8
1760124461993,TEXT,2788,200,8
1760124461993,TEXT,2787,200,8
1760124461993,TEXT,2787,200,8
1760124461993,TEXT,2787,200,8
1760124461993,TEXT,2787,200,8
1760124461993,TEXT,2787,200,8
1760124461994,TEXT,2787,200,8
1760124461994,TEXT,2786,200,8
1760124461994,TEXT,2786,200,8
1760124461995,TEXT,2786,200,8
1760124461995,TEXT,2786,200,8
1760124461995,TEXT,2786,200,8
1760124461995,TEXT,2786,200,8
1760124461995,TEXT,2786,200,8
1760124461995,TEXT,2786,200,8
1760124461995,LEAVE,2786,200,8
1760124461995,TEXT,2786,200,8
1760124461995,TEXT,2786,200,8
1760124461995,TEXT,2785,200,8
1760124461995,JOIN,2785,200,8
1760124461995,TEXT,2785,200,8
1760124461995,TEXT,2785,200,8
1760124461996,TEXT,2785,200,8
1760124461996,TEXT,2785,200,8
1760124461996,TEXT,2785,200,8
1760124461996,TEXT,2785,200,8
1760124461996,TEXT,2785,200,8
1760124461996,TEXT,2785,200,8
1760124461996,TEXT,2785,200,8
1760124461996,TEXT,2785,200,8
1760124461996,TEXT,2785,200,8
1760124461996,TEXT,2785,200,8
1760124461996,TEXT,2784,200,8
1760124461996,TEXT,2784,200,8
1760124461996,TEXT,2784,200,8
1760124461996,TEXT,2784,200,8
1760124461996,TEXT,2784,200,8
1760124461997,TEXT,2784,200,8
1760124461997,TEXT,2784,200,8
1760124461997,TEXT,2784,200,8
1760124461997,TEXT,2784,200,8
1760124461997,TEXT,2784,200,8
1760124461997,TEXT,2784,200,8
1760124461997,TEXT,2784,200,8
1760124461997,TEXT,2784,200,8
1760124461997,TEXT,2784,200,8
1760124461997,TEXT,2784,200,8
1760124461997,TEXT,2784,200,8
1760124461997,JOIN,2784,200,8
1760124461997,JOIN,2784,200,8
1760124461991,LEAVE,2794,200,13
1760124461991,TEXT,2794,200,13
1760124461991,TEXT,2794,200,13
1760124461991,TEXT,2794,200,13
1760124461991,TEXT,2794,200,13
1760124461991,TEXT,2794,200,13
1760124461992,TEXT,2794,200,13
1760124461992,TEXT,2794,200,13
1760124461992,TEXT,2794,200,13
1760124461992,TEXT,2794,200,13
1760124461992,TEXT,2794,200,13
1760124461992,TEXT,2794,200,13
1760124461992,TEXT,2794,200,13
1760124461992,TEXT,2794,200,13
1760124461992,TEXT,2793,200,13
1760124461992,TEXT,2793,200,13
1760124461992,TEXT,2793,200,13
1760124461992,TEXT,2793,200,13
1760124461992,TEXT,2793,200,13
1760124461992,TEXT,2793,200,13
1760124461992,TEXT,2793,200,13
1760124461992,LEAVE,2793,200,13
1760124461993,TEXT,2793,200,13
1760124461993,TEXT,2793,200,13
1760124461993,TEXT,2792,200,13
1760124461993,TEXT,2792,200,13
1760124461993,TEXT,2792,200,13
1760124461993,TEXT,2792,200,13
1760124461993,TEXT,2792,200,13
1760124461993,TEXT,2792,200,13
1760124461993,TEXT,2792,200,13
1760124461994,TEXT,2791,200,13
1760124461994,TEXT,2791,200,13
1760124461995,TEXT,2791,200,13
1760124461995,TEXT,2791,200,13
1760124461995,TEXT,2790,200,13
1760124461995,TEXT,2790,200,13
1760124461995,TEXT,2790,200,13
1760124461995,TEXT,2790,200,13
1760124461995,TEXT,2790,200,13
1760124461995,TEXT,2790,200,13
1760124461995,TEXT,2790,200,13
1760124461995,TEXT,2790,200,13
1760124461995,TEXT,2790,200,13
1760124461995,TEXT,2790,200,13
1760124461995,TEXT,2790,200,13
1760124461995,TEXT,2790,200,13
1760124461996,TEXT,2790,200,13
1760124461996,TEXT,2789,200,13
1760124461996,TEXT,2789,200,13
1760124461996,TEXT,2789,200,13
1760124461996,TEXT,2789,200,13
1760124461996,TEXT,2789,200,13
1760124461996,TEXT,2789,200,13
1760124461996,TEXT,2789,200,13
1760124461996,TEXT,2789,200,13
1760124461997,TEXT,2789,200,13
1760124461997,TEXT,2789,200,13
1760124461997,TEXT,2789,200,13
1760124461997,TEXT,2789,200,13
1760124461997,TEXT,2788,200,13
1760124461997,TEXT,2788,200,13
1760124461997,TEXT,2788,200,13
1760124461997,TEXT,2788,200,13
1760124461997,TEXT,2788,200,13
1760124461997,TEXT,2788,200,13
1760124461997,TEXT,2788,200,13
1760124461997,TEXT,2788,200,13
1760124461997,TEXT,2788,200,13
1760124461997,TEXT,2788,200,13
1760124461997,TEXT,2788,200,13
1760124461997,TEXT,2788,200,13
1760124461997,TEXT,2788,200,13
1760124461998,TEXT,2788,200,13
1760124461998,TEXT,2788,200,13
1760124461998,TEXT,2788,200,13
1760124461998,TEXT,2787,200,13
1760124461998,TEXT,2787,200,13
1760124461998,TEXT,2787,200,13
1760124461998,TEXT,2787,200,13
1760124461998,LEAVE,2787,200,13
1760124461998,TEXT,2787,200,13
1760124461999,TEXT,2787,200,13
1760124461999,TEXT,2787,200,13
1760124461999,TEXT,2786,200,13
1760124461999,TEXT,2786,200,13
1760124461995,TEXT,2790,200,3
1760124461995,TEXT,2790,200,3
1760124461995,TEXT,2790,200,3
1760124461995,TEXT,2790,200,3
1760124461995,TEXT,2790,200,3
1760124461995,TEXT,2790,200,3
1760124461995,TEXT,2790,200,3
1760124461996,TEXT,2790,200,3
1760124461996,TEXT,2790,200,3
1760124461996,TEXT,2790,200,3
1760124461996,TEXT,2790,200,3
1760124461996,TEXT,2790,200,3
1760124461996,TEXT,2789,200,3
1760124461996,TEXT,2789,200,3
1760124461996,TEXT,2789,200,3
1760124461996,TEXT,2789,200,3
1760124461996,TEXT,2789,200,3
1760124461996,TEXT,2789,200,3
1760124461996,TEXT,2789,200,3
1760124461996,TEXT,2789,200,3
1760124461996,TEXT,2789,200,3
1760124461997,TEXT,2789,200,3
1760124461997,TEXT,2789,200,3
1760124461997,TEXT,2789,200,3
1760124461997,TEXT,2789,200,3
1760124461997,TEXT,2789,200,3
1760124461997,TEXT,2789,200,3
1760124461997,TEXT,2788,200,3
1760124461997,TEXT,2788,200,3
1760124461997,TEXT,2788,200,3
1760124461998,TEXT,2788,200,3
1760124461998,TEXT,2788,200,3
1760124461998,TEXT,2788,200,3
1760124461999,TEXT,2787,200,3
1760124461999,TEXT,2787,200,3
1760124461999,TEXT,2787,200,3
1760124461999,TEXT,2787,200,3
1760124461999,TEXT,2787,200,3
1760124461999,TEXT,2787,200,3
1760124461999,TEXT,2786,200,3
1760124461999,LEAVE,2786,200,3
1760124461999,TEXT,2786,200,3
1760124462000,TEXT,2786,200,3
1760124462000,TEXT,2786,200,3
1760124462000,TEXT,2786,200,3
1760124462000,TEXT,2786,200,3
1760124462000,TEXT,2786,200,3
1760124462000,TEXT,2786,200,3
1760124462000,TEXT,2786,200,3
1760124462000,TEXT,2785,200,3
1760124462000,TEXT,2785,200,3
1760124462000,TEXT,2785,200,3
1760124462000,TEXT,2785,200,3
1760124462000,TEXT,2785,200,3
1760124462000,TEXT,2785,200,3
1760124462000,TEXT,2785,200,3
1760124462001,TEXT,2785,200,3
1760124462001,TEXT,2785,200,3
1760124462001,TEXT,2785,200,3
1760124462001,TEXT,2785,200,3
1760124462001,TEXT,2785,200,3
1760124462001,TEXT,2785,200,3
1760124462001,TEXT,2785,200,3
1760124462001,TEXT,2785,200,3
1760124462001,TEXT,2785,200,3
1760124462001,TEXT,2785,200,3
1760124462001,TEXT,2785,200,3
1760124462001,LEAVE,2784,200,3
1760124462001,TEXT,2784,200,3
1760124462001,TEXT,2784,200,3
1760124462001,TEXT,2784,200,3
1760124462001,JOIN,2784,200,3
1760124462001,LEAVE,2784,200,3
1760124462002,TEXT,2784,200,3
1760124462002,TEXT,2784,200,3
1760124462002,TEXT,2784,200,3
1760124462002,TEXT,2784,200,3
1760124462002,TEXT,2784,200,3
1760124462002,TEXT,2784,200,3
1760124462002,TEXT,2784,200,3
1760124462002,TEXT,2783,200,3
1760124462002,TEXT,2783,200,3
1760124462002,TEXT,2783,200,3
1760124462002,TEXT,2783,200,3
1760124462003,TEXT,2783,200,3
1760124462003,TEXT,2783,200,3
1760124462003,TEXT,2783,200,3
1760124462003,TEXT,2783,200,3
1760124462003,TEXT,2783,200,3
1760124462003,TEXT,2783,200,3
1760124462003,TEXT,2783,200,3
1760124462003,TEXT,2782,200,3
1760124462003,TEXT,2782,200,3
1760124461999,TEXT,2788,200,13
1760124461999,TEXT,2788,200,13
1760124461999,TEXT,2788,200,13
1760124461999,TEXT,2788,200,13
1760124461999,TEXT,2788,200,13
1760124461999,TEXT,2787,200,13
1760124461997,TEXT,2810,200,11
1760124461997,TEXT,2810,200,11
1760124461997,TEXT,2810,200,11
1760124461997,TEXT,2810,200,11
1760124461997,TEXT,2810,200,11
1760124461998,TEXT,2810,200,11
1760124461998,TEXT,2810,200,11
1760124461998,TEXT,2810,200,11
1760124461998,TEXT,2810,200,11
1760124461998,TEXT,2810,200,11
1760124461998,TEXT,2809,200,11
1760124461998,TEXT,2809,200,11
1760124461998,TEXT,2809,200,11
1760124461998,TEXT,2809,200,11
1760124461998,JOIN,2809,200,11
1760124461998,TEXT,2809,200,11
1760124461998,TEXT,2809,200,11
1760124461998,TEXT,2809,200,11
1760124461999,TEXT,2809,200,11
1760124461999,TEXT,2809,200,11
1760124461999,TEXT,2809,200,11
1760124461999,JOIN,2809,200,11
1760124461999,TEXT,2808,200,11
1760124461999,TEXT,2808,200,11
1760124461999,TEXT,2808,200,11
1760124461999,TEXT,2808,200,11
1760124461999,LEAVE,2808,200,11
1760124461999,TEXT,2808,200,11
1760124461999,TEXT,2808,200,11
1760124461999,LEAVE,2808,200,11
1760124462000,JOIN,2808,200,11
1760124462000,TEXT,2808,200,11
1760124462000,TEXT,2808,200,11
1760124462000,TEXT,2808,200,11
1760124462000,JOIN,2808,200,11
1760124462000,TEXT,2807,200,11
1760124462000,TEXT,2807,200,11
1760124462000,TEXT,2807,200,11
1760124462001,TEXT,2807,200,11
1760124462001,TEXT,2807,200,11
1760124462001,TEXT,2807,200,11
1760124462001,JOIN,2806,200,11
1760124462001,TEXT,2806,200,11
1760124462001,TEXT,2806,200,11
1760124462001,TEXT,2806,200,11
1760124462001,LEAVE,2806,200,11
1760124462002,TEXT,2806,200,11
1760124462002,TEXT,2806,200,11
1760124462002,TEXT,2806,200,11
1760124462002,TEXT,2806,200,11
1760124462002,TEXT,2805,200,11
1760124462002,TEXT,2805,200,11
1760124462002,TEXT,2805,200,11
1760124462002,TEXT,2805,200,11
1760124462002,TEXT,2805,200,11
1760124462002,LEAVE,2805,200,11
1760124462002,TEXT,2805,200,11
1760124462002,TEXT,2805,200,11
1760124462002,TEXT,2805,200,11
1760124462003,TEXT,2805,200,11
1760124462003,TEXT,2805,200,11
1760124462003,TEXT,2805,200,11
1760124462003,TEXT,2804,200,11
1760124462003,TEXT,2804,200,11
1760124462003,TEXT,2804,200,11
1760124462003,TEXT,2804,200,11
1760124462003,TEXT,2804,200,11
1760124462003,TEXT,2804,200,11
1760124462003,TEXT,2804,200,11
1760124462003,TEXT,2804,200,11
1760124462003,TEXT,2804,200,11
1760124462003,TEXT,2804,200,11
1760124462003,TEXT,2804,200,11
1760124462003,TEXT,2804,200,11
1760124462004,TEXT,2804,200,11
1760124462004,TEXT,2804,200,11
1760124462004,TEXT,2804,200,11
1760124462004,TEXT,2803,200,11
1760124462004,JOIN,2803,200,11
1760124462004,TEXT,2803,200,11
1760124462004,TEXT,2803,200,11
1760124462004,TEXT,2803,200,11
1760124462004,TEXT,2803,200,11
1760124462004,TEXT,2803,200,11
1760124462004,TEXT,2803,200,11
1760124462004,TEXT,2803,200,11
1760124462005,TEXT,2803,200,11
1760124462005,TEXT,2803,200,11
1760124462005,TEXT,2803,200,11
1760124462005,TEXT,2803,200,11
1760124462005,TEXT,2803,200,11
1760124462005,TEXT,2803,200,11
1760124462005,JOIN,2802,200,11
1760124462005,TEXT,2802,200,11
1760124462005,TEXT,2802,200,11
1760124462005,TEXT,2802,200,11
1760124461991,TEXT,2849,200,16
1760124461991,TEXT,2848,200,16
1760124461991,LEAVE,2848,200,16
1760124461991,TEXT,2848,200,16
1760124461991,JOIN,2848,200,16
1760124461991,JOIN,2848,200,16
1760124461992,JOIN,2848,200,16
1760124461992,TEXT,2848,200,16
1760124461992,TEXT,2848,200,16
1760124461992,LEAVE,2847,200,16
1760124461992,TEXT,2847,200,16
1760124461992,TEXT,2847,200,16
1760124461992,TEXT,2847,200,16
1760124461992,TEXT,2847,200,16
1760124461993,TEXT,2847,200,16
1760124461993,TEXT,2847,200,16
1760124461993,TEXT,2847,200,16
1760124461993,LEAVE,2847,200,16
1760124461993,TEXT,2847,200,16
1760124461993,TEXT,2847,200,16
1760124461993,TEXT,2847,200,16
1760124461993,LEAVE,2847,200,16
1760124461993,JOIN,2847,200,16
1760124461993,TEXT,2847,200,16
1760124461993,TEXT,2847,200,16
1760124461993,TEXT,2847,200,16
1760124461993,JOIN,2846,200,16
1760124461993,TEXT,2846,200,16
1760124461993,TEXT,2846,200,16
1760124461993,TEXT,2846,200,16
1760124461994,TEXT,2846,200,16
1760124461994,TEXT,2846,200,16
1760124461994,TEXT,2846,200,16
1760124461994,TEXT,2846,200,16
1760124461994,TEXT,2845,200,16
1760124461994,TEXT,2845,200,16
1760124461995,TEXT,2845,200,16
1760124461995,TEXT,2845,200,16
1760124461995,TEXT,2845,200,16
1760124461995,TEXT,2845,200,16
1760124461995,TEXT,2845,200,16
1760124461995,TEXT,2845,200,16
1760124461995,TEXT,2845,200,16
1760124461995,LEAVE,2844,200,16
1760124461995,TEXT,2844,200,16
1760124461995,TEXT,2844,200,16
1760124461995,TEXT,2844,200,16
1760124461995,LEAVE,2844,200,16
1760124461995,TEXT,2844,200,16
1760124461995,TEXT,2844,200,16
1760124461996,LEAVE,2844,200,16
1760124461996,TEXT,2844,200,16
1760124461996,TEXT,2844,200,16
1760124461996,TEXT,2844,200,16
1760124461996,TEXT,2844,200,16
1760124461996,TEXT,2844,200,16
1760124461996,TEXT,2844,200,16
1760124461996,TEXT,2844,200,16
1760124461996,TEXT,2844,200,16
1760124461996,TEXT,2843,200,16
1760124461996,TEXT,2843,200,16
1760124461996,TEXT,2843,200,16
1760124461997,TEXT,2843,200,16
1760124461997,TEXT,2843,200,16
1760124461997,TEXT,2843,200,16
1760124461997,TEXT,2843,200,16
1760124461997,TEXT,2843,200,16
1760124461997,TEXT,2842,200,16
1760124461997,TEXT,2842,200,16
1760124461997,TEXT,2842,200,16
1760124461997,TEXT,2842,200,16
1760124461998,TEXT,2842,200,16
1760124461998,TEXT,2842,200,16
1760124461998,TEXT,2842,200,16
1760124461998,TEXT,2842,200,16
1760124461998,TEXT,2842,200,16
1760124461998,TEXT,2842,200,16
1760124461998,TEXT,2842,200,16
1760124461998,TEXT,2842,200,16
1760124461998,TEXT,2842,200,16
1760124461998,TEXT,2842,200,16
1760124461998,TEXT,2842,200,16
1760124461998,JOIN,2842,200,16
1760124461998,TEXT,2841,200,16
1760124461998,TEXT,2841,200,16
1760124461999,JOIN,2841,200,16
1760124461999,TEXT,2841,200,16
1760124461999,TEXT,2841,200,16
1760124461999,TEXT,2841,200,16
1760124461999,TEXT,2841,200,16
1760124461999,TEXT,2841,200,16
1760124461999,TEXT,2841,200,16
1760124461999,TEXT,2841,200,16
1760124461999,TEXT,2841,200,16
1760124461991,TEXT,2867,200,1
1760124461991,LEAVE,2867,200,1
1760124461991,TEXT,2867,200,1
1760124461991,TEXT,2867,200,1
1760124461991,LEAVE,2866,200,1
1760124461991,TEXT,2866,200,1
1760124461991,TEXT,2866,200,1
1760124461992,TEXT,2866,200,1
1760124461992,TEXT,2866,200,1
1760124461992,TEXT,2866,200,1
1760124461992,TEXT,2866,200,1
1760124461992,TEXT,2866,200,1
1760124461992,TEXT,2866,200,1
1760124461992,TEXT,2866,200,1
1760124461992,TEXT,2866,200,1
1760124461992,TEXT,2866,200,1
1760124461992,TEXT,2866,200,1
1760124461992,TEXT,2866,200,1
1760124461992,TEXT,2866,200,1
1760124461992,TEXT,2865,200,1
1760124461992,TEXT,2865,200,1
1760124461992,TEXT,2865,200,1
1760124461993,TEXT,2865,200,1
1760124461993,TEXT,2865,200,1
1760124461993,TEXT,2865,200,1
1760124461993,TEXT,2865,200,1
1760124461993,TEXT,2865,200,1
1760124461993,TEXT,2864,200,1
1760124461993,TEXT,2864,200,1
1760124461993,TEXT,2864,200,1
1760124461994,JOIN,2864,200,1
1760124461994,TEXT,2864,200,1
1760124461994,TEXT,2864,200,1
1760124461994,TEXT,2864,200,1
1760124461994,TEXT,2864,200,1
1760124461994,TEXT,2864,200,1
1760124461994,TEXT,2863,200,1
1760124461995,JOIN,2863,200,1
1760124461995,LEAVE,2863,200,1
1760124461995,TEXT,2863,200,1
1760124461995,TEXT,2863,200,1
1760124461995,TEXT,2863,200,1
1760124461995,TEXT,2863,200,1
1760124461995,TEXT,2863,200,1
1760124461995,LEAVE,2863,200,1
1760124461995,TEXT,2863,200,1
1760124461995,TEXT,2863,200,1
1760124461995,TEXT,2863,200,1
1760124461995,TEXT,2863,200,1
1760124461995,TEXT,2863,200,1
1760124461995,TEXT,2862,200,1
1760124461995,TEXT,2862,200,1
1760124461996,TEXT,2862,200,1
1760124461996,TEXT,2862,200,1
1760124461996,TEXT,2862,200,1
1760124461996,TEXT,2862,200,1
1760124461996,TEXT,2862,200,1
1760124461996,TEXT,2862,200,1
1760124461996,JOIN,2862,200,1
1760124461996,TEXT,2861,200,1
1760124461996,TEXT,2861,200,1
1760124461996,LEAVE,2861,200,1
1760124461997,TEXT,2861,200,1
1760124461997,TEXT,2861,200,1
1760124461997,TEXT,2861,200,1
1760124461997,TEXT,2861,200,1
1760124461997,TEXT,2861,200,1
1760124461997,TEXT,2861,200,1
1760124461997,TEXT,2861,200,1
1760124461997,TEXT,2861,200,1
1760124461997,TEXT,2861,200,1
1760124461997,TEXT,2861,200,1
1760124461997,TEXT,2861,200,1
1760124461997,TEXT,2861,200,1
1760124461997,TEXT,2861,200,1
1760124461997,JOIN,2860,200,1
1760124461997,TEXT,2860,200,1
1760124461997,TEXT,2860,200,1
1760124461998,TEXT,2860,200,1
1760124461998,TEXT,2860,200,1
1760124461998,TEXT,2860,200,1
1760124461999,TEXT,2859,200,1
1760124461999,TEXT,2859,200,1
1760124461999,TEXT,2859,200,1
1760124461999,TEXT,2859,200,1
1760124461999,TEXT,2859,200,1
1760124461999,TEXT,2859,200,1
1760124461999,TEXT,2859,200,1
1760124461999,TEXT,2859,200,1
1760124461999,TEXT,2859,200,1
1760124461999,TEXT,2859,200,1
1760124461999,TEXT,2859,200,1
1760124461999,TEXT,2859,200,1
1760124462000,TEXT,2859,200,1
1760124462000,TEXT,2858,200,1
1760124462000,TEXT,2858,200,1
1760124462000,TEXT,2858,200,1
1760124461995,TEXT,2908,200,12
1760124461996,TEXT,2908,200,12
1760124461996,LEAVE,2908,200,12
1760124461996,TEXT,2908,200,12
1760124461996,TEXT,2908,200,12
1760124461996,TEXT,2908,200,12
1760124461996,TEXT,2908,200,12
1760124461996,TEXT,2907,200,12
1760124461996,TEXT,2907,200,12
1760124461996,TEXT,2907,200,12
1760124461997,TEXT,2907,200,12
1760124461997,TEXT,2907,200,12
1760124461997,TEXT,2907,200,12
1760124461997,TEXT,2907,200,12
1760124461997,TEXT,2906,200,12
1760124461997,TEXT,2906,200,12
1760124461997,TEXT,2906,200,12
1760124461997,TEXT,2906,200,12
1760124461997,JOIN,2906,200,12
1760124461997,TEXT,2906,200,12
1760124461997,LEAVE,2906,200,12
1760124461998,TEXT,2906,200,12
1760124461998,TEXT,2906,200,12
1760124461998,TEXT,2906,200,12
1760124461998,TEXT,2906,200,12
1760124461998,TEXT,2905,200,12
1760124461999,TEXT,2905,200,12
1760124461999,TEXT,2905,200,12
1760124461999,TEXT,2905,200,12
1760124461999,TEXT,2905,200,12
1760124461999,TEXT,2905,200,12
1760124461999,TEXT,2905,200,12
1760124461999,TEXT,2904,200,12
1760124461999,TEXT,2904,200,12
1760124462000,TEXT,2904,200,12
1760124462000,TEXT,2904,200,12
1760124462000,TEXT,2904,200,12
1760124462000,TEXT,2904,200,12
1760124462000,TEXT,2904,200,12
1760124462000,TEXT,2904,200,12
1760124462000,TEXT,2904,200,12
1760124462000,TEXT,2903,200,12
1760124462000,TEXT,2903,200,12
1760124462000,TEXT,2903,200,12
1760124462000,TEXT,2903,200,12
1760124462000,TEXT,2903,200,12
1760124462000,TEXT,2903,200,12
1760124462000,TEXT,2903,200,12
1760124462001,TEXT,2903,200,12
1760124462001,TEXT,2903,200,12
1760124462001,TEXT,2903,200,12
1760124462001,TEXT,2903,200,12
1760124462001,TEXT,2903,200,12
1760124462001,TEXT,2902,200,12
1760124462001,TEXT,2902,200,12
1760124462001,TEXT,2902,200,12
1760124462001,TEXT,2902,200,12
1760124462001,TEXT,2902,200,12
1760124462001,TEXT,2902,200,12
1760124462001,LEAVE,2902,200,12
1760124462002,TEXT,2902,200,12
1760124462002,TEXT,2902,200,12
1760124462002,TEXT,2902,200,12
1760124462002,JOIN,2902,200,12
1760124462002,TEXT,2902,200,12
1760124462002,TEXT,2902,200,12
1760124462002,TEXT,2902,200,12
1760124462002,TEXT,2902,200,12
1760124462002,TEXT,2902,200,12
1760124462002,TEXT,2902,200,12
1760124462002,TEXT,2901,200,12
1760124462003,TEXT,2901,200,12
1760124462003,TEXT,2901,200,12
1760124462003,TEXT,2901,200,12
1760124462003,TEXT,2901,200,12
1760124462003,TEXT,2901,200,12
1760124462003,TEXT,2901,200,12
1760124462003,TEXT,2901,200,12
1760124462003,TEXT,2901,200,12
1760124462003,TEXT,2901,200,12
1760124462003,JOIN,2901,200,12
1760124462003,TEXT,2900,200,12
1760124462003,TEXT,2900,200,12
1760124462003,LEAVE,2900,200,12
1760124462003,TEXT,2900,200,12
1760124462003,TEXT,2900,200,12
1760124462004,TEXT,2900,200,12
1760124462004,TEXT,2900,200,12
1760124462004,TEXT,2900,200,12
1760124462004,TEXT,2900,200,12
1760124462004,TEXT,2900,200,12
1760124462004,TEXT,2900,200,12
1760124462004,TEXT,2900,200,12
1760124462004,TEXT,2900,200,12
1760124462004,TEXT,2900,200,12
1760124462004,TEXT,2899,200,12
1760124461989,TEXT,2926,200,14
1760124461989,TEXT,2926,200,14
1760124461989,TEXT,2926,200,14
1760124461989,TEXT,2926,200,14
1760124461989,TEXT,2926,200,14
1760124461989,TEXT,2926,200,14
1760124461989,TEXT,2926,200,14
1760124461989,TEXT,2926,200,14
1760124461989,TEXT,2926,200,14
1760124461989,TEXT,2926,200,14
1760124461989,JOIN,2926,200,14
1760124461989,TEXT,2926,200,14
1760124461989,TEXT,2926,200,14
1760124461989,TEXT,2926,200,14
1760124461989,TEXT,2926,200,14
1760124461989,JOIN,2926,200,14
1760124461989,TEXT,2926,200,14
1760124461989,TEXT,2926,200,14
1760124461990,TEXT,2926,200,14
1760124461990,LEAVE,2926,200,14
1760124461990,TEXT,2925,200,14
1760124461990,TEXT,2925,200,14
1760124461990,TEXT,2925,200,14
1760124461990,TEXT,2925,200,14
1760124461990,JOIN,2925,200,14
1760124461990,TEXT,2925,200,14
1760124461990,TEXT,2925,200,14
1760124461990,TEXT,2925,200,14
1760124461990,TEXT,2925,200,14
1760124461991,TEXT,2925,200,14
1760124461991,TEXT,2925,200,14
1760124461991,TEXT,2925,200,14
1760124461991,TEXT,2925,200,14
1760124461991,JOIN,2925,200,14
1760124461991,TEXT,2925,200,14
1760124461991,TEXT,2924,200,14
1760124461991,TEXT,2924,200,14
1760124461991,TEXT,2924,200,14
1760124461991,TEXT,2924,200,14
1760124461991,TEXT,2924,200,14
1760124461991,TEXT,2924,200,14
1760124461991,TEXT,2924,200,14
1760124461991,TEXT,2924,200,14
1760124461992,TEXT,2924,200,14
1760124461992,TEXT,2924,200,14
1760124461992,TEXT,2923,200,14
1760124461992,TEXT,2923,200,14
1760124461992,JOIN,2923,200,14
1760124461992,TEXT,2923,200,14
1760124461992,TEXT,2923,200,14
1760124461992,TEXT,2923,200,14
1760124461992,TEXT,2923,200,14
1760124461992,TEXT,2923,200,14
1760124461993,TEXT,2923,200,14
1760124461993,TEXT,2923,200,14
1760124461993,TEXT,2923,200,14
1760124461993,TEXT,2922,200,14
1760124461993,TEXT,2922,200,14
1760124461993,TEXT,2922,200,14
1760124461993,TEXT,2922,200,14
1760124461993,TEXT,2922,200,14
1760124461993,TEXT,2922,200,14
1760124461994,TEXT,2922,200,14
1760124461994,JOIN,2922,200,14
1760124461994,TEXT,2922,200,14
1760124461994,TEXT,2922,200,14
1760124461994,TEXT,2922,200,14
1760124461994,TEXT,2921,200,14
1760124461994,TEXT,2921,200,14
1760124461994,TEXT,2921,200,14
1760124461994,TEXT,2921,200,14
1760124461994,TEXT,2921,200,14
1760124461994,TEXT,2921,200,14
1760124461995,TEXT,2921,200,14
1760124461995,TEXT,2920,200,14
1760124461995,TEXT,2920,200,14
1760124461995,TEXT,2920,200,14
1760124461995,JOIN,2920,200,14
1760124461995,TEXT,2920,200,14
1760124461995,TEXT,2920,200,14
1760124461995,TEXT,2920,200,14
1760124461995,TEXT,2920,200,14
1760124461995,TEXT,2920,200,14
1760124461995,TEXT,2920,200,14
1760124461995,TEXT,2920,200,14
1760124461995,TEXT,2920,200,14
1760124461996,TEXT,2920,200,14
1760124461996,TEXT,2920,200,14
1760124461996,TEXT,2920,200,14
1760124461996,TEXT,2920,200,14
1760124461996,TEXT,2919,200,14
1760124461996,TEXT,2919,200,14
1760124461996,TEXT,2919,200,14
1760124461996,JOIN,2919,200,14
1760124461992,TEXT,2940,200,17
1760124461992,TEXT,2940,200,17
1760124461992,TEXT,2940,200,17
1760124461992,TEXT,2940,200,17
1760124461992,TEXT,2940,200,17
1760124461992,TEXT,2940,200,17
1760124461992,TEXT,2940,200,17
1760124461992,JOIN,2940,200,17
1760124461992,TEXT,2940,200,17
1760124461992,TEXT,2940,200,17
1760124461992,LEAVE,2940,200,17
1760124461992,TEXT,2940,200,17
1760124461992,JOIN,2940,200,17
1760124461993,TEXT,2940,200,17
1760124461993,TEXT,2940,200,17
1760124461993,TEXT,2940,200,17
1760124461993,TEXT,2940,200,17
1760124461993,TEXT,2939,200,17
1760124461993,TEXT,2939,200,17
1760124461993,JOIN,2939,200,17
1760124461993,TEXT,2939,200,17
1760124461993,TEXT,2939,200,17
1760124461993,TEXT,2939,200,17
1760124461993,JOIN,2939,200,17
1760124461994,TEXT,2939,200,17
1760124461994,JOIN,2938,200,17
1760124461994,TEXT,2938,200,17
1760124461994,TEXT,2938,200,17
1760124461994,TEXT,2938,200,17
1760124461994,TEXT,2938,200,17
1760124461995,TEXT,2938,200,17
1760124461995,LEAVE,2938,200,17
1760124461995,TEXT,2938,200,17
1760124461995,TEXT,2938,200,17
1760124461995,JOIN,2938,200,17
1760124461995,TEXT,2938,200,17
1760124461995,TEXT,2938,200,17
1760124461995,TEXT,2937,200,17
1760124461995,LEAVE,2937,200,17
1760124461995,LEAVE,2937,200,17
1760124461995,TEXT,2937,200,17
1760124461996,TEXT,2937,200,17
1760124461996,TEXT,2937,200,17
1760124461996,TEXT,2937,200,17
1760124461996,TEXT,2937,200,17
1760124461996,LEAVE,2936,200,17
1760124461996,TEXT,2936,200,17
1760124461996,TEXT,2936,200,17
1760124461996,TEXT,2936,200,17
1760124461996,TEXT,2936,200,17
1760124461996,TEXT,2936,200,17
1760124461996,TEXT,2936,200,17
1760124461996,TEXT,2936,200,17
1760124461997,TEXT,2936,200,17
1760124461997,TEXT,2936,200,17
1760124461997,TEXT,2936,200,17
1760124461997,TEXT,2936,200,17
1760124461997,TEXT,2936,200,17
1760124461997,TEXT,2936,200,17
1760124461997,TEXT,2936,200,17
1760124461997,TEXT,2935,200,17
1760124461997,TEXT,2935,200,17
1760124461997,TEXT,2935,200,17
1760124461997,TEXT,2935,200,17
1760124461997,TEXT,2935,200,17
1760124461997,TEXT,2935,200,17
1760124461997,TEXT,2935,200,17
1760124461997,JOIN,2935,200,17
1760124461997,TEXT,2935,200,17
1760124461998,TEXT,2935,200,17
1760124461998,TEXT,2935,200,17
1760124461998,TEXT,2935,200,17
1760124461998,TEXT,2935,200,17
1760124461998,TEXT,2935,200,17
1760124461998,TEXT,2935,200,17
1760124461998,TEXT,2935,200,17
1760124461998,TEXT,2935,200,17
1760124461998,JOIN,2935,200,17
1760124461998,TEXT,2935,200,17
1760124461999,TEXT,2934,200,17
1760124461999,TEXT,2934,200,17
1760124461999,TEXT,2934,200,17
1760124461999,TEXT,2933,200,17
1760124461999,JOIN,2933,200,17
1760124461999,TEXT,2933,200,17
1760124461999,TEXT,2933,200,17
1760124461999,TEXT,2933,200,17
1760124462000,TEXT,2933,200,17
1760124462000,TEXT,2933,200,17
1760124462000,TEXT,2933,200,17
1760124462000,TEXT,2933,200,17
1760124462000,JOIN,2933,200,17
1760124462000,TEXT,2933,200,17
1760124462000,TEXT,2933,200,17
1760124462000,LEAVE,2933,200,17
1760124462000,TEXT,2933,200,17
1760124461997,TEXT,2940,200,19
1760124461997,TEXT,2940,200,19
1760124461997,JOIN,2940,200,19
1760124461997,TEXT,2940,200,19
1760124461997,TEXT,2940,200,19
1760124461997,TEXT,2940,200,19
1760124461997,TEXT,2939,200,19
1760124461997,TEXT,2939,200,19
1760124461997,TEXT,2939,200,19
1760124461998,TEXT,2939,200,19
1760124461998,LEAVE,2939,200,19
1760124461998,JOIN,2939,200,19
1760124461998,TEXT,2939,200,19
1760124461998,TEXT,2939,200,19
1760124461998,TEXT,2939,200,19
1760124461998,TEXT,2939,200,19
1760124461998,TEXT,2939,200,19
1760124461998,TEXT,2938,200,19
1760124461999,JOIN,2938,200,19
1760124461999,TEXT,2938,200,19
1760124461999,TEXT,2938,200,19
1760124461999,TEXT,2937,200,19
1760124461999,JOIN,2937,200,19
1760124461999,LEAVE,2937,200,19
1760124461999,TEXT,2937,200,19
1760124462000,TEXT,2937,200,19
1760124462000,TEXT,2937,200,19
1760124462000,TEXT,2937,200,19
1760124462000,TEXT,2937,200,19
1760124462000,TEXT,2936,200,19
1760124462000,TEXT,2936,200,19
1760124462000,LEAVE,2936,200,19
1760124462001,JOIN,2936,200,19
1760124462001,TEXT,2936,200,19
1760124462001,TEXT,2936,200,19
1760124462001,TEXT,2936,200,19
1760124462001,TEXT,2936,200,19
1760124462001,TEXT,2936,200,19
1760124462001,TEXT,2936,200,19
1760124462001,JOIN,2936,200,19
1760124462001,TEXT,2936,200,19
1760124462001,TEXT,2936,200,19
1760124462001,TEXT,2935,200,19
1760124462001,TEXT,2935,200,19
1760124462002,TEXT,2935,200,19
1760124462002,TEXT,2935,200,19
1760124462002,JOIN,2935,200,19
1760124462002,TEXT,2935,200,19
1760124462002,TEXT,2935,200,19
1760124462002,TEXT,2935,200,19
1760124462002,TEXT,2935,200,19
1760124462002,TEXT,2935,200,19
1760124462002,TEXT,2935,200,19
1760124462002,TEXT,2935,200,19
1760124462002,TEXT,2935,200,19
1760124462002,TEXT,2935,200,19
1760124462002,TEXT,2935,200,19
1760124462002,TEXT,2934,200,19
1760124462002,LEAVE,2934,200,19
1760124462003,TEXT,2934,200,19
1760124462003,JOIN,2934,200,19
1760124462003,TEXT,2934,200,19
1760124462003,TEXT,2934,200,19
1760124462003,TEXT,2934,200,19
1760124462003,JOIN,2934,200,19
1760124462003,TEXT,2934,200,19
1760124462003,LEAVE,2934,200,19
1760124462003,TEXT,2933,200,19
1760124462003,TEXT,2933,200,19
1760124462003,TEXT,2933,200,19
1760124462004,TEXT,2933,200,19
1760124462004,TEXT,2933,200,19
1760124462004,TEXT,2933,200,19
1760124462004,TEXT,2933,200,19
1760124462004,TEXT,2933,200,19
1760124462004,TEXT,2933,200,19
1760124462004,TEXT,2933,200,19
1760124462004,LEAVE,2933,200,19
1760124462004,TEXT,2933,200,19
1760124462004,TEXT,2933,200,19
1760124462004,TEXT,2933,200,19
1760124462004,TEXT,2933,200,19
1760124462004,TEXT,2932,200,19
1760124462004,TEXT,2932,200,19
1760124462005,TEXT,2932,200,19
1760124462005,TEXT,2932,200,19
1760124462005,TEXT,2932,200,19
1760124462005,TEXT,2932,200,19
1760124462005,TEXT,2932,200,19
1760124462005,TEXT,2932,200,19
1760124462005,TEXT,2932,200,19
1760124462005,TEXT,2932,200,19
1760124462005,JOIN,2932,200,19
1760124462006,TEXT,2931,200,19
1760124462006,TEXT,2931,200,19
1760124461990,TEXT,2952,200,9
1760124461990,TEXT,2952,200,9
1760124461990,TEXT,2952,200,9
1760124461990,TEXT,2952,200,9
1760124461990,TEXT,2952,200,9
1760124461990,TEXT,2952,200,9
1760124461990,TEXT,2952,200,9
1760124461991,TEXT,2952,200,9
1760124461991,TEXT,2952,200,9
1760124461991,TEXT,2952,200,9
1760124461991,TEXT,2952,200,9
1760124461991,TEXT,2951,200,9
1760124461991,TEXT,2951,200,9
1760124461991,LEAVE,2951,200,9
1760124461991,TEXT,2951,200,9
1760124461991,TEXT,2951,200,9
1760124461991,LEAVE,2951,200,9
1760124461992,TEXT,2951,200,9
1760124461992,TEXT,2951,200,9
1760124461992,TEXT,2951,200,9
1760124461992,TEXT,2950,200,9
1760124461992,TEXT,2950,200,9
1760124461992,TEXT,2950,200,9
1760124461992,TEXT,2950,200,9
1760124461993,TEXT,2950,200,9
1760124461993,TEXT,2950,200,9
1760124461993,TEXT,2950,200,9
1760124461993,TEXT,2949,200,9
1760124461993,TEXT,2949,200,9
1760124461993,TEXT,2949,200,9
1760124461993,TEXT,2949,200,9
1760124461994,TEXT,2949,200,9
1760124461994,TEXT,2949,200,9
1760124461994,TEXT,2949,200,9
1760124461994,TEXT,2949,200,9
1760124461994,TEXT,2949,200,9
1760124461994,JOIN,2949,200,9
1760124461994,TEXT,2948,200,9
1760124461994,LEAVE,2948,200,9
1760124461994,TEXT,2948,200,9
1760124461994,JOIN,2948,200,9
1760124461995,TEXT,2948,200,9
1760124461995,TEXT,2948,200,9
1760124461995,TEXT,2948,200,9
1760124461995,TEXT,2948,200,9
1760124461995,TEXT,2948,200,9
1760124461995,TEXT,2948,200,9
1760124461995,TEXT,2948,200,9
1760124461995,TEXT,2947,200,9
1760124461995,JOIN,2947,200,9
1760124461995,TEXT,2947,200,9
1760124461995,TEXT,2947,200,9
1760124461995,TEXT,2947,200,9
1760124461995,TEXT,2947,200,9
1760124461995,LEAVE,2947,200,9
1760124461995,TEXT,2947,200,9
1760124461996,TEXT,2947,200,9
1760124461996,TEXT,2947,200,9
1760124461996,JOIN,2947,200,9
1760124461996,TEXT,2947,200,9
1760124461996,JOIN,2947,200,9
1760124461996,TEXT,2947,200,9
1760124461996,TEXT,2946,200,9
1760124461996,TEXT,2946,200,9
1760124461996,TEXT,2946,200,9
1760124461996,TEXT,2946,200,9
1760124461997,TEXT,2946,200,9
1760124461997,TEXT,2946,200,9
1760124461997,JOIN,2946,200,9
1760124461997,TEXT,2946,200,9
1760124461997,TEXT,2946,200,9
1760124461997,TEXT,2946,200,9
1760124461997,TEXT,2946,200,9
1760124461997,TEXT,2946,200,9
1760124461997,TEXT,2946,200,9
1760124461997,TEXT,2946,200,9
1760124461997,TEXT,2946,200,9
1760124461997,LEAVE,2946,200,9
1760124461997,JOIN,2945,200,9
1760124461997,TEXT,2945,200,9
1760124461997,TEXT,2945,200,9
1760124461998,TEXT,2945,200,9
1760124461998,TEXT,2945,200,9
1760124461998,LEAVE,2945,200,9
1760124461998,TEXT,2945,200,9
1760124461998,TEXT,2945,200,9
1760124461998,TEXT,2945,200,9
1760124461998,TEXT,2945,200,9
1760124461998,TEXT,2945,200,9
1760124461998,TEXT,2945,200,9
1760124461998,TEXT,2945,200,9
1760124461998,TEXT,2945,200,9
1760124461998,TEXT,2944,200,9
1760124461999,TEXT,2944,200,9
1760124461987,TEXT,2990,200,10
1760124461987,TEXT,2990,200,10
1760124461987,TEXT,2990,200,10
1760124461987,TEXT,2990,200,10
1760124461987,TEXT,2990,200,10
1760124461988,TEXT,2990,200,10
1760124461988,TEXT,2990,200,10
1760124461988,TEXT,2990,200,10
1760124461988,TEXT,2989,200,10
1760124461988,TEXT,2989,200,10
1760124461988,TEXT,2989,200,10
1760124461988,TEXT,2989,200,10
1760124461988,TEXT,2989,200,10
1760124461989,TEXT,2988,200,10
1760124461989,TEXT,2988,200,10
1760124461989,TEXT,2988,200,10
1760124461989,TEXT,2988,200,10
1760124461989,TEXT,2988,200,10
1760124461989,TEXT,2988,200,10
1760124461989,TEXT,2988,200,10
1760124461989,TEXT,2988,200,10
1760124461989,TEXT,2988,200,10
1760124461989,TEXT,2988,200,10
1760124461989,TEXT,2988,200,10
1760124461989,TEXT,2988,200,10
1760124461989,TEXT,2988,200,10
1760124461989,TEXT,2988,200,10
1760124461989,TEXT,2988,200,10
1760124461989,TEXT,2988,200,10
1760124461989,TEXT,2988,200,10
1760124461989,TEXT,2988,200,10
1760124461989,TEXT,2988,200,10
1760124461989,TEXT,2988,200,10
1760124461989,TEXT,2988,200,10
1760124461989,TEXT,2988,200,10
1760124461989,TEXT,2988,200,10
1760124461990,TEXT,2988,200,10
1760124461990,TEXT,2987,200,10
1760124461990,TEXT,2987,200,10
1760124461990,TEXT,2987,200,10
1760124461990,TEXT,2987,200,10
1760124461990,TEXT,2987,200,10
1760124461990,TEXT,2987,200,10
1760124461990,TEXT,2987,200,10
1760124461990,TEXT,2987,200,10
1760124461990,TEXT,2987,200,10
1760124461990,JOIN,2987,200,10
1760124461990,LEAVE,2987,200,10
1760124461990,TEXT,2987,200,10
1760124461990,TEXT,2987,200,10
1760124461990,TEXT,2987,200,10
1760124461990,TEXT,2987,200,10
1760124461991,TEXT,2987,200,10
1760124461991,TEXT,2987,200,10
1760124461991,TEXT,2987,200,10
1760124461991,TEXT,2987,200,10
1760124461991,LEAVE,2987,200,10
1760124461991,TEXT,2986,200,10
1760124461991,TEXT,2986,200,10
1760124461991,TEXT,2986,200,10
1760124461991,TEXT,2986,200,10
1760124461991,TEXT,2986,200,10
1760124461991,TEXT,2986,200,10
1760124461991,TEXT,2986,200,10
1760124461992,TEXT,2986,200,10
1760124461992,TEXT,2985,200,10
1760124461992,TEXT,2985,200,10
1760124461992,TEXT,2985,200,10
1760124461992,TEXT,2985,200,10
1760124461992,TEXT,2985,200,10
1760124461992,TEXT,2985,200,10
1760124461992,TEXT,2985,200,10
1760124461992,TEXT,2985,200,10
1760124461992,TEXT,2985,200,10
1760124461993,JOIN,2985,200,10
1760124461993,TEXT,2985,200,10
1760124461993,TEXT,2985,200,10
1760124461993,TEXT,2984,200,10
1760124461993,TEXT,2984,200,10
1760124461993,TEXT,2984,200,10
1760124461993,TEXT,2984,200,10
1760124461993,TEXT,2984,200,10
1760124461994,TEXT,2983,200,10
1760124461994,TEXT,2983,200,10
1760124461994,TEXT,2983,200,10
1760124461994,LEAVE,2983,200,10
1760124461994,TEXT,2983,200,10
1760124461994,TEXT,2983,200,10
1760124461995,TEXT,2983,200,10
1760124461995,TEXT,2983,200,10
1760124461995,TEXT,2982,200,10
1760124461995,TEXT,2982,200,10
1760124461995,LEAVE,2982,200,10
1760124461995,LEAVE,2982,200,10
1760124461995,TEXT,2982,200,10
1760124461995,TEXT,2982,200,10
1760124461995,LEAVE,2982,200,10
1760124461995,TEXT,2982,200,10
1760124461995,TEXT,2982,200,10
1760124461995,TEXT,2982,200,10
1760124461995,TEXT,2982,200,10
1760124461995,TEXT,2982,200,10
1760124461995,TEXT,2982,200,10
1760124461995,TEXT,2982,200,10
1760124461995,JOIN,2982,200,10
1760124461995,TEXT,2982,200,10
1760124461995,TEXT,2982,200,10
1760124461995,TEXT,2982,200,10
1760124461995,TEXT,2982,200,10
1760124461996,TEXT,2982,200,10
1760124461996,TEXT,2982,200,10
1760124461996,TEXT,2982,200,10
1760124461996,TEXT,2981,200,10
1760124461996,TEXT,2981,200,10
1760124461996,TEXT,2981,200,10
1760124461996,TEXT,2981,200,10
1760124461996,TEXT,2981,200,10
1760124461996,TEXT,2981,200,10
1760124461996,TEXT,2981,200,10
1760124461996,TEXT,2981,200,10
1760124461997,TEXT,2981,200,10
1760124461997,TEXT,2981,200,10
1760124461997,TEXT,2981,200,10
1760124461997,TEXT,2980,200,10
1760124461997,TEXT,2980,200,10
1760124461997,TEXT,2980,200,10
1760124461997,JOIN,2980,200,10
1760124461997,TEXT,2980,200,10
1760124461997,TEXT,2980,200,10
1760124461997,TEXT,2980,200,10
1760124461997,TEXT,2980,200,10
1760124461997,TEXT,2980,200,10
1760124461998,TEXT,2980,200,10
1760124461998,TEXT,2980,200,10
1760124461998,TEXT,2980,200,10
1760124461998,TEXT,2980,200,10
1760124461998,JOIN,2979,200,10
1760124461998,TEXT,2979,200,10
1760124461998,TEXT,2979,200,10
1760124461998,TEXT,2979,200,10
1760124461998,TEXT,2979,200,10
1760124461998,TEXT,2979,200,10
1760124461998,JOIN,2979,200,10
1760124461999,TEXT,2979,200,10
1760124461999,TEXT,2979,200,10
1760124461999,TEXT,2979,200,10
1760124461999,TEXT,2978,200,10
1760124461999,TEXT,2978,200,10
1760124461999,JOIN,2978,200,10
1760124461999,TEXT,2978,200,10
1760124461999,TEXT,2978,200,10
1760124461999,TEXT,2978,200,10
1760124461999,TEXT,2978,200,10
1760124462000,TEXT,2978,200,10
1760124462000,TEXT,2978,200,10
1760124462000,TEXT,2978,200,10
1760124462000,TEXT,2978,200,10
1760124462000,TEXT,2978,200,10
1760124462000,TEXT,2978,200,10
1760124462000,TEXT,2977,200,10
1760124462000,TEXT,2977,200,10
1760124462000,TEXT,2977,200,10
1760124462000,TEXT,2977,200,10
1760124462000,TEXT,2977,200,10
1760124462000,TEXT,2977,200,10
1760124462000,TEXT,2977,200,10
1760124462000,TEXT,2977,200,10
1760124462000,TEXT,2977,200,10
1760124462001,TEXT,2977,200,10
1760124462001,TEXT,2977,200,10
1760124462001,TEXT,2977,200,10
1760124462001,TEXT,2976,200,10
1760124462001,TEXT,2976,200,10
1760124462001,TEXT,2976,200,10
1760124462001,TEXT,2976,200,10
1760124462001,TEXT,2976,200,10
1760124462001,TEXT,2976,200,10
1760124462001,TEXT,3013,200,2
1760124462001,TEXT,3013,200,2
1760124462001,TEXT,3013,200,2
1760124462001,TEXT,3013,200,2
1760124462001,TEXT,3013,200,2
1760124462001,JOIN,3013,200,2
1760124462001,TEXT,3013,200,2
1760124462001,TEXT,3013,200,2
1760124462001,TEXT,3013,200,2
1760124462002,TEXT,3013,200,2
1760124462002,TEXT,3013,200,2
1760124462002,TEXT,3013,200,2
1760124462002,TEXT,3012,200,2
1760124462002,TEXT,3012,200,2
1760124462002,TEXT,3012,200,2
1760124462002,TEXT,3012,200,2
1760124462002,TEXT,3012,200,2
1760124462002,TEXT,3012,200,2
1760124462002,TEXT,3012,200,2
1760124462002,TEXT,3012,200,2
1760124462002,TEXT,3012,200,2
1760124462002,LEAVE,3012,200,2
1760124462002,TEXT,3012,200,2
1760124462002,TEXT,3012,200,2
1760124462002,TEXT,3012,200,2
1760124462002,TEXT,3013,200,2
1760124462002,TEXT,3013,200,2
1760124462002,TEXT,3013,200,2
1760124462002,TEXT,3013,200,2
1760124462002,LEAVE,3013,200,2
1760124462002,TEXT,3013,200,2
1760124462002,TEXT,3013,200,2
1760124462002,TEXT,3013,200,2
1760124462003,TEXT,3012,200,2
1760124462003,TEXT,3012,200,2
1760124462003,TEXT,3012,200,2
1760124462003,TEXT,3012,200,2
1760124462003,TEXT,3012,200,2
1760124462003,TEXT,3012,200,2
1760124462003,TEXT,3012,200,2
1760124462003,TEXT,3012,200,2
1760124462003,TEXT,3012,200,2
1760124462003,TEXT,3012,200,2
1760124462003,JOIN,3012,200,2
1760124462003,TEXT,3012,200,2
1760124462003,JOIN,3012,200,2
1760124462004,TEXT,3012,200,2
1760124462004,TEXT,3012,200,2
1760124462004,TEXT,3011,200,2
1760124462004,TEXT,3011,200,2
1760124462004,TEXT,3011,200,2
1760124462004,TEXT,3011,200,2
1760124462004,TEXT,3011,200,2
1760124462004,TEXT,3011,200,2
1760124462004,TEXT,3011,200,2
1760124462004,TEXT,3011,200,2
1760124462005,TEXT,3011,200,2
1760124462005,TEXT,3011,200,2
1760124462005,TEXT,3011,200,2
1760124462005,TEXT,3010,200,2
1760124462005,TEXT,3010,200,2
1760124462005,TEXT,3010,200,2
1760124462005,TEXT,3010,200,2
1760124462005,TEXT,3010,200,2
1760124462005,TEXT,3010,200,2
1760124462005,TEXT,3010,200,2
1760124462005,TEXT,3010,200,2
1760124462005,TEXT,3010,200,2
1760124462005,TEXT,3010,200,2
1760124462005,TEXT,3010,200,2
1760124462005,TEXT,3010,200,2
1760124462005,TEXT,3010,200,2
1760124462005,TEXT,3010,200,2
1760124462006,TEXT,3010,200,2
1760124462006,TEXT,3010,200,2
1760124462006,TEXT,3010,200,2
1760124462006,TEXT,3010,200,2
1760124462006,TEXT,3010,200,2
1760124462006,TEXT,3009,200,2
1760124462006,TEXT,3009,200,2
1760124462006,TEXT,3010,200,2
1760124462006,TEXT,3010,200,2
1760124462006,TEXT,3010,200,2
1760124462006,TEXT,3010,200,2
1760124462006,LEAVE,3010,200,2
1760124462006,TEXT,3010,200,2
1760124462007,TEXT,3010,200,2
1760124461996,TEXT,3042,200,7
1760124461996,LEAVE,3042,200,7
1760124461996,TEXT,3042,200,7
1760124461996,TEXT,3042,200,7
1760124461996,TEXT,3042,200,7
1760124461997,TEXT,3042,200,7
1760124461997,TEXT,3042,200,7
1760124461997,TEXT,3042,200,7
1760124461997,TEXT,3042,200,7
1760124461997,TEXT,3042,200,7
1760124461997,TEXT,3042,200,7
1760124461997,TEXT,3042,200,7
1760124461997,TEXT,3042,200,7
1760124461997,TEXT,3041,200,7
1760124461997,TEXT,3041,200,7
1760124461997,TEXT,3041,200,7
1760124461997,TEXT,3041,200,7
1760124461997,TEXT,3041,200,7
1760124461997,TEXT,3041,200,7
1760124461998,TEXT,3041,200,7
1760124461998,JOIN,3041,200,7
1760124461998,TEXT,3041,200,7
1760124461998,TEXT,3041,200,7
1760124461998,TEXT,3041,200,7
1760124461998,TEXT,3041,200,7
1760124461998,TEXT,3041,200,7
1760124461998,TEXT,3041,200,7
1760124461998,TEXT,3041,200,7
1760124461998,LEAVE,3041,200,7
1760124461998,TEXT,3040,200,7
1760124461998,TEXT,3040,200,7
1760124461998,LEAVE,3040,200,7
1760124461998,TEXT,3040,200,7
1760124461999,TEXT,3040,200,7
1760124461999,TEXT,3040,200,7
1760124461999,TEXT,3040,200,7
1760124461999,TEXT,3039,200,7
1760124461999,TEXT,3039,200,7
1760124461999,TEXT,3039,200,7
1760124461999,TEXT,3039,200,7
1760124461999,TEXT,3039,200,7
1760124461999,TEXT,3039,200,7
1760124461999,TEXT,3039,200,7
1760124462000,TEXT,3039,200,7
1760124462000,TEXT,3039,200,7
1760124462000,TEXT,3039,200,7
1760124462000,LEAVE,3039,200,7
1760124462000,TEXT,3039,200,7
1760124462000,TEXT,3038,200,7
1760124462000,TEXT,3038,200,7
1760124462000,TEXT,3038,200,7
1760124462000,TEXT,3038,200,7
1760124462000,TEXT,3038,200,7
1760124462000,LEAVE,3038,200,7
1760124462001,TEXT,3038,200,7
1760124462001,TEXT,3038,200,7
1760124462001,TEXT,3038,200,7
1760124462001,TEXT,3038,200,7
1760124462001,TEXT,3037,200,7
1760124462001,TEXT,3037,200,7
1760124462001,TEXT,3037,200,7
1760124462001,TEXT,3037,200,7
1760124462002,TEXT,3037,200,7
1760124462002,TEXT,3037,200,7
1760124462002,TEXT,3037,200,7
1760124462002,TEXT,3037,200,7
1760124462002,TEXT,3037,200,7
1760124462002,TEXT,3037,200,7
1760124462002,TEXT,3037,200,7
1760124462002,TEXT,3037,200,7
1760124462002,TEXT,3036,200,7
1760124462002,TEXT,3036,200,7
1760124462003,TEXT,3036,200,7
1760124462003,TEXT,3036,200,7
1760124462003,TEXT,3036,200,7
1760124462003,TEXT,3036,200,7
1760124462003,TEXT,3036,200,7
1760124462003,TEXT,3036,200,7
1760124462003,TEXT,3036,200,7
1760124462003,TEXT,3035,200,7
1760124462003,TEXT,3035,200,7
1760124462003,TEXT,3035,200,7
1760124462003,JOIN,3035,200,7
1760124462003,TEXT,3035,200,7
1760124462003,TEXT,3035,200,7
1760124462003,LEAVE,3035,200,7
1760124462003,LEAVE,3035,200,7
1760124462004,JOIN,3035,200,7
1760124462004,TEXT,3035,200,7
1760124462004,TEXT,3035,200,7
1760124462004,TEXT,3035,200,7
1760124462004,TEXT,3035,200,7
1760124462004,TEXT,3035,200,7
1760124462004,TEXT,3035,200,7
1760124462004,TEXT,3035,200,7
1760124462004,TEXT,3034,200,7
1760124462004,TEXT,3034,200,7
1760124462004,TEXT,3034,200,7
1760124462007,TEXT,3066,200,15
1760124462007,TEXT,3066,200,15
1760124462007,TEXT,3065,200,15
1760124462008,TEXT,3065,200,15
1760124462008,TEXT,3065,200,15
1760124462008,TEXT,3065,200,15
1760124462008,TEXT,3065,200,15
1760124462008,TEXT,3064,200,15
1760124462008,TEXT,3064,200,15
1760124462009,TEXT,3064,200,15
1760124462009,TEXT,3064,200,15
1760124462009,TEXT,3064,200,15
1760124462009,TEXT,3063,200,15
1760124462009,TEXT,3063,200,15
1760124462010,TEXT,3063,200,15
1760124462010,TEXT,3063,200,15
1760124462010,JOIN,3062,200,15
1760124462010,JOIN,3062,200,15
1760124462010,TEXT,3062,200,15
1760124462011,TEXT,3062,200,15
1760124462011,TEXT,3062,200,15
1760124462011,TEXT,3062,200,15
1760124462011,TEXT,3062,200,15
1760124462011,TEXT,3062,200,15
1760124462011,TEXT,3061,200,15
1760124462011,JOIN,3061,200,15
1760124462011,JOIN,3061,200,15
1760124462012,TEXT,3061,200,15
1760124462012,TEXT,3061,200,15
1760124462012,LEAVE,3061,200,15
1760124462012,TEXT,3061,200,15
1760124462012,TEXT,3061,200,15
1760124462012,TEXT,3061,200,15
1760124462012,TEXT,3060,200,15
1760124462013,TEXT,3060,200,15
1760124462013,TEXT,3059,200,15
1760124462013,TEXT,3059,200,15
1760124462013,TEXT,3059,200,15
1760124462013,TEXT,3059,200,15
1760124462014,TEXT,3058,200,15
1760124462014,TEXT,3058,200,15
1760124462014,TEXT,3058,200,15
1760124462015,TEXT,3058,200,15
1760124462015,TEXT,3058,200,15
1760124462015,TEXT,3058,200,15
1760124462015,TEXT,3058,200,15
1760124462015,TEXT,3058,200,15
1760124462015,TEXT,3058,200,15
1760124462015,TEXT,3058,200,15
1760124462015,TEXT,3057,200,15
1760124462015,TEXT,3057,200,15
1760124462015,TEXT,3057,200,15
1760124462015,TEXT,3057,200,15
1760124462015,TEXT,3057,200,15
1760124462015,JOIN,3057,200,15
1760124462015,TEXT,3057,200,15
1760124462015,TEXT,3057,200,15
1760124462015,TEXT,3057,200,15
1760124462016,TEXT,3057,200,15
1760124462016,TEXT,3056,200,15
1760124462016,TEXT,3056,200,15
1760124462016,TEXT,3056,200,15
1760124462016,TEXT,3056,200,15
1760124462016,TEXT,3056,200,15
1760124462016,TEXT,3056,200,15
1760124462016,TEXT,3056,200,15
1760124462016,TEXT,3056,200,15
1760124462017,TEXT,3056,200,15
1760124462017,TEXT,3056,200,15
1760124462022,TEXT,3051,200,15
1760124462022,TEXT,3050,200,15
1760124462023,TEXT,3053,200,15
1760124462023,TEXT,3053,200,15
1760124462023,TEXT,3053,200,15
1760124462024,TEXT,3052,200,15
1760124462024,TEXT,3052,200,15
1760124462025,TEXT,3051,200,15
1760124462025,TEXT,3051,200,15
1760124462025,TEXT,3051,200,15
1760124462025,TEXT,3051,200,15
1760124462025,TEXT,3051,200,15
1760124462028,TEXT,3048,200,15
1760124462028,TEXT,3048,200,15
1760124462029,TEXT,3047,200,15
1760124462029,LEAVE,3047,200,15
1760124462029,TEXT,3047,200,15
1760124462029,TEXT,3047,200,15
1760124462030,TEXT,3046,200,15
1760124462030,LEAVE,3046,200,15
1760124462030,TEXT,3046,200,15
1760124462030,TEXT,3046,200,15
1760124462030,TEXT,3046,200,15
1760124462030,TEXT,3046,200,15
1760124462030,TEXT,3046,200,15
1760124461996,TEXT,3089,200,20
1760124461996,TEXT,3089,200,20
1760124461996,TEXT,3089,200,20
1760124461996,TEXT,3089,200,20
1760124461996,TEXT,3089,200,20
1760124461996,TEXT,3089,200,20
1760124461996,TEXT,3089,200,20
1760124461996,TEXT,3089,200,20
1760124461996,JOIN,3088,200,20
1760124461996,TEXT,3088,200,20
1760124461996,TEXT,3088,200,20
1760124461996,LEAVE,3088,200,20
1760124461996,TEXT,3088,200,20
1760124461996,TEXT,3088,200,20
1760124461997,TEXT,3088,200,20
1760124461997,TEXT,3088,200,20
1760124461997,TEXT,3088,200,20
1760124461997,TEXT,3088,200,20
1760124461997,TEXT,3088,200,20
1760124461997,TEXT,3088,200,20
1760124461997,TEXT,3088,200,20
1760124461997,TEXT,3087,200,20
1760124461997,TEXT,3087,200,20
1760124461997,TEXT,3087,200,20
1760124461997,TEXT,3087,200,20
1760124461998,TEXT,3087,200,20
1760124461998,TEXT,3087,200,20
1760124461998,TEXT,3087,200,20
1760124461998,LEAVE,3087,200,20
1760124461998,TEXT,3087,200,20
1760124461998,LEAVE,3087,200,20
1760124461998,TEXT,3087,200,20
1760124461998,TEXT,3087,200,20
1760124461998,TEXT,3087,200,20
1760124461998,LEAVE,3087,200,20
1760124461998,TEXT,3087,200,20
1760124461998,TEXT,3087,200,20
1760124461998,TEXT,3087,200,20
1760124461998,TEXT,3086,200,20
1760124461998,TEXT,3086,200,20
1760124461998,TEXT,3086,200,20
1760124461999,TEXT,3086,200,20
1760124461999,LEAVE,3086,200,20
1760124461999,TEXT,3086,200,20
1760124461999,TEXT,3085,200,20
1760124461999,TEXT,3085,200,20
1760124461999,TEXT,3085,200,20
1760124461999,TEXT,3085,200,20
1760124461999,TEXT,3085,200,20
1760124462000,TEXT,3085,200,20
1760124462000,TEXT,3085,200,20
1760124462000,TEXT,3085,200,20
1760124462000,TEXT,3085,200,20
1760124462000,TEXT,3085,200,20
1760124462000,TEXT,3085,200,20
1760124462000,TEXT,3085,200,20
1760124462000,LEAVE,3085,200,20
1760124462000,TEXT,3084,200,20
1760124462000,TEXT,3084,200,20
1760124462000,TEXT,3084,200,20
1760124462000,TEXT,3084,200,20
1760124462000,TEXT,3084,200,20
1760124462001,TEXT,3084,200,20
1760124462001,TEXT,3084,200,20
1760124462001,TEXT,3084,200,20
1760124462001,TEXT,3084,200,20
1760124462001,TEXT,3084,200,20
1760124462001,TEXT,3084,200,20
1760124462001,TEXT,3084,200,20
1760124462001,TEXT,3084,200,20
1760124462001,TEXT,3084,200,20
1760124462001,TEXT,3084,200,20
1760124462001,TEXT,3084,200,20
1760124462002,TEXT,3083,200,20
1760124462002,TEXT,3083,200,20
1760124462002,TEXT,3083,200,20
1760124462002,TEXT,3083,200,20
1760124462002,LEAVE,3083,200,20
1760124462002,TEXT,3082,200,20
1760124462002,TEXT,3082,200,20
1760124462002,TEXT,3082,200,20
1760124462002,TEXT,3082,200,20
1760124462002,LEAVE,3082,200,20
1760124462003,TEXT,3082,200,20
1760124462003,JOIN,3082,200,20
1760124462003,TEXT,3082,200,20
1760124462003,JOIN,3082,200,20
1760124462003,TEXT,3082,200,20
1760124462003,TEXT,3082,200,20
1760124462003,JOIN,3082,200,20
1760124462003,TEXT,3082,200,20
1760124462003,TEXT,3082,200,20
1760124463142,TEXT,2016,200,5
1760124463142,TEXT,2016,200,5
1760124463142,TEXT,2015,200,5
1760124463142,TEXT,2015,200,5
1760124463142,LEAVE,2015,200,5
1760124463142,TEXT,2015,200,5
1760124463143,TEXT,2015,200,5
1760124463143,TEXT,2015,200,5
1760124463143,TEXT,2015,200,5
1760124463143,TEXT,2015,200,5
1760124463143,TEXT,2014,200,5
1760124463143,TEXT,2014,200,5
1760124463143,TEXT,2014,200,5
1760124463143,TEXT,2014,200,5
1760124463143,TEXT,2014,200,5
1760124463144,TEXT,2014,200,5
1760124463144,TEXT,2013,200,5
1760124463145,TEXT,2013,200,5
1760124463145,TEXT,2013,200,5
1760124463145,TEXT,2012,200,5
1760124463145,TEXT,2012,200,5
1760124463145,TEXT,2012,200,5
1760124463145,TEXT,2012,200,5
1760124463146,TEXT,2012,200,5
1760124463146,TEXT,2011,200,5
1760124463146,TEXT,2011,200,5
1760124463146,TEXT,2011,200,5
1760124463147,TEXT,2010,200,5
1760124463147,LEAVE,2010,200,5
1760124463147,TEXT,2010,200,5
1760124463147,TEXT,2010,200,5
1760124463147,TEXT,2010,200,5
1760124463147,TEXT,2010,200,5
1760124463148,TEXT,2010,200,5
1760124463148,TEXT,2010,200,5
1760124463148,TEXT,2010,200,5
1760124463148,TEXT,2010,200,5
1760124463148,TEXT,2010,200,5
1760124463148,TEXT,2010,200,5
1760124463148,TEXT,2010,200,5
1760124463148,TEXT,2010,200,5
1760124463148,TEXT,2010,200,5
1760124463148,TEXT,2010,200,5
1760124463148,JOIN,2010,200,5
1760124463148,TEXT,2009,200,5
1760124463148,TEXT,2009,200,5
1760124463149,TEXT,2009,200,5
1760124463149,TEXT,2009,200,5
1760124463149,TEXT,2009,200,5
1760124463149,TEXT,2009,200,5
1760124463149,TEXT,2009,200,5
1760124463149,JOIN,2009,200,5
1760124463149,TEXT,2009,200,5
1760124463149,JOIN,2009,200,5
1760124463149,TEXT,2009,200,5
1760124463149,TEXT,2009,200,5
1760124463149,TEXT,2009,200,5
1760124463149,TEXT,2009,200,5
1760124463149,TEXT,2009,200,5
1760124463149,TEXT,2009,200,5
1760124463149,TEXT,2009,200,5
1760124463149,TEXT,2009,200,5
1760124463149,TEXT,2009,200,5
1760124463149,TEXT,2009,200,5
1760124463149,TEXT,2009,200,5
1760124463149,LEAVE,2009,200,5
1760124463149,TEXT,2009,200,5
1760124463149,TEXT,2009,200,5
1760124463149,TEXT,2009,200,5
1760124463149,TEXT,2009,200,5
1760124463149,TEXT,2009,200,5
1760124463149,TEXT,2009,200,5
1760124463149,TEXT,2009,200,5
1760124463150,TEXT,2008,200,5
1760124463150,TEXT,2008,200,5
1760124463150,TEXT,2008,200,5
1760124463150,TEXT,2008,200,5
1760124463150,TEXT,2008,200,5
1760124463150,TEXT,2008,200,5
1760124463150,TEXT,2008,200,5
1760124463150,LEAVE,2008,200,5
1760124463150,TEXT,2008,200,5
1760124463150,TEXT,2008,200,5
1760124463151,TEXT,2007,200,5
1760124463151,TEXT,2007,200,5
1760124463151,TEXT,2006,200,5
1760124463151,TEXT,2006,200,5
1760124463151,TEXT,2006,200,5
1760124463151,TEXT,2006,200,5
1760124463151,TEXT,2006,200,5
1760124463151,JOIN,2006,200,5
1760124463152,TEXT,2006,200,5
1760124463152,TEXT,2006,200,5
1760124463152,TEXT,2006,200,5
1760124463152,TEXT,2006,200,5
1760124463152,TEXT,2006,200,5
1760124463152,TEXT,2006,200,5
1760124463152,TEXT,2006,200,5
1760124463152,TEXT,2006,200,5
1760124463152,TEXT,2006,200,5
1760124463152,TEXT,2006,200,5
1760124463152,TEXT,2009,200,5
1760124463152,LEAVE,2009,200,5
1760124463152,TEXT,2009,200,5
1760124463152,TEXT,2009,200,5
1760124463152,TEXT,2009,200,5
1760124463153,TEXT,2009,200,5
1760124463142,TEXT,2022,200,8
1760124463142,TEXT,2022,200,8
1760124463142,LEAVE,2022,200,8
1760124463142,TEXT,2021,200,8
1760124463142,TEXT,2021,200,8
1760124463142,TEXT,2021,200,8
1760124463142,TEXT,2021,200,8
1760124463143,TEXT,2021,200,8
1760124463143,TEXT,2021,200,8
1760124463143,TEXT,2021,200,8
1760124463143,TEXT,2020,200,8
1760124463143,TEXT,2020,200,8
1760124463144,TEXT,2020,200,8
1760124463145,TEXT,2019,200,8
1760124463145,TEXT,2019,200,8
1760124463145,TEXT,2019,200,8
1760124463145,JOIN,2019,200,8
1760124463145,TEXT,2018,200,8
1760124463145,TEXT,2018,200,8
1760124463145,TEXT,2018,200,8
1760124463145,TEXT,2018,200,8
1760124463146,JOIN,2018,200,8
1760124463146,TEXT,2018,200,8
1760124463146,TEXT,2017,200,8
1760124463146,TEXT,2017,200,8
1760124463146,TEXT,2017,200,8
1760124463146,TEXT,2017,200,8
1760124463147,TEXT,2017,200,8
1760124463147,TEXT,2017,200,8
1760124463147,TEXT,2016,200,8
1760124463147,JOIN,2016,200,8
1760124463147,TEXT,2016,200,8
1760124463147,TEXT,2016,200,8
1760124463147,TEXT,2016,200,8
1760124463147,TEXT,2016,200,8
1760124463147,TEXT,2016,200,8
1760124463147,TEXT,2016,200,8
1760124463147,TEXT,2016,200,8
1760124463147,TEXT,2016,200,8
1760124463147,LEAVE,2016,200,8
1760124463147,TEXT,2016,200,8
1760124463147,TEXT,2016,200,8
1760124463148,TEXT,2016,200,8
1760124463148,TEXT,2016,200,8
1760124463148,TEXT,2016,200,8
1760124463148,TEXT,2016,200,8
1760124463148,TEXT,2016,200,8
1760124463148,TEXT,2016,200,8
1760124463148,TEXT,2016,200,8
1760124463148,TEXT,2015,200,8
1760124463149,TEXT,2015,200,8
1760124463149,TEXT,2015,200,8
1760124463149,JOIN,2015,200,8
1760124463149,TEXT,2015,200,8
1760124463149,TEXT,2015,200,8
1760124463149,TEXT,2015,200,8
1760124463149,TEXT,2015,200,8
1760124463149,TEXT,2015,200,8
1760124463149,LEAVE,2015,200,8
1760124463149,JOIN,2015,200,8
1760124463149,TEXT,2015,200,8
1760124463149,LEAVE,2015,200,8
1760124463149,TEXT,2015,200,8
1760124463149,TEXT,2015,200,8
1760124463149,TEXT,2015,200,8
1760124463149,TEXT,2015,200,8
1760124463149,JOIN,2015,200,8
1760124463149,TEXT,2015,200,8
1760124463149,TEXT,2015,200,8
1760124463149,TEXT,2014,200,8
1760124463149,TEXT,2014,200,8
1760124463150,TEXT,2014,200,8
1760124463150,TEXT,2014,200,8
1760124463150,TEXT,2014,200,8
1760124463150,TEXT,2014,200,8
1760124463150,TEXT,2014,200,8
1760124463150,TEXT,2013,200,8
1760124463150,TEXT,2013,200,8
1760124463150,TEXT,2013,200,8
1760124463151,TEXT,2013,200,8
1760124463151,LEAVE,2013,200,8
1760124463151,TEXT,2013,200,8
1760124463151,TEXT,2013,200,8
1760124463151,TEXT,2013,200,8
1760124463151,LEAVE,2013,200,8
1760124463151,TEXT,2012,200,8
1760124463151,TEXT,2012,200,8
1760124463151,TEXT,2012,200,8
1760124463152,LEAVE,2012,200,8
1760124463152,TEXT,2012,200,8
1760124463152,TEXT,2012,200,8
1760124463152,TEXT,2012,200,8
1760124463142,TEXT,2042,200,13
1760124463142,JOIN,2041,200,13
1760124463142,TEXT,2041,200,13
1760124463142,LEAVE,2041,200,13
1760124463142,TEXT,2041,200,13
1760124463142,TEXT,2041,200,13
1760124463142,TEXT,2041,200,13
1760124463143,TEXT,2040,200,13
1760124463143,TEXT,2040,200,13
1760124463143,TEXT,2040,200,13
1760124463143,JOIN,2040,200,13
1760124463144,TEXT,2039,200,13
1760124463144,TEXT,2039,200,13
1760124463145,TEXT,2039,200,13
1760124463145,TEXT,2039,200,13
1760124463145,TEXT,2038,200,13
1760124463145,TEXT,2038,200,13
1760124463146,TEXT,2038,200,13
1760124463146,TEXT,2037,200,13
1760124463146,TEXT,2037,200,13
1760124463146,TEXT,2037,200,13
1760124463146,JOIN,2037,200,13
1760124463146,TEXT,2037,200,13
1760124463146,TEXT,2037,200,13
1760124463146,TEXT,2037,200,13
1760124463146,TEXT,2037,200,13
1760124463147,TEXT,2036,200,13
1760124463147,TEXT,2036,200,13
1760124463147,TEXT,2036,200,13
1760124463147,TEXT,2036,200,13
1760124463147,TEXT,2036,200,13
1760124463147,TEXT,2036,200,13
1760124463147,TEXT,2036,200,13
1760124463148,LEAVE,2036,200,13
1760124463148,TEXT,2036,200,13
1760124463148,TEXT,2036,200,13
1760124463148,TEXT,2036,200,13
1760124463148,JOIN,2036,200,13
1760124463148,TEXT,2036,200,13
1760124463148,TEXT,2036,200,13
1760124463148,TEXT,2036,200,13
1760124463148,TEXT,2036,200,13
1760124463148,TEXT,2036,200,13
1760124463148,TEXT,2036,200,13
1760124463148,TEXT,2036,200,13
1760124463148,TEXT,2035,200,13
1760124463148,TEXT,2035,200,13
1760124463149,TEXT,2035,200,13
1760124463149,TEXT,2035,200,13
1760124463149,TEXT,2035,200,13
1760124463149,TEXT,2035,200,13
1760124463149,TEXT,2035,200,13
1760124463149,TEXT,2035,200,13
1760124463149,JOIN,2035,200,13
1760124463149,TEXT,2035,200,13
1760124463149,TEXT,2035,200,13
1760124463149,TEXT,2035,200,13
1760124463149,TEXT,2035,200,13
1760124463149,TEXT,2035,200,13
1760124463149,TEXT,2035,200,13
1760124463149,TEXT,2035,200,13
1760124463149,TEXT,2035,200,13
1760124463149,TEXT,2035,200,13
1760124463149,TEXT,2035,200,13
1760124463149,LEAVE,2035,200,13
1760124463149,TEXT,2034,200,13
1760124463149,TEXT,2035,200,13
1760124463149,TEXT,2034,200,13
1760124463150,TEXT,2034,200,13
1760124463150,TEXT,2034,200,13
1760124463150,TEXT,2034,200,13
1760124463150,TEXT,2034,200,13
1760124463150,TEXT,2034,200,13
1760124463150,TEXT,2034,200,13
1760124463150,TEXT,2034,200,13
1760124463150,TEXT,2034,200,13
1760124463150,TEXT,2034,200,13
1760124463150,JOIN,2034,200,13
1760124463150,TEXT,2034,200,13
1760124463150,TEXT,2033,200,13
1760124463150,TEXT,2033,200,13
1760124463151,TEXT,2033,200,13
1760124463151,TEXT,2033,200,13
1760124463151,TEXT,2033,200,13
1760124463151,LEAVE,2033,200,13
1760124463151,TEXT,2032,200,13
1760124463151,TEXT,2032,200,13
1760124463151,TEXT,2032,200,13
1760124463151,TEXT,2032,200,13
1760124463151,TEXT,2032,200,13
1760124463151,TEXT,2032,200,13
1760124463152,TEXT,2032,200,13
1760124463152,TEXT,2032,200,13
1760124463152,TEXT,2032,200,13
1760124463152,TEXT,2032,200,13
1760124463152,TEXT,2032,200,13
1760124463152,TEXT,2032,200,13
1760124463152,TEXT,2032,200,13
1760124463153,TEXT,2031,200,13
1760124463153,TEXT,2031,200,13
1760124463153,TEXT,2031,200,13
1760124463142,TEXT,2046,200,3
1760124463142,TEXT,2046,200,3
1760124463142,TEXT,2046,200,3
1760124463142,TEXT,2046,200,3
1760124463142,TEXT,2046,200,3
1760124463142,TEXT,2046,200,3
1760124463143,TEXT,2045,200,3
1760124463143,TEXT,2045,200,3
1760124463143,TEXT,2045,200,3
1760124463143,TEXT,2045,200,3
1760124463143,TEXT,2045,200,3
1760124463143,TEXT,2045,200,3
1760124463143,TEXT,2045,200,3
1760124463143,TEXT,2045,200,3
1760124463143,TEXT,2045,200,3
1760124463143,TEXT,2045,200,3
1760124463143,TEXT,2045,200,3
1760124463144,TEXT,2044,200,3
1760124463144,TEXT,2044,200,3
1760124463144,TEXT,2044,200,3
1760124463144,TEXT,2044,200,3
1760124463144,TEXT,2044,200,3
1760124463144,TEXT,2044,200,3
1760124463144,TEXT,2044,200,3
1760124463145,LEAVE,2043,200,3
1760124463145,TEXT,2043,200,3
1760124463145,TEXT,2043,200,3
1760124463145,TEXT,2043,200,3
1760124463145,LEAVE,2043,200,3
1760124463145,TEXT,2043,200,3
1760124463145,TEXT,2043,200,3
1760124463145,TEXT,2043,200,3
1760124463146,TEXT,2042,200,3
1760124463146,TEXT,2042,200,3
1760124463147,TEXT,2041,200,3
1760124463147,TEXT,2041,200,3
1760124463147,JOIN,2041,200,3
1760124463147,TEXT,2041,200,3
1760124463147,TEXT,2041,200,3
1760124463147,TEXT,2041,200,3
1760124463147,TEXT,2041,200,3
1760124463147,TEXT,2041,200,3
1760124463147,TEXT,2041,200,3
1760124463147,TEXT,2041,200,3
1760124463147,TEXT,2041,200,3
1760124463148,TEXT,2040,200,3
1760124463148,TEXT,2040,200,3
1760124463148,TEXT,2041,200,3
1760124463148,TEXT,2041,200,3
1760124463148,TEXT,2041,200,3
1760124463148,TEXT,2041,200,3
1760124463148,TEXT,2041,200,3
1760124463148,TEXT,2041,200,3
1760124463148,LEAVE,2041,200,3
1760124463148,TEXT,2041,200,3
1760124463148,TEXT,2041,200,3
1760124463148,TEXT,2040,200,3
1760124463149,TEXT,2040,200,3
1760124463149,TEXT,2040,200,3
1760124463149,JOIN,2040,200,3
1760124463149,TEXT,2040,200,3
1760124463149,TEXT,2040,200,3
1760124463149,TEXT,2040,200,3
1760124463149,TEXT,2040,200,3
1760124463149,TEXT,2040,200,3
1760124463149,TEXT,2040,200,3
1760124463149,TEXT,2040,200,3
1760124463149,TEXT,2040,200,3
1760124463149,TEXT,2040,200,3
1760124463149,TEXT,2040,200,3
1760124463149,TEXT,2040,200,3
1760124463149,TEXT,2040,200,3
1760124463149,TEXT,2040,200,3
1760124463149,TEXT,2040,200,3
1760124463149,TEXT,2040,200,3
1760124463149,TEXT,2040,200,3
1760124463149,TEXT,2040,200,3
1760124463149,TEXT,2039,200,3
1760124463149,TEXT,2039,200,3
1760124463142,TEXT,2053,200,18
1760124463142,TEXT,2052,200,18
1760124463142,TEXT,2052,200,18
1760124463142,TEXT,2052,200,18
1760124463142,TEXT,2052,200,18
1760124463142,TEXT,2052,200,18
1760124463143,TEXT,2052,200,18
1760124463143,TEXT,2052,200,18
1760124463143,TEXT,2052,200,18
1760124463143,TEXT,2052,200,18
1760124463143,TEXT,2052,200,18
1760124463143,TEXT,2052,200,18
1760124463144,TEXT,2051,200,18
1760124463144,TEXT,2051,200,18
1760124463145,TEXT,2050,200,18
1760124463145,TEXT,2050,200,18
1760124463145,TEXT,2049,200,18
1760124463145,TEXT,2049,200,18
1760124463145,TEXT,2049,200,18
1760124463145,TEXT,2049,200,18
1760124463146,TEXT,2049,200,18
1760124463146,TEXT,2049,200,18
1760124463146,TEXT,2048,200,18
1760124463146,TEXT,2048,200,18
1760124463146,TEXT,2048,200,18
1760124463146,TEXT,2048,200,18
1760124463146,TEXT,2048,200,18
1760124463146,TEXT,2048,200,18
1760124463146,TEXT,2048,200,18
1760124463147,TEXT,2047,200,18
1760124463147,TEXT,2047,200,18
1760124463147,TEXT,2047,200,18
1760124463147,TEXT,2047,200,18
1760124463147,TEXT,2047,200,18
1760124463147,TEXT,2047,200,18
1760124463147,TEXT,2047,200,18
1760124463148,TEXT,2047,200,18
1760124463148,TEXT,2047,200,18
1760124463148,TEXT,2047,200,18
1760124463148,TEXT,2047,200,18
1760124463148,TEXT,2047,200,18
1760124463148,TEXT,2047,200,18
1760124463148,TEXT,2047,200,18
1760124463148,TEXT,2047,200,18
1760124463148,TEXT,2047,200,18
1760124463148,TEXT,2047,200,18
1760124463148,TEXT,2047,200,18
1760124463148,TEXT,2047,200,18
1760124463148,TEXT,2047,200,18
1760124463148,TEXT,2046,200,18
1760124463148,TEXT,2046,200,18
1760124463148,TEXT,2046,200,18
1760124463148,TEXT,2046,200,18
1760124463148,TEXT,2046,200,18
1760124463148,TEXT,2046,200,18
1760124463149,TEXT,2046,200,18
1760124463149,TEXT,2046,200,18
1760124463149,TEXT,2046,200,18
1760124463149,TEXT,2046,200,18
1760124463149,TEXT,2046,200,18
1760124463149,TEXT,2046,200,18
1760124463149,TEXT,2046,200,18
1760124463149,TEXT,2046,200,18
1760124463149,TEXT,2046,200,18
1760124463149,TEXT,2046,200,18
1760124463149,TEXT,2046,200,18
1760124463149,TEXT,2046,200,18
1760124463149,TEXT,2046,200,18
1760124463149,TEXT,2046,200,18
1760124463149,TEXT,2046,200,18
1760124463149,TEXT,2046,200,18
1760124463149,TEXT,2046,200,18
1760124463149,TEXT,2046,200,18
1760124463149,TEXT,2046,200,18
1760124463149,TEXT,2046,200,18
1760124463149,LEAVE,2046,200,18
1760124463149,TEXT,2046,200,18
1760124463149,TEXT,2046,200,18
1760124463149,TEXT,2046,200,18
1760124463149,TEXT,2046,200,18
1760124463149,TEXT,2046,200,18
1760124463149,TEXT,2046,200,18
1760124463149,TEXT,2046,200,18
1760124463149,TEXT,2046,200,18
1760124463149,TEXT,2046,200,18
1760124463149,TEXT,2046,200,18
1760124463149,TEXT,2046,200,18
1760124463150,TEXT,2045,200,18
1760124463150,TEXT,2045,200,18
1760124463150,TEXT,2045,200,18
1760124463150,TEXT,2045,200,18
1760124463150,TEXT,2045,200,18
1760124463150,TEXT,2045,200,18
1760124463150,TEXT,2045,200,18
1760124463150,JOIN,2044,200,18
1760124463150,TEXT,2044,200,18
1760124463150,TEXT,2044,200,18
1760124463151,TEXT,2044,200,18
1760124463151,TEXT,2044,200,18
1760124463151,TEXT,2044,200,18
1760124463151,TEXT,2044,200,18
1760124463151,TEXT,2043,200,18
1760124463151,TEXT,2043,200,18
1760124463151,TEXT,2043,200,18
1760124463152,TEXT,2043,200,18
1760124463152,TEXT,2043,200,18
1760124463152,TEXT,2043,200,18
1760124463152,TEXT,2043,200,18
1760124463152,LEAVE,2043,200,18
1760124463152,TEXT,2043,200,18
1760124463152,JOIN,2043,200,18
1760124463152,TEXT,2043,200,18
1760124463152,TEXT,2043,200,18
1760124463153,TEXT,2042,200,18
1760124463153,TEXT,2042,200,18
1760124463153,TEXT,2042,200,18
1760124463153,TEXT,2042,200,18
1760124463153,TEXT,2042,200,18
1760124463155,TEXT,2039,200,18
1760124463155,TEXT,2039,200,18
1760124463155,JOIN,2039,200,18
1760124463155,TEXT,2039,200,18
1760124463164,TEXT,2031,200,18
1760124463164,LEAVE,2031,200,18
1760124463164,TEXT,2031,200,18
1760124463164,TEXT,2031,200,18
1760124463164,TEXT,2031,200,18
1760124463164,TEXT,2031,200,18
1760124463164,TEXT,2030,200,18
1760124463164,TEXT,2030,200,18
1760124463165,TEXT,2030,200,18
1760124463165,TEXT,2030,200,18
1760124463165,JOIN,2030,200,18
1760124463165,TEXT,2030,200,18
1760124463165,TEXT,2030,200,18
1760124463165,TEXT,2030,200,18
1760124463165,TEXT,2030,200,18
1760124463165,TEXT,2030,200,18
1760124463165,TEXT,2030,200,18
1760124463167,TEXT,2028,200,18
1760124463167,TEXT,2028,200,18
1760124463167,TEXT,2028,200,18
1760124463167,TEXT,2028,200,18
1760124463167,TEXT,2028,200,18
1760124463167,TEXT,2028,200,18
1760124463167,TEXT,2028,200,18
1760124463167,TEXT,2028,200,18
1760124463168,TEXT,2027,200,18
1760124463168,TEXT,2027,200,18
1760124463168,TEXT,2027,200,18
1760124463169,TEXT,2026,200,18
1760124463169,TEXT,2026,200,18
1760124463169,LEAVE,2026,200,18
1760124463169,TEXT,2026,200,18
1760124463169,TEXT,2025,200,18
1760124463169,TEXT,2025,200,18
1760124463170,TEXT,2025,200,18
1760124463170,TEXT,2025,200,18
1760124463170,TEXT,2025,200,18
1760124463170,LEAVE,2025,200,18
1760124463170,TEXT,2025,200,18
1760124463170,TEXT,2025,200,18
1760124463173,TEXT,2022,200,18
1760124463173,TEXT,2022,200,18
1760124463173,TEXT,2022,200,18
1760124463182,TEXT,2013,200,18
1760124463182,JOIN,2013,200,18
1760124463182,TEXT,2013,200,18
1760124463182,TEXT,2013,200,18
1760124463182,TEXT,2013,200,18
1760124463142,TEXT,2063,200,11
1760124463142,TEXT,2062,200,11
1760124463142,TEXT,2062,200,11
1760124463142,LEAVE,2062,200,11
1760124463142,TEXT,2062,200,11
1760124463142,TEXT,2062,200,11
1760124463142,LEAVE,2062,200,11
1760124463142,TEXT,2062,200,11
1760124463143,TEXT,2061,200,11
1760124463143,LEAVE,2061,200,11
1760124463143,TEXT,2061,200,11
1760124463143,TEXT,2061,200,11
1760124463143,TEXT,2061,200,11
1760124463143,TEXT,2061,200,11
1760124463143,JOIN,2061,200,11
1760124463143,TEXT,2061,200,11
1760124463144,TEXT,2061,200,11
1760124463144,TEXT,2060,200,11
1760124463144,TEXT,2060,200,11
1760124463145,JOIN,2060,200,11
1760124463145,TEXT,2060,200,11
1760124463145,TEXT,2059,200,11
1760124463145,TEXT,2059,200,11
1760124463145,TEXT,2059,200,11
1760124463145,TEXT,2059,200,11
1760124463146,TEXT,2058,200,11
1760124463146,TEXT,2058,200,11
1760124463147,TEXT,2058,200,11
1760124463147,TEXT,2057,200,11
1760124463147,TEXT,2057,200,11
1760124463147,TEXT,2057,200,11
1760124463147,TEXT,2057,200,11
1760124463147,TEXT,2057,200,11
1760124463147,TEXT,2057,200,11
1760124463147,TEXT,2057,200,11
1760124463148,TEXT,2057,200,11
1760124463148,TEXT,2057,200,11
1760124463148,TEXT,2057,200,11
1760124463148,TEXT,2057,200,11
1760124463148,TEXT,2057,200,11
1760124463148,TEXT,2057,200,11
1760124463148,TEXT,2057,200,11
1760124463148,TEXT,2056,200,11
1760124463148,TEXT,2056,200,11
1760124463148,TEXT,2056,200,11
1760124463148,TEXT,2056,200,11
1760124463149,TEXT,2056,200,11
1760124463149,TEXT,2056,200,11
1760124463149,TEXT,2056,200,11
1760124463149,TEXT,2056,200,11
1760124463149,TEXT,2056,200,11
1760124463149,TEXT,2056,200,11
1760124463149,TEXT,2056,200,11
1760124463149,TEXT,2056,200,11
1760124463149,TEXT,2056,200,11
1760124463149,TEXT,2056,200,11
1760124463149,LEAVE,2056,200,11
1760124463149,TEXT,2056,200,11
1760124463149,TEXT,2056,200,11
1760124463149,TEXT,2056,200,11
1760124463149,TEXT,2056,200,11
1760124463149,TEXT,2056,200,11
1760124463149,TEXT,2056,200,11
1760124463149,TEXT,2056,200,11
1760124463149,TEXT,2056,200,11
1760124463149,TEXT,2056,200,11
1760124463149,TEXT,2056,200,11
1760124463149,TEXT,2056,200,11
1760124463149,TEXT,2056,200,11
1760124463149,TEXT,2056,200,11
1760124463149,TEXT,2056,200,11
1760124463149,JOIN,2056,200,11
1760124463149,TEXT,2056,200,11
1760124463149,TEXT,2056,200,11
1760124463149,TEXT,2056,200,11
1760124463149,TEXT,2056,200,11
1760124463149,TEXT,2056,200,11
1760124463149,TEXT,2055,200,11
1760124463149,TEXT,2055,200,11
1760124463150,TEXT,2055,200,11
1760124463150,TEXT,2055,200,11
1760124463150,LEAVE,2055,200,11
1760124463150,TEXT,2054,200,11
1760124463150,TEXT,2054,200,11
1760124463151,TEXT,2054,200,11
1760124463151,TEXT,2054,200,11
1760124463151,TEXT,2054,200,11
1760124463151,TEXT,2054,200,11
1760124463151,TEXT,2054,200,11
1760124463151,TEXT,2054,200,11
1760124463151,JOIN,2053,200,11
1760124463151,TEXT,2053,200,11
1760124463151,TEXT,2053,200,11
1760124463151,TEXT,2053,200,11
1760124463151,TEXT,2053,200,11
1760124463151,TEXT,2053,200,11
1760124463151,TEXT,2053,200,11
1760124463151,TEXT,2053,200,11
1760124463142,TEXT,2085,200,16
1760124463142,TEXT,2085,200,16
1760124463142,TEXT,2085,200,16
1760124463143,TEXT,2084,200,16
1760124463143,TEXT,2084,200,16
1760124463143,TEXT,2084,200,16
1760124463143,JOIN,2084,200,16
1760124463143,TEXT,2084,200,16
1760124463143,JOIN,2084,200,16
1760124463144,JOIN,2083,200,16
1760124463144,TEXT,2083,200,16
1760124463144,TEXT,2083,200,16
1760124463144,TEXT,2083,200,16
1760124463145,TEXT,2082,200,16
1760124463145,TEXT,2082,200,16
1760124463145,TEXT,2082,200,16
1760124463145,TEXT,2082,200,16
1760124463145,TEXT,2082,200,16
1760124463145,JOIN,2082,200,16
1760124463145,TEXT,2082,200,16
1760124463146,TEXT,2081,200,16
1760124463146,TEXT,2081,200,16
1760124463146,TEXT,2081,200,16
1760124463146,LEAVE,2081,200,16
1760124463146,TEXT,2081,200,16
1760124463147,TEXT,2080,200,16
1760124463147,TEXT,2080,200,16
1760124463147,TEXT,2080,200,16
1760124463147,JOIN,2080,200,16
1760124463147,JOIN,2080,200,16
1760124463147,TEXT,2080,200,16
1760124463147,TEXT,2080,200,16
1760124463147,TEXT,2080,200,16
1760124463147,TEXT,2080,200,16
1760124463147,TEXT,2080,200,16
1760124463147,TEXT,2080,200,16
1760124463147,TEXT,2080,200,16
1760124463148,TEXT,2080,200,16
1760124463148,TEXT,2080,200,16
1760124463148,TEXT,2080,200,16
1760124463148,TEXT,2080,200,16
1760124463148,TEXT,2080,200,16
1760124463148,TEXT,2080,200,16
1760124463148,TEXT,2080,200,16
1760124463148,TEXT,2080,200,16
1760124463148,TEXT,2080,200,16
1760124463148,TEXT,2080,200,16
1760124463148,TEXT,2080,200,16
1760124463148,TEXT,2080,200,16
1760124463148,TEXT,2080,200,16
1760124463148,TEXT,2080,200,16
1760124463148,TEXT,2080,200,16
1760124463148,TEXT,2080,200,16
1760124463148,TEXT,2080,200,16
1760124463148,TEXT,2079,200,16
1760124463148,TEXT,2079,200,16
1760124463148,TEXT,2079,200,16
1760124463149,TEXT,2079,200,16
1760124463149,TEXT,2079,200,16
1760124463149,TEXT,2079,200,16
1760124463149,TEXT,2079,200,16
1760124463149,TEXT,2079,200,16
1760124463149,TEXT,2079,200,16
1760124463149,TEXT,2079,200,16
1760124463149,TEXT,2079,200,16
1760124463149,TEXT,2079,200,16
1760124463149,TEXT,2079,200,16
1760124463149,TEXT,2079,200,16
1760124463149,JOIN,2079,200,16
1760124463149,TEXT,2079,200,16
1760124463149,TEXT,2079,200,16
1760124463149,TEXT,2079,200,16
1760124463149,TEXT,2078,200,16
1760124463149,TEXT,2079,200,16
1760124463149,TEXT,2079,200,16
1760124463149,TEXT,2079,200,16
1760124463149,TEXT,2078,200,16
1760124463149,TEXT,2078,200,16
1760124463149,TEXT,2078,200,16
1760124463149,TEXT,2078,200,16
1760124463149,TEXT,2078,200,16
1760124463149,TEXT,2078,200,16
1760124463149,TEXT,2078,200,16
1760124463149,TEXT,2078,200,16
1760124463149,TEXT,2078,200,16
1760124463149,TEXT,2078,200,16
1760124463149,TEXT,2078,200,16
1760124463150,TEXT,2078,200,16
1760124463150,TEXT,2078,200,16
1760124463150,TEXT,2078,200,16
1760124463150,TEXT,2078,200,16
1760124463150,TEXT,2078,200,16
1760124463150,TEXT,2078,200,16
1760124463150,LEAVE,2078,200,16
1760124463150,TEXT,2077,200,16
1760124463150,TEXT,2077,200,16
1760124463150,TEXT,2077,200,16
1760124463150,TEXT,2077,200,16
1760124463150,TEXT,2077,200,16
1760124463142,TEXT,2099,200,1
1760124463142,TEXT,2098,200,1
1760124463142,TEXT,2098,200,1
1760124463142,TEXT,2098,200,1
1760124463142,LEAVE,2098,200,1
1760124463142,TEXT,2098,200,1
1760124463142,TEXT,2098,200,1
1760124463143,TEXT,2098,200,1
1760124463143,TEXT,2097,200,1
1760124463143,TEXT,2097,200,1
1760124463143,TEXT,2097,200,1
1760124463143,TEXT,2097,200,1
1760124463143,JOIN,2097,200,1
1760124463144,TEXT,2097,200,1
1760124463144,TEXT,2097,200,1
1760124463144,LEAVE,2096,200,1
1760124463144,TEXT,2096,200,1
1760124463144,TEXT,2096,200,1
1760124463144,TEXT,2096,200,1
1760124463144,TEXT,2096,200,1
1760124463144,TEXT,2096,200,1
1760124463144,TEXT,2096,200,1
1760124463145,TEXT,2096,200,1
1760124463145,TEXT,2096,200,1
1760124463145,TEXT,2096,200,1
1760124463145,TEXT,2095,200,1
1760124463145,TEXT,2095,200,1
1760124463145,TEXT,2095,200,1
1760124463145,TEXT,2095,200,1
1760124463145,TEXT,2095,200,1
1760124463145,TEXT,2095,200,1
1760124463145,TEXT,2095,200,1
1760124463146,TEXT,2095,200,1
1760124463146,TEXT,2095,200,1
1760124463146,TEXT,2094,200,1
1760124463146,TEXT,2094,200,1
1760124463146,TEXT,2094,200,1
1760124463146,TEXT,2094,200,1
1760124463147,TEXT,2094,200,1
1760124463147,TEXT,2093,200,1
1760124463147,TEXT,2093,200,1
1760124463147,LEAVE,2093,200,1
1760124463147,TEXT,2093,200,1
1760124463147,TEXT,2093,200,1
1760124463148,TEXT,2093,200,1
1760124463148,TEXT,2093,200,1
1760124463148,TEXT,2093,200,1
1760124463148,TEXT,2093,200,1
1760124463148,TEXT,2093,200,1
1760124463148,TEXT,2093,200,1
1760124463148,TEXT,2093,200,1
1760124463148,TEXT,2094,200,1
1760124463148,TEXT,2094,200,1
1760124463148,TEXT,2093,200,1
1760124463148,TEXT,2093,200,1
1760124463148,TEXT,2093,200,1
1760124463148,TEXT,2093,200,1
1760124463148,TEXT,2093,200,1
1760124463149,TEXT,2093,200,1
1760124463149,TEXT,2093,200,1
1760124463149,TEXT,2093,200,1
1760124463149,TEXT,2093,200,1
1760124463149,TEXT,2093,200,1
1760124463149,TEXT,2093,200,1
1760124463149,LEAVE,2093,200,1
1760124463149,TEXT,2092,200,1
1760124463149,TEXT,2092,200,1
1760124463149,TEXT,2092,200,1
1760124463149,TEXT,2092,200,1
1760124463149,JOIN,2092,200,1
1760124463149,TEXT,2092,200,1
1760124463149,TEXT,2092,200,1
1760124463149,TEXT,2092,200,1
1760124463149,TEXT,2092,200,1
1760124463149,TEXT,2092,200,1
1760124463149,TEXT,2092,200,1
1760124463149,TEXT,2092,200,1
1760124463149,TEXT,2092,200,1
1760124463149,TEXT,2092,200,1
1760124463149,TEXT,2092,200,1
1760124463149,TEXT,2092,200,1
1760124463149,LEAVE,2092,200,1
1760124463149,TEXT,2092,200,1
1760124463149,TEXT,2092,200,1
1760124463149,TEXT,2092,200,1
1760124463149,TEXT,2092,200,1
1760124463150,TEXT,2092,200,1
1760124463150,TEXT,2091,200,1
1760124463150,TEXT,2091,200,1
1760124463150,TEXT,2091,200,1
1760124463150,TEXT,2091,200,1
1760124463150,TEXT,2091,200,1
1760124463150,TEXT,2091,200,1
1760124463150,TEXT,2091,200,1
1760124463150,TEXT,2091,200,1
1760124463150,TEXT,2091,200,1
1760124463151,TEXT,2091,200,1
1760124463151,TEXT,2090,200,1
1760124463151,TEXT,2090,200,1
1760124463151,TEXT,2090,200,1
1760124463151,TEXT,2090,200,1
1760124463151,TEXT,2090,200,1
1760124463152,TEXT,2090,200,1
1760124463152,TEXT,2090,200,1
1760124463152,TEXT,2090,200,1
1760124463152,TEXT,2090,200,1
1760124463152,TEXT,2090,200,1
1760124463152,TEXT,2090,200,1
1760124463152,TEXT,2090,200,1
1760124463152,TEXT,2089,200,1
1760124463152,TEXT,2089,200,1
1760124463152,TEXT,2089,200,1
1760124463152,TEXT,2089,200,1
1760124463152,TEXT,2089,200,1
1760124463153,TEXT,2089,200,1
1760124463142,TEXT,2125,200,12
1760124463142,TEXT,2125,200,12
1760124463142,TEXT,2125,200,12
1760124463142,TEXT,2125,200,12
1760124463142,TEXT,2125,200,12
1760124463142,TEXT,2125,200,12
1760124463142,TEXT,2125,200,12
1760124463143,TEXT,2124,200,12
1760124463143,TEXT,2124,200,12
1760124463143,TEXT,2124,200,12
1760124463143,TEXT,2124,200,12
1760124463143,TEXT,2124,200,12
1760124463143,TEXT,2124,200,12
1760124463143,TEXT,2124,200,12
1760124463144,TEXT,2123,200,12
1760124463145,TEXT,2122,200,12
1760124463145,TEXT,2122,200,12
1760124463145,TEXT,2122,200,12
1760124463145,TEXT,2122,200,12
1760124463145,TEXT,2122,200,12
1760124463145,TEXT,2122,200,12
1760124463145,TEXT,2122,200,12
1760124463145,TEXT,2122,200,12
1760124463146,TEXT,2121,200,12
1760124463146,TEXT,2121,200,12
1760124463146,TEXT,2121,200,12
1760124463146,TEXT,2121,200,12
1760124463146,TEXT,2121,200,12
1760124463147,TEXT,2120,200,12
1760124463147,TEXT,2120,200,12
1760124463147,JOIN,2120,200,12
1760124463147,TEXT,2120,200,12
1760124463147,TEXT,2120,200,12
1760124463147,TEXT,2120,200,12
1760124463147,TEXT,2120,200,12
1760124463147,TEXT,2120,200,12
1760124463147,TEXT,2120,200,12
1760124463148,TEXT,2119,200,12
1760124463148,TEXT,2119,200,12
1760124463148,LEAVE,2119,200,12
1760124463148,TEXT,2119,200,12
1760124463148,TEXT,2119,200,12
1760124463148,TEXT,2119,200,12
1760124463148,LEAVE,2119,200,12
1760124463148,TEXT,2119,200,12
1760124463148,TEXT,2119,200,12
1760124463148,LEAVE,2119,200,12
1760124463148,TEXT,2119,200,12
1760124463148,TEXT,2119,200,12
1760124463148,TEXT,2119,200,12
1760124463149,TEXT,2118,200,12
1760124463149,TEXT,2118,200,12
1760124463149,JOIN,2118,200,12
1760124463149,TEXT,2118,200,12
1760124463149,JOIN,2118,200,12
1760124463149,TEXT,2118,200,12
1760124463149,TEXT,2118,200,12
1760124463149,TEXT,2118,200,12
1760124463149,TEXT,2118,200,12
1760124463149,LEAVE,2118,200,12
1760124463149,TEXT,2118,200,12
1760124463149,TEXT,2118,200,12
1760124463149,TEXT,2118,200,12
1760124463149,TEXT,2118,200,12
1760124463149,TEXT,2118,200,12
1760124463149,TEXT,2118,200,12
1760124463149,TEXT,2118,200,12
1760124463149,LEAVE,2118,200,12
1760124463149,TEXT,2118,200,12
1760124463149,TEXT,2118,200,12
1760124463149,TEXT,2118,200,12
1760124463149,TEXT,2118,200,12
1760124463149,TEXT,2118,200,12
1760124463149,TEXT,2118,200,12
1760124463149,TEXT,2118,200,12
1760124463149,TEXT,2118,200,12
1760124463149,TEXT,2118,200,12
1760124463150,TEXT,2118,200,12
1760124463150,TEXT,2118,200,12
1760124463150,TEXT,2118,200,12
1760124463150,TEXT,2118,200,12
1760124463150,TEXT,2118,200,12
1760124463150,TEXT,2118,200,12
1760124463150,TEXT,2118,200,12
1760124463150,TEXT,2118,200,12
1760124463150,TEXT,2117,200,12
1760124463150,LEAVE,2117,200,12
1760124463151,JOIN,2117,200,12
1760124463151,TEXT,2116,200,12
1760124463152,TEXT,2116,200,12
1760124463152,TEXT,2116,200,12
1760124463152,TEXT,2116,200,12
1760124463152,TEXT,2116,200,12
1760124463152,TEXT,2116,200,12
1760124463142,TEXT,2126,200,14
1760124463142,TEXT,2126,200,14
1760124463142,TEXT,2126,200,14
1760124463142,TEXT,2126,200,14
1760124463142,TEXT,2126,200,14
1760124463142,TEXT,2126,200,14
1760124463142,TEXT,2126,200,14
1760124463142,TEXT,2126,200,14
1760124463142,LEAVE,2126,200,14
1760124463142,TEXT,2126,200,14
1760124463142,TEXT,2126,200,14
1760124463143,TEXT,2125,200,14
1760124463143,TEXT,2125,200,14
1760124463144,TEXT,2124,200,14
1760124463144,TEXT,2124,200,14
1760124463144,TEXT,2124,200,14
1760124463145,TEXT,2123,200,14
1760124463145,TEXT,2123,200,14
1760124463145,TEXT,2123,200,14
1760124463145,TEXT,2123,200,14
1760124463145,TEXT,2123,200,14
1760124463145,LEAVE,2123,200,14
1760124463145,TEXT,2122,200,14
1760124463146,TEXT,2122,200,14
1760124463146,TEXT,2121,200,14
1760124463147,JOIN,2121,200,14
1760124463147,TEXT,2121,200,14
1760124463147,TEXT,2121,200,14
1760124463147,JOIN,2121,200,14
1760124463147,TEXT,2121,200,14
1760124463147,TEXT,2121,200,14
1760124463147,TEXT,2121,200,14
1760124463147,TEXT,2121,200,14
1760124463147,TEXT,2121,200,14
1760124463147,TEXT,2120,200,14
1760124463147,TEXT,2120,200,14
1760124463148,LEAVE,2120,200,14
1760124463148,TEXT,2120,200,14
1760124463148,TEXT,2120,200,14
1760124463148,TEXT,2120,200,14
1760124463148,TEXT,2120,200,14
1760124463148,JOIN,2120,200,14
1760124463148,TEXT,2119,200,14
1760124463148,TEXT,2119,200,14
1760124463149,TEXT,2119,200,14
1760124463149,TEXT,2119,200,14
1760124463149,TEXT,2119,200,14
1760124463149,TEXT,2119,200,14
1760124463149,TEXT,2119,200,14
1760124463149,TEXT,2119,200,14
1760124463149,TEXT,2119,200,14
1760124463149,TEXT,2119,200,14
1760124463149,TEXT,2119,200,14
1760124463149,TEXT,2119,200,14
1760124463149,TEXT,2119,200,14
1760124463149,TEXT,2119,200,14
1760124463149,JOIN,2119,200,14
1760124463149,TEXT,2119,200,14
1760124463149,TEXT,2119,200,14
1760124463149,LEAVE,2119,200,14
1760124463149,TEXT,2119,200,14
1760124463149,TEXT,2119,200,14
1760124463149,TEXT,2119,200,14
1760124463149,TEXT,2119,200,14
1760124463149,TEXT,2119,200,14
1760124463149,TEXT,2119,200,14
1760124463149,JOIN,2119,200,14
1760124463149,TEXT,2119,200,14
1760124463149,TEXT,2119,200,14
1760124463149,JOIN,2119,200,14
1760124463149,JOIN,2119,200,14
1760124463149,TEXT,2119,200,14
1760124463149,TEXT,2119,200,14
1760124463149,TEXT,2118,200,14
1760124463150,TEXT,2118,200,14
1760124463150,TEXT,2118,200,14
1760124463150,TEXT,2118,200,14
1760124463150,JOIN,2118,200,14
1760124463150,TEXT,2118,200,14
1760124463150,TEXT,2118,200,14
1760124463150,TEXT,2118,200,14
1760124463150,TEXT,2118,200,14
1760124463150,JOIN,2118,200,14
1760124463150,TEXT,2118,200,14
1760124463151,JOIN,2117,200,14
1760124463151,TEXT,2117,200,14
1760124463142,TEXT,2141,200,17
1760124463142,TEXT,2141,200,17
1760124463142,TEXT,2141,200,17
1760124463142,TEXT,2141,200,17
1760124463142,TEXT,2140,200,17
1760124463142,TEXT,2140,200,17
1760124463142,TEXT,2140,200,17
1760124463143,TEXT,2140,200,17
1760124463143,TEXT,2140,200,17
1760124463144,TEXT,2138,200,17
1760124463145,TEXT,2138,200,17
1760124463145,TEXT,2138,200,17
1760124463145,JOIN,2138,200,17
1760124463145,TEXT,2137,200,17
1760124463145,TEXT,2137,200,17
1760124463145,TEXT,2137,200,17
1760124463146,JOIN,2136,200,17
1760124463146,TEXT,2136,200,17
1760124463146,TEXT,2136,200,17
1760124463147,TEXT,2135,200,17
1760124463147,TEXT,2135,200,17
1760124463147,TEXT,2135,200,17
1760124463147,TEXT,2135,200,17
1760124463147,TEXT,2135,200,17
1760124463147,TEXT,2135,200,17
1760124463147,TEXT,2135,200,17
1760124463147,TEXT,2135,200,17
1760124463147,TEXT,2135,200,17
1760124463147,TEXT,2135,200,17
1760124463147,TEXT,2135,200,17
1760124463148,JOIN,2135,200,17
1760124463148,TEXT,2135,200,17
1760124463148,TEXT,2135,200,17
1760124463148,TEXT,2135,200,17
1760124463148,TEXT,2135,200,17
1760124463148,TEXT,2135,200,17
1760124463148,TEXT,2135,200,17
1760124463148,TEXT,2134,200,17
1760124463148,TEXT,2134,200,17
1760124463148,TEXT,2134,200,17
1760124463149,TEXT,2134,200,17
1760124463149,TEXT,2134,200,17
1760124463149,LEAVE,2134,200,17
1760124463149,TEXT,2134,200,17
1760124463149,TEXT,2134,200,17
1760124463149,TEXT,2134,200,17
1760124463149,TEXT,2134,200,17
1760124463149,TEXT,2134,200,17
1760124463149,TEXT,2134,200,17
1760124463149,TEXT,2134,200,17
1760124463149,TEXT,2134,200,17
1760124463149,TEXT,2134,200,17
1760124463149,TEXT,2134,200,17
1760124463149,TEXT,2134,200,17
1760124463149,TEXT,2134,200,17
1760124463149,TEXT,2134,200,17
1760124463149,TEXT,2134,200,17
1760124463149,TEXT,2134,200,17
1760124463149,TEXT,2134,200,17
1760124463149,TEXT,2134,200,17
1760124463149,TEXT,2134,200,17
1760124463149,TEXT,2134,200,17
1760124463149,TEXT,2134,200,17
1760124463149,TEXT,2134,200,17
1760124463149,TEXT,2134,200,17
1760124463149,TEXT,2134,200,17
1760124463149,TEXT,2134,200,17
1760124463149,JOIN,2134,200,17
1760124463149,TEXT,2134,200,17
1760124463149,TEXT,2134,200,17
1760124463149,TEXT,2134,200,17
1760124463149,TEXT,2134,200,17
1760124463149,TEXT,2133,200,17
1760124463149,TEXT,2133,200,17
1760124463149,TEXT,2133,200,17
1760124463150,TEXT,2133,200,17
1760124463150,TEXT,2133,200,17
1760124463150,TEXT,2133,200,17
1760124463150,TEXT,2133,200,17
1760124463150,TEXT,2132,200,17
1760124463150,TEXT,2132,200,17
1760124463150,TEXT,2132,200,17
1760124463150,TEXT,2132,200,17
1760124463151,TEXT,2132,200,17
1760124463151,TEXT,2132,200,17
1760124463151,TEXT,2132,200,17
1760124463151,TEXT,2132,200,17
1760124463151,TEXT,2131,200,17
1760124463151,TEXT,2131,200,17
1760124463151,TEXT,2131,200,17
1760124463151,TEXT,2131,200,17
1760124463151,TEXT,2131,200,17
1760124463151,TEXT,2131,200,17
1760124463152,TEXT,2131,200,17
1760124463152,TEXT,2131,200,17
1760124463152,TEXT,2131,200,17
1760124463152,TEXT,2131,200,17
1760124463142,TEXT,2150,200,19
1760124463142,TEXT,2150,200,19
1760124463142,TEXT,2150,200,19
1760124463143,TEXT,2150,200,19
1760124463143,TEXT,2150,200,19
1760124463143,TEXT,2149,200,19
1760124463143,TEXT,2149,200,19
1760124463143,TEXT,2149,200,19
1760124463143,LEAVE,2149,200,19
1760124463143,TEXT,2149,200,19
1760124463143,TEXT,2149,200,19
1760124463143,TEXT,2149,200,19
1760124463143,TEXT,2149,200,19
1760124463144,TEXT,2149,200,19
1760124463144,TEXT,2149,200,19
1760124463144,TEXT,2148,200,19
1760124463145,TEXT,2148,200,19
1760124463145,TEXT,2148,200,19
1760124463145,TEXT,2148,200,19
1760124463145,TEXT,2148,200,19
1760124463145,TEXT,2148,200,19
1760124463145,JOIN,2147,200,19
1760124463145,TEXT,2147,200,19
1760124463145,TEXT,2147,200,19
1760124463145,TEXT,2147,200,19
1760124463145,TEXT,2147,200,19
1760124463145,TEXT,2147,200,19
1760124463145,TEXT,2147,200,19
1760124463145,JOIN,2147,200,19
1760124463145,LEAVE,2147,200,19
1760124463146,TEXT,2147,200,19
1760124463146,TEXT,2147,200,19
1760124463146,TEXT,2147,200,19
1760124463146,TEXT,2146,200,19
1760124463146,TEXT,2146,200,19
1760124463146,TEXT,2146,200,19
1760124463146,TEXT,2146,200,19
1760124463146,TEXT,2146,200,19
1760124463146,LEAVE,2146,200,19
1760124463146,TEXT,2146,200,19
1760124463146,TEXT,2146,200,19
1760124463147,TEXT,2146,200,19
1760124463147,TEXT,2146,200,19
1760124463147,TEXT,2145,200,19
1760124463147,TEXT,2145,200,19
1760124463147,JOIN,2145,200,19
1760124463147,LEAVE,2145,200,19
1760124463147,TEXT,2145,200,19
1760124463147,TEXT,2145,200,19
1760124463147,TEXT,2145,200,19
1760124463147,TEXT,2145,200,19
1760124463148,TEXT,2145,200,19
1760124463148,TEXT,2145,200,19
1760124463148,TEXT,2145,200,19
1760124463148,TEXT,2145,200,19
1760124463148,TEXT,2145,200,19
1760124463148,TEXT,2145,200,19
1760124463148,TEXT,2145,200,19
1760124463148,TEXT,2145,200,19
1760124463148,TEXT,2145,200,19
1760124463148,TEXT,2145,200,19
1760124463148,TEXT,2144,200,19
1760124463148,TEXT,2144,200,19
1760124463149,TEXT,2144,200,19
1760124463149,TEXT,2144,200,19
1760124463149,TEXT,2144,200,19
1760124463149,TEXT,2144,200,19
1760124463149,LEAVE,2144,200,19
1760124463149,TEXT,2144,200,19
1760124463149,TEXT,2144,200,19
1760124463149,TEXT,2144,200,19
1760124463149,TEXT,2144,200,19
1760124463149,TEXT,2144,200,19
1760124463149,TEXT,2144,200,19
1760124463149,TEXT,2144,200,19
1760124463149,JOIN,2144,200,19
1760124463149,TEXT,2144,200,19
1760124463149,LEAVE,2144,200,19
1760124463149,LEAVE,2144,200,19
1760124463149,TEXT,2144,200,19
1760124463149,TEXT,2144,200,19
1760124463149,TEXT,2144,200,19
1760124463149,TEXT,2144,200,19
1760124463149,JOIN,2144,200,19
1760124463149,TEXT,2144,200,19
1760124463149,TEXT,2144,200,19
1760124463149,JOIN,2144,200,19
1760124463149,TEXT,2144,200,19
1760124463149,JOIN,2144,200,19
1760124463149,TEXT,2144,200,19
1760124463149,TEXT,2144,200,19
1760124463149,TEXT,2144,200,19
1760124463149,TEXT,2144,200,19
1760124463149,TEXT,2144,200,19
1760124463149,TEXT,2144,200,19
1760124463149,TEXT,2144,200,19
1760124463149,TEXT,2144,200,19
1760124463149,TEXT,2144,200,19
1760124463149,TEXT,2143,200,19
1760124463142,TEXT,2188,200,9
1760124463142,TEXT,2188,200,9
1760124463142,TEXT,2188,200,9
1760124463142,TEXT,2188,200,9
1760124463142,TEXT,2188,200,9
1760124463142,TEXT,2188,200,9
1760124463142,TEXT,2188,200,9
1760124463143,TEXT,2187,200,9
1760124463143,TEXT,2187,200,9
1760124463143,TEXT,2187,200,9
1760124463143,TEXT,2187,200,9
1760124463143,TEXT,2187,200,9
1760124463143,TEXT,2187,200,9
1760124463143,TEXT,2187,200,9
1760124463143,TEXT,2187,200,9
1760124463144,TEXT,2186,200,9
1760124463144,TEXT,2186,200,9
1760124463144,TEXT,2186,200,9
1760124463144,TEXT,2185,200,9
1760124463145,TEXT,2185,200,9
1760124463145,TEXT,2185,200,9
1760124463145,TEXT,2185,200,9
1760124463145,JOIN,2184,200,9
1760124463145,JOIN,2184,200,9
1760124463145,TEXT,2184,200,9
1760124463146,TEXT,2184,200,9
1760124463146,TEXT,2184,200,9
1760124463147,TEXT,2183,200,9
1760124463147,TEXT,2183,200,9
1760124463147,TEXT,2183,200,9
1760124463147,TEXT,2183,200,9
1760124463147,TEXT,2183,200,9
1760124463147,TEXT,2183,200,9
1760124463147,JOIN,2183,200,9
1760124463147,TEXT,2183,200,9
1760124463148,TEXT,2182,200,9
1760124463148,TEXT,2182,200,9
1760124463148,TEXT,2182,200,9
1760124463148,TEXT,2182,200,9
1760124463148,TEXT,2182,200,9
1760124463148,TEXT,2182,200,9
1760124463148,TEXT,2182,200,9
1760124463148,TEXT,2182,200,9
1760124463148,TEXT,2182,200,9
1760124463148,TEXT,2182,200,9
1760124463148,TEXT,2182,200,9
1760124463148,TEXT,2182,200,9
1760124463148,TEXT,2182,200,9
1760124463148,TEXT,2182,200,9
1760124463148,TEXT,2181,200,9
1760124463148,TEXT,2181,200,9
1760124463148,TEXT,2181,200,9
1760124463149,TEXT,2181,200,9
1760124463149,TEXT,2181,200,9
1760124463149,TEXT,2181,200,9
1760124463149,TEXT,2181,200,9
1760124463149,JOIN,2181,200,9
1760124463149,TEXT,2181,200,9
1760124463149,TEXT,2181,200,9
1760124463149,TEXT,2181,200,9
1760124463149,TEXT,2181,200,9
1760124463149,TEXT,2181,200,9
1760124463149,JOIN,2181,200,9
1760124463149,TEXT,2181,200,9
1760124463149,TEXT,2181,200,9
1760124463149,TEXT,2181,200,9
1760124463149,TEXT,2181,200,9
1760124463149,TEXT,2181,200,9
1760124463149,TEXT,2181,200,9
1760124463149,TEXT,2181,200,9
1760124463149,TEXT,2181,200,9
1760124463150,TEXT,2180,200,9
1760124463150,TEXT,2180,200,9
1760124463150,TEXT,2180,200,9
1760124463150,TEXT,2180,200,9
1760124463150,TEXT,2180,200,9
1760124463150,TEXT,2180,200,9
1760124463150,TEXT,2180,200,9
1760124463150,TEXT,2180,200,9
1760124463150,TEXT,2180,200,9
1760124463150,TEXT,2180,200,9
1760124463151,TEXT,2179,200,9
1760124463151,TEXT,2179,200,9
1760124463151,JOIN,2179,200,9
1760124463151,TEXT,2179,200,9
1760124463151,TEXT,2179,200,9
1760124463151,TEXT,2179,200,9
1760124463151,TEXT,2179,200,9
1760124463151,LEAVE,2179,200,9
1760124463151,JOIN,2179,200,9
1760124463151,TEXT,2179,200,9
1760124463151,LEAVE,2178,200,9
1760124463151,TEXT,2178,200,9
1760124463142,TEXT,2190,200,4
1760124463142,TEXT,2190,200,4
1760124463142,TEXT,2190,200,4
1760124463142,TEXT,2190,200,4
1760124463142,TEXT,2190,200,4
1760124463142,TEXT,2190,200,4
1760124463143,TEXT,2189,200,4
1760124463143,TEXT,2189,200,4
1760124463143,TEXT,2189,200,4
1760124463143,TEXT,2189,200,4
1760124463143,JOIN,2189,200,4
1760124463143,TEXT,2189,200,4
1760124463144,TEXT,2188,200,4
1760124463144,TEXT,2188,200,4
1760124463144,JOIN,2188,200,4
1760124463144,TEXT,2188,200,4
1760124463144,TEXT,2188,200,4
1760124463144,TEXT,2188,200,4
1760124463144,TEXT,2188,200,4
1760124463144,TEXT,2187,200,4
1760124463144,TEXT,2187,200,4
1760124463145,JOIN,2187,200,4
1760124463145,TEXT,2187,200,4
1760124463145,TEXT,2187,200,4
1760124463145,TEXT,2187,200,4
1760124463145,TEXT,2187,200,4
1760124463145,TEXT,2187,200,4
1760124463145,TEXT,2187,200,4
1760124463145,JOIN,2187,200,4
1760124463145,TEXT,2187,200,4
1760124463145,JOIN,2187,200,4
1760124463145,JOIN,2186,200,4
1760124463146,TEXT,2186,200,4
1760124463146,TEXT,2186,200,4
1760124463146,TEXT,2185,200,4
1760124463147,TEXT,2185,200,4
1760124463147,TEXT,2185,200,4
1760124463147,TEXT,2185,200,4
1760124463147,TEXT,2185,200,4
1760124463147,TEXT,2185,200,4
1760124463147,TEXT,2185,200,4
1760124463147,TEXT,2185,200,4
1760124463147,TEXT,2185,200,4
1760124463147,JOIN,2185,200,4
1760124463148,TEXT,2184,200,4
1760124463148,TEXT,2184,200,4
1760124463148,TEXT,2184,200,4
1760124463148,TEXT,2185,200,4
1760124463148,TEXT,2185,200,4
1760124463148,TEXT,2185,200,4
1760124463148,LEAVE,2185,200,4
1760124463148,TEXT,2185,200,4
1760124463148,TEXT,2185,200,4
1760124463148,TEXT,2184,200,4
1760124463149,TEXT,2184,200,4
1760124463149,TEXT,2184,200,4
1760124463149,TEXT,2184,200,4
1760124463149,TEXT,2184,200,4
1760124463149,TEXT,2184,200,4
1760124463149,JOIN,2184,200,4
1760124463149,TEXT,2184,200,4
1760124463149,TEXT,2184,200,4
1760124463149,TEXT,2184,200,4
1760124463149,TEXT,2184,200,4
1760124463149,TEXT,2184,200,4
1760124463149,JOIN,2184,200,4
1760124463149,TEXT,2184,200,4
1760124463149,TEXT,2184,200,4
1760124463149,TEXT,2183,200,4
1760124463149,TEXT,2183,200,4
1760124463149,TEXT,2183,200,4
1760124463149,TEXT,2183,200,4
1760124463149,TEXT,2183,200,4
1760124463149,TEXT,2183,200,4
1760124463149,TEXT,2183,200,4
1760124463149,TEXT,2183,200,4
1760124463149,JOIN,2183,200,4
1760124463149,TEXT,2183,200,4
1760124463149,TEXT,2183,200,4
1760124463149,TEXT,2183,200,4
1760124463149,TEXT,2183,200,4
1760124463149,TEXT,2183,200,4
1760124463150,TEXT,2183,200,4
1760124463150,TEXT,2183,200,4
1760124463150,TEXT,2183,200,4
1760124463150,TEXT,2183,200,4
1760124463150,TEXT,2182,200,4
1760124463150,TEXT,2182,200,4
1760124463150,TEXT,2182,200,4
1760124463150,TEXT,2182,200,4
1760124463150,TEXT,2182,200,4
1760124463150,TEXT,2182,200,4
1760124463150,TEXT,2182,200,4
1760124463150,TEXT,2182,200,4
1760124463150,TEXT,2182,200,4
1760124463151,TEXT,2181,200,4
1760124463151,TEXT,2181,200,4
1760124463151,TEXT,2181,200,4
1760124463151,TEXT,2181,200,4
1760124463151,TEXT,2181,200,4
1760124463151,TEXT,2181,200,4
1760124463152,TEXT,2181,200,4
1760124463152,TEXT,2181,200,4
1760124463152,TEXT,2181,200,4
1760124463152,TEXT,2181,200,4
1760124463152,TEXT,2180,200,4
1760124463152,TEXT,2180,200,4
1760124463152,TEXT,2180,200,4
1760124463152,TEXT,2180,200,4
1760124463152,TEXT,2180,200,4
1760124463152,TEXT,2180,200,4
1760124463152,TEXT,2180,200,4
1760124463152,TEXT,2180,200,4
1760124463152,TEXT,2180,200,4
1760124463152,TEXT,2180,200,4
1760124463152,TEXT,2180,200,4
1760124463153,TEXT,2180,200,4
1760124463153,TEXT,2180,200,4
1760124463153,TEXT,2180,200,4
1760124463153,TEXT,2180,200,4
1760124463153,JOIN,2179,200,4
1760124463153,TEXT,2179,200,4
1760124463155,TEXT,2177,200,4
1760124463155,TEXT,2177,200,4
1760124463155,TEXT,2177,200,4
1760124463155,TEXT,2177,200,4
1760124463156,TEXT,2177,200,4
1760124463163,TEXT,2169,200,4
1760124463164,TEXT,2169,200,4
1760124463164,TEXT,2168,200,4
1760124463164,TEXT,2168,200,4
1760124463164,TEXT,2168,200,4
1760124463164,TEXT,2168,200,4
1760124463165,TEXT,2168,200,4
1760124463165,TEXT,2168,200,4
1760124463165,TEXT,2168,200,4
1760124463165,TEXT,2167,200,4
1760124463165,TEXT,2167,200,4
1760124463165,TEXT,2167,200,4
1760124463165,TEXT,2167,200,4
1760124463167,TEXT,2165,200,4
1760124463167,TEXT,2165,200,4
1760124463167,TEXT,2165,200,4
1760124463167,TEXT,2165,200,4
1760124463167,TEXT,2165,200,4
1760124463167,TEXT,2165,200,4
1760124463167,TEXT,2165,200,4
1760124463167,TEXT,2165,200,4
1760124463167,TEXT,2165,200,4
1760124463167,TEXT,2165,200,4
1760124463167,TEXT,2165,200,4
1760124463167,TEXT,2165,200,4
1760124463168,TEXT,2165,200,4
1760124463168,TEXT,2165,200,4
1760124463169,JOIN,2164,200,4
1760124463169,TEXT,2164,200,4
1760124463169,TEXT,2164,200,4
1760124463169,TEXT,2164,200,4
1760124463169,TEXT,2164,200,4
1760124463169,JOIN,2163,200,4
1760124463169,TEXT,2163,200,4
1760124463169,TEXT,2163,200,4
1760124463169,TEXT,2163,200,4
1760124463169,TEXT,2163,200,4
1760124463169,TEXT,2163,200,4
1760124463169,TEXT,2163,200,4
1760124463169,TEXT,2163,200,4
1760124463169,TEXT,2163,200,4
1760124463170,TEXT,2163,200,4
1760124463170,TEXT,2163,200,4
1760124463170,TEXT,2162,200,4
1760124463170,TEXT,2162,200,4
1760124463170,TEXT,2162,200,4
1760124463170,TEXT,2162,200,4
1760124463170,TEXT,2162,200,4
1760124463170,TEXT,2162,200,4
1760124463173,TEXT,2160,200,4
1760124463173,LEAVE,2160,200,4
1760124463173,TEXT,2160,200,4
1760124463173,TEXT,2160,200,4
1760124463173,TEXT,2160,200,4
1760124463182,TEXT,2151,200,4
1760124463182,TEXT,2150,200,4
1760124463182,JOIN,2150,200,4
1760124463182,TEXT,2150,200,4
1760124463142,LEAVE,2204,200,6
1760124463142,TEXT,2204,200,6
1760124463142,TEXT,2204,200,6
1760124463142,TEXT,2204,200,6
1760124463142,TEXT,2204,200,6
1760124463143,JOIN,2203,200,6
1760124463143,TEXT,2203,200,6
1760124463143,TEXT,2203,200,6
1760124463143,JOIN,2203,200,6
1760124463143,TEXT,2203,200,6
1760124463143,TEXT,2203,200,6
1760124463143,TEXT,2203,200,6
1760124463143,TEXT,2203,200,6
1760124463144,TEXT,2202,200,6
1760124463144,TEXT,2202,200,6
1760124463144,TEXT,2202,200,6
1760124463145,TEXT,2201,200,6
1760124463145,JOIN,2201,200,6
1760124463145,TEXT,2201,200,6
1760124463145,TEXT,2201,200,6
1760124463145,TEXT,2201,200,6
1760124463145,TEXT,2201,200,6
1760124463146,TEXT,2200,200,6
1760124463146,TEXT,2200,200,6
1760124463146,TEXT,2200,200,6
1760124463146,TEXT,2200,200,6
1760124463146,LEAVE,2200,200,6
1760124463147,JOIN,2199,200,6
1760124463147,TEXT,2199,200,6
1760124463147,TEXT,2199,200,6
1760124463147,TEXT,2199,200,6
1760124463147,TEXT,2199,200,6
1760124463147,TEXT,2199,200,6
1760124463147,TEXT,2199,200,6
1760124463147,LEAVE,2199,200,6
1760124463147,TEXT,2199,200,6
1760124463147,TEXT,2199,200,6
1760124463148,LEAVE,2199,200,6
1760124463148,TEXT,2199,200,6
1760124463148,TEXT,2199,200,6
1760124463148,TEXT,2199,200,6
1760124463148,TEXT,2198,200,6
1760124463148,TEXT,2198,200,6
1760124463148,LEAVE,2198,200,6
1760124463148,TEXT,2198,200,6
1760124463148,TEXT,2198,200,6
1760124463148,TEXT,2198,200,6
1760124463148,TEXT,2198,200,6
1760124463148,TEXT,2198,200,6
1760124463148,TEXT,2198,200,6
1760124463148,TEXT,2198,200,6
1760124463148,TEXT,2198,200,6
1760124463148,TEXT,2198,200,6
1760124463148,LEAVE,2198,200,6
1760124463148,TEXT,2198,200,6
1760124463148,TEXT,2198,200,6
1760124463148,TEXT,2198,200,6
1760124463148,TEXT,2198,200,6
1760124463149,TEXT,2198,200,6
1760124463149,TEXT,2198,200,6
1760124463149,TEXT,2198,200,6
1760124463149,TEXT,2198,200,6
1760124463149,TEXT,2197,200,6
1760124463149,TEXT,2197,200,6
1760124463149,TEXT,2197,200,6
1760124463149,TEXT,2197,200,6
1760124463149,TEXT,2197,200,6
1760124463149,TEXT,2197,200,6
1760124463149,TEXT,2197,200,6
1760124463149,TEXT,2197,200,6
1760124463149,TEXT,2197,200,6
1760124463149,TEXT,2197,200,6
1760124463149,TEXT,2197,200,6
1760124463149,TEXT,2197,200,6
1760124463149,TEXT,2197,200,6
1760124463149,TEXT,2197,200,6
1760124463149,TEXT,2197,200,6
1760124463149,TEXT,2197,200,6
1760124463149,TEXT,2197,200,6
1760124463149,TEXT,2197,200,6
1760124463149,TEXT,2197,200,6
1760124463150,TEXT,2197,200,6
1760124463150,TEXT,2196,200,6
1760124463150,TEXT,2196,200,6
1760124463150,TEXT,2196,200,6
1760124463150,LEAVE,2196,200,6
1760124463150,TEXT,2196,200,6
1760124463150,TEXT,2196,200,6
1760124463150,TEXT,2196,200,6
1760124463150,TEXT,2196,200,6
1760124463150,TEXT,2196,200,6
1760124463150,TEXT,2196,200,6
1760124463150,TEXT,2196,200,6
1760124463150,TEXT,2196,200,6
1760124463151,TEXT,2195,200,6
1760124463151,TEXT,2195,200,6
1760124463151,TEXT,2195,200,6
1760124463151,TEXT,2195,200,6
1760124463151,JOIN,2195,200,6
1760124463151,TEXT,2195,200,6
1760124463151,TEXT,2195,200,6
1760124463151,TEXT,2195,200,6
1760124463151,TEXT,2195,200,6
1760124463152,TEXT,2195,200,6
1760124463152,JOIN,2195,200,6
1760124463152,TEXT,2195,200,6
1760124463152,TEXT,2194,200,6
1760124463152,TEXT,2194,200,6
1760124463152,TEXT,2194,200,6
1760124463152,TEXT,2194,200,6
1760124463152,LEAVE,2194,200,6
1760124463152,TEXT,2194,200,6
1760124463152,TEXT,2194,200,6
1760124463152,TEXT,2194,200,6
1760124463152,TEXT,2194,200,6
1760124463152,LEAVE,2194,200,6
1760124463152,TEXT,2194,200,6
1760124463153,TEXT,2193,200,6
1760124463153,TEXT,2193,200,6
1760124463153,TEXT,2193,200,6
1760124463153,TEXT,2193,200,6
1760124463155,TEXT,2191,200,6
1760124463155,TEXT,2191,200,6
1760124463155,TEXT,2191,200,6
1760124463155,TEXT,2191,200,6
1760124463155,TEXT,2191,200,6
1760124463155,TEXT,2191,200,6
1760124463155,TEXT,2191,200,6
1760124463155,TEXT,2191,200,6
1760124463155,TEXT,2191,200,6
1760124463155,TEXT,2191,200,6
1760124463156,TEXT,2191,200,6
1760124463164,TEXT,2183,200,6
1760124463164,TEXT,2182,200,6
1760124463164,TEXT,2182,200,6
1760124463164,TEXT,2182,200,6
1760124463164,TEXT,2182,200,6
1760124463164,TEXT,2182,200,6
1760124463164,TEXT,2182,200,6
1760124463165,TEXT,2182,200,6
1760124463165,TEXT,2182,200,6
1760124463165,TEXT,2182,200,6
1760124463165,TEXT,2182,200,6
1760124463165,TEXT,2182,200,6
1760124463165,TEXT,2182,200,6
1760124463165,LEAVE,2181,200,6
1760124463165,TEXT,2181,200,6
1760124463165,TEXT,2181,200,6
1760124463165,TEXT,2181,200,6
1760124463165,TEXT,2181,200,6
1760124463165,TEXT,2181,200,6
1760124463165,JOIN,2181,200,6
1760124463165,TEXT,2181,200,6
1760124463167,TEXT,2179,200,6
1760124463167,TEXT,2179,200,6
1760124463167,TEXT,2179,200,6
1760124463167,TEXT,2179,200,6
1760124463167,TEXT,2179,200,6
1760124463167,TEXT,2179,200,6
1760124463167,TEXT,2179,200,6
1760124463167,TEXT,2179,200,6
1760124463167,TEXT,2179,200,6
1760124463168,TEXT,2178,200,6
1760124463169,TEXT,2177,200,6
1760124463169,TEXT,2177,200,6
1760124463169,TEXT,2177,200,6
1760124463169,TEXT,2177,200,6
1760124463170,TEXT,2177,200,6
1760124463170,LEAVE,2177,200,6
1760124463170,TEXT,2177,200,6
1760124463170,TEXT,2177,200,6
1760124463170,TEXT,2177,200,6
1760124463170,TEXT,2177,200,6
1760124463170,TEXT,2176,200,6
1760124463170,TEXT,2176,200,6
1760124463170,TEXT,2176,200,6
1760124463170,TEXT,2176,200,6
1760124463170,TEXT,2176,200,6
1760124463173,TEXT,2174,200,6
1760124463173,TEXT,2174,200,6
1760124463173,TEXT,2174,200,6
1760124463173,TEXT,2174,200,6
1760124463182,LEAVE,2164,200,6
1760124463182,TEXT,2164,200,6
1760124463182,TEXT,2164,200,6
1760124463182,TEXT,2164,200,6
1760124463367,TEXT,2009,200,2
1760124463367,TEXT,2008,200,2
1760124463367,JOIN,2008,200,2
1760124463368,TEXT,2008,200,2
1760124463368,TEXT,2007,200,2
1760124463368,TEXT,2007,200,2
1760124463368,TEXT,2007,200,2
1760124463368,TEXT,2007,200,2
1760124463368,TEXT,2007,200,2
1760124463368,TEXT,2007,200,2
1760124463368,TEXT,2007,200,2
1760124463368,TEXT,2007,200,2
1760124463368,TEXT,2007,200,2
1760124463368,TEXT,2007,200,2
1760124463368,TEXT,2007,200,2
1760124463368,TEXT,2007,200,2
1760124463369,TEXT,2007,200,2
1760124463369,TEXT,2007,200,2
1760124463369,TEXT,2006,200,2
1760124463369,TEXT,2006,200,2
1760124463369,TEXT,2006,200,2
1760124463369,TEXT,2006,200,2
1760124463370,TEXT,2005,200,2
1760124463370,TEXT,2005,200,2
1760124463370,JOIN,2005,200,2
1760124463370,TEXT,2005,200,2
1760124463370,TEXT,2005,200,2
1760124463370,TEXT,2005,200,2
1760124463370,TEXT,2005,200,2
1760124463370,TEXT,2005,200,2
1760124463371,TEXT,2004,200,2
1760124463371,TEXT,2004,200,2
1760124463371,TEXT,2004,200,2
1760124463371,TEXT,2004,200,2
1760124463371,TEXT,2004,200,2
1760124463371,TEXT,2004,200,2
1760124463372,TEXT,2003,200,2
1760124463372,TEXT,2003,200,2
1760124463372,TEXT,2003,200,2
1760124463372,TEXT,2003,200,2
1760124463372,TEXT,2003,200,2
1760124463372,TEXT,2003,200,2
1760124463372,TEXT,2003,200,2
1760124463372,TEXT,2003,200,2
1760124463372,TEXT,2003,200,2
1760124463372,TEXT,2003,200,2
1760124463372,TEXT,2003,200,2
1760124463372,TEXT,2003,200,2
1760124463372,TEXT,2003,200,2
1760124463373,TEXT,2003,200,2
1760124463373,JOIN,2003,200,2
1760124463373,TEXT,2002,200,2
1760124463373,TEXT,2002,200,2
1760124463373,TEXT,2002,200,2
1760124463373,TEXT,2002,200,2
1760124463373,TEXT,2002,200,2
1760124463373,TEXT,2002,200,2
1760124463374,TEXT,2002,200,2
1760124463374,TEXT,2002,200,2
1760124463376,TEXT,2000,200,2
1760124463376,TEXT,2000,200,2
1760124463376,TEXT,2000,200,2
1760124463377,TEXT,1999,200,2
1760124463377,TEXT,1999,200,2
1760124463377,TEXT,1999,200,2
1760124463377,TEXT,1999,200,2
1760124463377,TEXT,1999,200,2
1760124463377,TEXT,1999,200,2
1760124463377,TEXT,1999,200,2
1760124463378,TEXT,1998,200,2
1760124463378,TEXT,1998,200,2
1760124463378,TEXT,1998,200,2
1760124463378,TEXT,1998,200,2
1760124463378,TEXT,1998,200,2
1760124463378,TEXT,1998,200,2
1760124463378,TEXT,1998,200,2
1760124463378,TEXT,1997,200,2
1760124463378,TEXT,1997,200,2
1760124463378,TEXT,1997,200,2
1760124463378,TEXT,1997,200,2
1760124463378,TEXT,1997,200,2
1760124463379,TEXT,1997,200,2
1760124463379,TEXT,1997,200,2
1760124463379,LEAVE,1997,200,2
1760124463379,LEAVE,1997,200,2
1760124463379,TEXT,1997,200,2
1760124463379,TEXT,1997,200,2
1760124463379,TEXT,1997,200,2
1760124463379,TEXT,1997,200,2
1760124463379,TEXT,1997,200,2
1760124463379,TEXT,1997,200,2
1760124463379,TEXT,1997,200,2
1760124463379,TEXT,1997,200,2
1760124463379,TEXT,1997,200,2
1760124463379,TEXT,1997,200,2
1760124463379,TEXT,1996,200,2
1760124463367,TEXT,2035,200,7
1760124463367,TEXT,2035,200,7
1760124463367,TEXT,2035,200,7
1760124463367,TEXT,2035,200,7
1760124463367,TEXT,2035,200,7
1760124463367,TEXT,2035,200,7
1760124463367,TEXT,2035,200,7
1760124463367,TEXT,2035,200,7
1760124463367,TEXT,2035,200,7
1760124463367,TEXT,2035,200,7
1760124463368,TEXT,2034,200,7
1760124463368,TEXT,2034,200,7
1760124463368,TEXT,2034,200,7
1760124463368,TEXT,2034,200,7
1760124463368,TEXT,2034,200,7
1760124463368,TEXT,2034,200,7
1760124463368,TEXT,2034,200,7
1760124463368,TEXT,2034,200,7
1760124463368,TEXT,2034,200,7
1760124463368,LEAVE,2034,200,7
1760124463369,TEXT,2033,200,7
1760124463369,TEXT,2033,200,7
1760124463369,TEXT,2033,200,7
1760124463369,JOIN,2033,200,7
1760124463369,TEXT,2033,200,7
1760124463369,JOIN,2033,200,7
1760124463369,TEXT,2033,200,7
1760124463369,TEXT,2033,200,7
1760124463370,TEXT,2032,200,7
1760124463370,TEXT,2032,200,7
1760124463370,TEXT,2032,200,7
1760124463370,TEXT,2032,200,7
1760124463370,JOIN,2032,200,7
1760124463370,TEXT,2032,200,7
1760124463371,TEXT,2031,200,7
1760124463371,TEXT,2031,200,7
1760124463371,TEXT,2031,200,7
1760124463372,TEXT,2030,200,7
1760124463372,TEXT,2030,200,7
1760124463372,TEXT,2030,200,7
1760124463372,TEXT,2030,200,7
1760124463372,TEXT,2030,200,7
1760124463372,TEXT,2030,200,7
1760124463372,JOIN,2030,200,7
1760124463372,LEAVE,2029,200,7
1760124463372,TEXT,2029,200,7
1760124463372,TEXT,2029,200,7
1760124463372,TEXT,2029,200,7
1760124463372,TEXT,2029,200,7
1760124463372,TEXT,2029,200,7
1760124463372,TEXT,2029,200,7
1760124463373,TEXT,2029,200,7
1760124463373,TEXT,2029,200,7
1760124463373,TEXT,2029,200,7
1760124463373,TEXT,2029,200,7
1760124463373,TEXT,2029,200,7
1760124463373,TEXT,2029,200,7
1760124463373,LEAVE,2029,200,7
1760124463373,TEXT,2029,200,7
1760124463373,TEXT,2029,200,7
1760124463373,TEXT,2029,200,7
1760124463374,TEXT,2028,200,7
1760124463374,TEXT,2028,200,7
1760124463374,TEXT,2028,200,7
1760124463376,TEXT,2026,200,7
1760124463377,TEXT,2025,200,7
1760124463377,LEAVE,2025,200,7
1760124463377,JOIN,2025,200,7
1760124463377,TEXT,2025,200,7
1760124463377,TEXT,2025,200,7
1760124463377,JOIN,2025,200,7
1760124463377,TEXT,2025,200,7
1760124463378,TEXT,2024,200,7
1760124463378,TEXT,2024,200,7
1760124463378,TEXT,2024,200,7
1760124463378,TEXT,2024,200,7
1760124463378,LEAVE,2024,200,7
1760124463378,TEXT,2024,200,7
1760124463378,TEXT,2024,200,7
1760124463378,JOIN,2024,200,7
1760124463378,TEXT,2024,200,7
1760124463378,LEAVE,2023,200,7
1760124463378,TEXT,2023,200,7
1760124463379,TEXT,2023,200,7
1760124463379,TEXT,2023,200,7
1760124463379,TEXT,2023,200,7
1760124463379,TEXT,2023,200,7
1760124463379,JOIN,2023,200,7
1760124463379,TEXT,2023,200,7
1760124463379,TEXT,2023,200,7
1760124463379,TEXT,2023,200,7
1760124463379,TEXT,2023,200,7
1760124463379,TEXT,2023,200,7
1760124463379,LEAVE,2023,200,7
1760124463379,TEXT,2023,200,7
1760124463379,TEXT,2023,200,7
1760124463367,TEXT,2036,200,15
1760124463367,TEXT,2036,200,15
1760124463367,TEXT,2036,200,15
1760124463368,TEXT,2035,200,15
1760124463368,TEXT,2035,200,15
1760124463368,TEXT,2035,200,15
1760124463368,LEAVE,2035,200,15
1760124463368,TEXT,2035,200,15
1760124463368,TEXT,2035,200,15
1760124463368,TEXT,2035,200,15
1760124463368,TEXT,2035,200,15
1760124463368,TEXT,2035,200,15
1760124463368,TEXT,2035,200,15
1760124463368,TEXT,2035,200,15
1760124463368,JOIN,2034,200,15
1760124463368,TEXT,2034,200,15
1760124463369,TEXT,2034,200,15
1760124463369,TEXT,2034,200,15
1760124463369,TEXT,2034,200,15
1760124463369,LEAVE,2034,200,15
1760124463369,JOIN,2034,200,15
1760124463369,TEXT,2034,200,15
1760124463369,TEXT,2034,200,15
1760124463369,TEXT,2034,200,15
1760124463370,TEXT,2033,200,15
1760124463370,TEXT,2033,200,15
1760124463370,TEXT,2033,200,15
1760124463370,TEXT,2033,200,15
1760124463370,TEXT,2033,200,15
1760124463371,TEXT,2032,200,15
1760124463371,TEXT,2032,200,15
1760124463371,TEXT,2032,200,15
1760124463371,TEXT,2032,200,15
1760124463371,TEXT,2032,200,15
1760124463371,TEXT,2032,200,15
1760124463371,TEXT,2032,200,15
1760124463371,TEXT,2032,200,15
1760124463372,TEXT,2031,200,15
1760124463372,TEXT,2031,200,15
1760124463372,TEXT,2031,200,15
1760124463372,TEXT,2031,200,15
1760124463372,TEXT,2031,200,15
1760124463372,TEXT,2031,200,15
1760124463372,TEXT,2031,200,15
1760124463372,TEXT,2031,200,15
1760124463372,TEXT,2031,200,15
1760124463372,TEXT,2031,200,15
1760124463372,TEXT,2031,200,15
1760124463372,TEXT,2031,200,15
1760124463372,TEXT,2031,200,15
1760124463372,TEXT,2031,200,15
1760124463372,TEXT,2031,200,15
1760124463373,TEXT,2031,200,15
1760124463373,TEXT,2030,200,15
1760124463373,TEXT,2030,200,15
1760124463373,TEXT,2030,200,15
1760124463373,TEXT,2030,200,15
1760124463373,TEXT,2030,200,15
1760124463373,TEXT,2030,200,15
1760124463373,TEXT,2030,200,15
1760124463373,TEXT,2030,200,15
1760124463373,JOIN,2030,200,15
1760124463373,TEXT,2030,200,15
1760124463373,TEXT,2030,200,15
1760124463377,TEXT,2026,200,15
1760124463377,TEXT,2026,200,15
1760124463377,TEXT,2026,200,15
1760124463377,TEXT,2026,200,15
1760124463377,TEXT,2026,200,15
1760124463377,JOIN,2026,200,15
1760124463377,TEXT,2026,200,15
1760124463377,TEXT,2026,200,15
1760124463377,LEAVE,2026,200,15
1760124463377,TEXT,2026,200,15
1760124463377,TEXT,2026,200,15
1760124463378,TEXT,2026,200,15
1760124463378,TEXT,2026,200,15
1760124463378,JOIN,2026,200,15
1760124463378,TEXT,2026,200,15
1760124463378,TEXT,2026,200,15
1760124463378,TEXT,2026,200,15
1760124463378,TEXT,2025,200,15
1760124463378,LEAVE,2025,200,15
1760124463378,TEXT,2025,200,15
1760124463378,TEXT,2025,200,15
1760124463379,TEXT,2024,200,15
1760124463379,TEXT,2024,200,15
1760124463379,TEXT,2024,200,15
1760124463379,TEXT,2024,200,15
1760124463379,TEXT,2024,200,15
1760124463379,TEXT,2024,200,15
1760124463379,TEXT,2024,200,15
1760124463379,TEXT,2024,200,15
1760124463367,TEXT,2051,200,20
1760124463367,TEXT,2051,200,20
1760124463367,TEXT,2051,200,20
1760124463367,TEXT,2050,200,20
1760124463367,TEXT,2050,200,20
1760124463367,TEXT,2050,200,20
1760124463368,TEXT,2050,200,20
1760124463368,TEXT,2050,200,20
1760124463368,TEXT,2050,200,20
1760124463368,TEXT,2049,200,20
1760124463368,LEAVE,2049,200,20
1760124463368,JOIN,2049,200,20
1760124463368,TEXT,2049,200,20
1760124463368,JOIN,2049,200,20
1760124463368,JOIN,2049,200,20
1760124463368,TEXT,2049,200,20
1760124463369,TEXT,2048,200,20
1760124463369,TEXT,2048,200,20
1760124463369,JOIN,2048,200,20
1760124463369,TEXT,2048,200,20
1760124463370,TEXT,2048,200,20
1760124463370,TEXT,2047,200,20
1760124463370,TEXT,2047,200,20
1760124463370,TEXT,2047,200,20
1760124463370,TEXT,2047,200,20
1760124463371,TEXT,2047,200,20
1760124463371,TEXT,2047,200,20
1760124463371,TEXT,2047,200,20
1760124463371,TEXT,2047,200,20
1760124463371,TEXT,2046,200,20
1760124463371,TEXT,2046,200,20
1760124463372,TEXT,2045,200,20
1760124463372,TEXT,2045,200,20
1760124463372,TEXT,2045,200,20
1760124463372,LEAVE,2045,200,20
1760124463372,TEXT,2045,200,20
1760124463372,LEAVE,2045,200,20
1760124463372,TEXT,2045,200,20
1760124463372,TEXT,2045,200,20
1760124463372,TEXT,2045,200,20
1760124463372,TEXT,2045,200,20
1760124463372,TEXT,2045,200,20
1760124463372,TEXT,2045,200,20
1760124463372,TEXT,2045,200,20
1760124463372,TEXT,2045,200,20
1760124463372,TEXT,2045,200,20
1760124463373,LEAVE,2044,200,20
1760124463373,LEAVE,2044,200,20
1760124463373,LEAVE,2044,200,20
1760124463373,TEXT,2044,200,20
1760124463373,LEAVE,2044,200,20
1760124463373,TEXT,2044,200,20
1760124463373,JOIN,2044,200,20
1760124463373,TEXT,2044,200,20
1760124463374,TEXT,2044,200,20
1760124463374,TEXT,2044,200,20
1760124463376,TEXT,2041,200,20
1760124463376,TEXT,2041,200,20
1760124463377,LEAVE,2041,200,20
1760124463377,TEXT,2041,200,20
1760124463377,TEXT,2041,200,20
1760124463377,TEXT,2041,200,20
1760124463377,TEXT,2041,200,20
1760124463377,TEXT,2041,200,20
1760124463377,TEXT,2040,200,20
1760124463377,TEXT,2040,200,20
1760124463377,TEXT,2040,200,20
1760124463377,TEXT,2040,200,20
1760124463377,TEXT,2040,200,20
1760124463378,TEXT,2040,200,20
1760124463378,TEXT,2040,200,20
1760124463378,TEXT,2040,200,20
1760124463378,TEXT,2040,200,20
1760124463378,TEXT,2040,200,20
1760124463378,TEXT,2040,200,20
1760124463378,TEXT,2040,200,20
1760124463378,TEXT,2040,200,20
1760124463378,TEXT,2040,200,20
1760124463378,TEXT,2040,200,20
1760124463378,TEXT,2040,200,20
1760124463378,TEXT,2039,200,20
1760124463379,TEXT,2039,200,20
1760124463379,LEAVE,2039,200,20
1760124463379,TEXT,2039,200,20
1760124463379,TEXT,2039,200,20
1760124463379,TEXT,2039,200,20
1760124463379,TEXT,2038,200,20
1760124463379,TEXT,2038,200,20
1760124463379,TEXT,2038,200,20
1760124463379,TEXT,2038,200,20
1760124463379,TEXT,2038,200,20
1760124463379,TEXT,2038,200,20
1760124463367,TEXT,2068,200,5
1760124463367,TEXT,2068,200,5
1760124463367,TEXT,2068,200,5
1760124463367,TEXT,2068,200,5
1760124463367,TEXT,2068,200,5
1760124463367,TEXT,2068,200,5
1760124463367,TEXT,2068,200,5
1760124463367,TEXT,2068,200,5
1760124463367,JOIN,2068,200,5
1760124463367,TEXT,2068,200,5
1760124463367,TEXT,2067,200,5
1760124463367,LEAVE,2067,200,5
1760124463368,JOIN,2067,200,5
1760124463368,TEXT,2067,200,5
1760124463368,TEXT,2067,200,5
1760124463368,TEXT,2067,200,5
1760124463368,TEXT,2067,200,5
1760124463368,TEXT,2066,200,5
1760124463368,TEXT,2066,200,5
1760124463368,TEXT,2066,200,5
1760124463369,TEXT,2066,200,5
1760124463369,TEXT,2066,200,5
1760124463369,TEXT,2065,200,5
1760124463369,TEXT,2065,200,5
1760124463369,TEXT,2065,200,5
1760124463369,LEAVE,2065,200,5
1760124463370,TEXT,2065,200,5
1760124463370,TEXT,2064,200,5
1760124463370,TEXT,2064,200,5
1760124463370,TEXT,2064,200,5
1760124463370,TEXT,2064,200,5
1760124463370,TEXT,2064,200,5
1760124463370,TEXT,2064,200,5
1760124463370,TEXT,2064,200,5
1760124463370,TEXT,2064,200,5
1760124463370,TEXT,2064,200,5
1760124463371,TEXT,2064,200,5
1760124463371,TEXT,2064,200,5
1760124463371,TEXT,2063,200,5
1760124463371,TEXT,2063,200,5
1760124463371,TEXT,2063,200,5
1760124463372,TEXT,2063,200,5
1760124463372,TEXT,2062,200,5
1760124463372,TEXT,2062,200,5
1760124463372,TEXT,2062,200,5
1760124463372,TEXT,2062,200,5
1760124463372,TEXT,2062,200,5
1760124463372,TEXT,2062,200,5
1760124463372,LEAVE,2062,200,5
1760124463372,TEXT,2062,200,5
1760124463372,TEXT,2062,200,5
1760124463372,TEXT,2062,200,5
1760124463372,TEXT,2062,200,5
1760124463372,TEXT,2062,200,5
1760124463372,TEXT,2062,200,5
1760124463372,TEXT,2062,200,5
1760124463373,TEXT,2062,200,5
1760124463373,TEXT,2062,200,5
1760124463373,TEXT,2062,200,5
1760124463373,TEXT,2062,200,5
1760124463373,TEXT,2062,200,5
1760124463373,TEXT,2061,200,5
1760124463373,TEXT,2061,200,5
1760124463373,TEXT,2061,200,5
1760124463373,LEAVE,2061,200,5
1760124463373,TEXT,2061,200,5
1760124463374,TEXT,2061,200,5
1760124463374,LEAVE,2061,200,5
1760124463376,TEXT,2059,200,5
1760124463376,TEXT,2058,200,5
1760124463377,TEXT,2058,200,5
1760124463377,TEXT,2058,200,5
1760124463377,TEXT,2057,200,5
1760124463377,TEXT,2057,200,5
1760124463377,TEXT,2057,200,5
1760124463377,TEXT,2057,200,5
1760124463378,TEXT,2057,200,5
1760124463378,TEXT,2057,200,5
1760124463378,TEXT,2057,200,5
1760124463378,TEXT,2057,200,5
1760124463378,LEAVE,2057,200,5
1760124463378,TEXT,2057,200,5
1760124463378,TEXT,2057,200,5
1760124463378,TEXT,2057,200,5
1760124463378,TEXT,2057,200,5
1760124463378,TEXT,2056,200,5
1760124463379,TEXT,2056,200,5
1760124463379,TEXT,2056,200,5
1760124463379,TEXT,2056,200,5
1760124463379,TEXT,2056,200,5
1760124463379,TEXT,2056,200,5
1760124463379,TEXT,2056,200,5
1760124463379,TEXT,2056,200,5
1760124463379,TEXT,2056,200,5
1760124463379,TEXT,2056,200,5
1760124463379,TEXT,2056,200,5
1760124463379,TEXT,2056,200,5
1760124463379,TEXT,2056,200,5
1760124463379,TEXT,2056,200,5
1760124463379,LEAVE,2055,200,5
1760124463379,TEXT,2055,200,5
1760124463379,TEXT,2055,200,5
1760124463379,TEXT,2055,200,5
1760124463379,TEXT,2055,200,5
1760124463380,TEXT,2055,200,5
1760124463380,TEXT,2055,200,5
1760124463380,TEXT,2055,200,5
1760124463380,JOIN,2055,200,5
1760124463380,TEXT,2055,200,5
1760124463380,TEXT,2055,200,5
1760124463367,JOIN,2098,200,8
1760124463367,JOIN,2098,200,8
1760124463367,TEXT,2098,200,8
1760124463367,TEXT,2097,200,8
1760124463367,TEXT,2097,200,8
1760124463367,TEXT,2097,200,8
1760124463367,TEXT,2097,200,8
1760124463367,TEXT,2097,200,8
1760124463368,TEXT,2097,200,8
1760124463368,TEXT,2097,200,8
1760124463368,TEXT,2097,200,8
1760124463368,TEXT,2097,200,8
1760124463368,TEXT,2097,200,8
1760124463368,TEXT,2097,200,8
1760124463368,TEXT,2097,200,8
1760124463368,TEXT,2096,200,8
1760124463368,TEXT,2096,200,8
1760124463368,TEXT,2096,200,8
1760124463369,TEXT,2096,200,8
1760124463369,TEXT,2096,200,8
1760124463369,JOIN,2096,200,8
1760124463369,TEXT,2095,200,8
1760124463369,TEXT,2095,200,8
1760124463369,TEXT,2095,200,8
1760124463370,TEXT,2094,200,8
1760124463371,TEXT,2094,200,8
1760124463371,TEXT,2094,200,8
1760124463371,TEXT,2093,200,8
1760124463371,TEXT,2093,200,8
1760124463371,TEXT,2093,200,8
1760124463371,LEAVE,2093,200,8
1760124463371,TEXT,2093,200,8
1760124463372,TEXT,2093,200,8
1760124463372,TEXT,2093,200,8
1760124463372,TEXT,2092,200,8
1760124463372,TEXT,2092,200,8
1760124463372,TEXT,2092,200,8
1760124463372,TEXT,2092,200,8
1760124463372,TEXT,2092,200,8
1760124463372,TEXT,2092,200,8
1760124463372,TEXT,2092,200,8
1760124463372,TEXT,2092,200,8
1760124463372,TEXT,2092,200,8
1760124463372,TEXT,2092,200,8
1760124463372,TEXT,2092,200,8
1760124463373,TEXT,2092,200,8
1760124463373,TEXT,2092,200,8
1760124463373,TEXT,2092,200,8
1760124463373,TEXT,2092,200,8
1760124463373,TEXT,2092,200,8
1760124463373,TEXT,2092,200,8
1760124463373,TEXT,2092,200,8
1760124463373,TEXT,2092,200,8
1760124463373,TEXT,2091,200,8
1760124463373,TEXT,2091,200,8
1760124463373,TEXT,2091,200,8
1760124463373,TEXT,2091,200,8
1760124463376,TEXT,2088,200,8
1760124463376,TEXT,2088,200,8
1760124463377,TEXT,2088,200,8
1760124463377,TEXT,2088,200,8
1760124463377,JOIN,2088,200,8
1760124463377,JOIN,2087,200,8
1760124463377,TEXT,2087,200,8
1760124463377,TEXT,2087,200,8
1760124463377,TEXT,2087,200,8
1760124463378,TEXT,2087,200,8
1760124463378,TEXT,2087,200,8
1760124463378,TEXT,2087,200,8
1760124463378,TEXT,2087,200,8
1760124463378,TEXT,2087,200,8
1760124463378,TEXT,2087,200,8
1760124463378,TEXT,2087,200,8
1760124463378,TEXT,2087,200,8
1760124463378,TEXT,2087,200,8
1760124463378,TEXT,2087,200,8
1760124463378,TEXT,2087,200,8
1760124463378,TEXT,2087,200,8
1760124463378,LEAVE,2086,200,8
1760124463378,TEXT,2086,200,8
1760124463378,TEXT,2086,200,8
1760124463379,TEXT,2086,200,8
1760124463379,JOIN,2086,200,8
1760124463379,TEXT,2086,200,8
1760124463379,TEXT,2086,200,8
1760124463379,TEXT,2086,200,8
1760124463379,TEXT,2086,200,8
1760124463379,TEXT,2086,200,8
1760124463379,TEXT,2086,200,8
1760124463379,TEXT,2086,200,8
1760124463379,JOIN,2085,200,8
1760124463379,TEXT,2085,200,8
1760124463379,TEXT,2085,200,8
1760124463379,TEXT,2085,200,8
1760124463379,LEAVE,2085,200,8
1760124463380,TEXT,2085,200,8
1760124463380,TEXT,2085,200,8
1760124463380,TEXT,2085,200,8
1760124463367,TEXT,2121,200,13
1760124463367,LEAVE,2121,200,13
1760124463367,TEXT,2120,200,13
1760124463367,TEXT,2120,200,13
1760124463367,TEXT,2120,200,13
1760124463367,TEXT,2120,200,13
1760124463367,TEXT,2120,200,13
1760124463368,LEAVE,2120,200,13
1760124463368,TEXT,2120,200,13
1760124463368,TEXT,2119,200,13
1760124463368,TEXT,2119,200,13
1760124463368,TEXT,2119,200,13
1760124463368,TEXT,2119,200,13
1760124463368,LEAVE,2119,200,13
1760124463368,TEXT,2119,200,13
1760124463368,TEXT,2119,200,13
1760124463368,LEAVE,2119,200,13
1760124463368,TEXT,2119,200,13
1760124463368,TEXT,2119,200,13
1760124463368,TEXT,2119,200,13
1760124463368,TEXT,2119,200,13
1760124463369,TEXT,2119,200,13
1760124463369,TEXT,2119,200,13
1760124463369,TEXT,2118,200,13
1760124463369,TEXT,2118,200,13
1760124463369,TEXT,2118,200,13
1760124463369,TEXT,2118,200,13
1760124463369,TEXT,2118,200,13
1760124463369,TEXT,2118,200,13
1760124463370,LEAVE,2117,200,13
1760124463370,TEXT,2117,200,13
1760124463370,TEXT,2117,200,13
1760124463370,TEXT,2117,200,13
1760124463370,TEXT,2117,200,13
1760124463370,TEXT,2117,200,13
1760124463370,TEXT,2117,200,13
1760124463370,TEXT,2117,200,13
1760124463371,TEXT,2116,200,13
1760124463371,TEXT,2116,200,13
1760124463371,TEXT,2116,200,13
1760124463371,TEXT,2116,200,13
1760124463371,TEXT,2116,200,13
1760124463371,TEXT,2116,200,13
1760124463371,TEXT,2116,200,13
1760124463372,TEXT,2115,200,13
1760124463372,TEXT,2115,200,13
1760124463372,TEXT,2115,200,13
1760124463372,TEXT,2115,200,13
1760124463372,TEXT,2115,200,13
1760124463372,TEXT,2115,200,13
1760124463372,TEXT,2115,200,13
1760124463372,LEAVE,2115,200,13
1760124463372,TEXT,2115,200,13
1760124463372,TEXT,2115,200,13
1760124463372,TEXT,2115,200,13
1760124463372,TEXT,2115,200,13
1760124463373,TEXT,2114,200,13
1760124463373,TEXT,2114,200,13
1760124463373,TEXT,2114,200,13
1760124463373,TEXT,2114,200,13
1760124463373,TEXT,2114,200,13
1760124463373,TEXT,2114,200,13
1760124463373,TEXT,2114,200,13
1760124463373,TEXT,2114,200,13
1760124463373,TEXT,2114,200,13
1760124463374,TEXT,2114,200,13
1760124463374,TEXT,2114,200,13
1760124463376,TEXT,2111,200,13
1760124463376,TEXT,2111,200,13
1760124463376,TEXT,2111,200,13
1760124463376,TEXT,2111,200,13
1760124463377,TEXT,2111,200,13
1760124463377,TEXT,2111,200,13
1760124463377,TEXT,2110,200,13
1760124463377,TEXT,2110,200,13
1760124463377,TEXT,2110,200,13
1760124463377,TEXT,2110,200,13
1760124463377,TEXT,2110,200,13
1760124463377,TEXT,2110,200,13
1760124463367,TEXT,2125,200,3
1760124463367,TEXT,2125,200,3
1760124463367,TEXT,2125,200,3
1760124463367,TEXT,2125,200,3
1760124463367,TEXT,2124,200,3
1760124463367,TEXT,2124,200,3
1760124463368,TEXT,2124,200,3
1760124463368,TEXT,2124,200,3
1760124463368,TEXT,2124,200,3
1760124463368,TEXT,2124,200,3
1760124463368,TEXT,2124,200,3
1760124463368,TEXT,2124,200,3
1760124463368,TEXT,2124,200,3
1760124463368,TEXT,2123,200,3
1760124463368,TEXT,2123,200,3
1760124463368,JOIN,2123,200,3
1760124463368,TEXT,2123,200,3
1760124463368,TEXT,2123,200,3
1760124463368,TEXT,2123,200,3
1760124463368,TEXT,2123,200,3
1760124463368,JOIN,2123,200,3
1760124463368,TEXT,2123,200,3
1760124463368,TEXT,2123,200,3
1760124463369,TEXT,2123,200,3
1760124463369,TEXT,2123,200,3
1760124463369,LEAVE,2123,200,3
1760124463369,TEXT,2123,200,3
1760124463369,TEXT,2123,200,3
1760124463369,TEXT,2123,200,3
1760124463369,JOIN,2122,200,3
1760124463369,TEXT,2122,200,3
1760124463370,TEXT,2122,200,3
1760124463370,TEXT,2122,200,3
1760124463370,TEXT,2122,200,3
1760124463370,TEXT,2121,200,3
1760124463370,TEXT,2121,200,3
1760124463370,TEXT,2121,200,3
1760124463370,LEAVE,2121,200,3
1760124463371,TEXT,2121,200,3
1760124463371,TEXT,2121,200,3
1760124463371,TEXT,2121,200,3
1760124463371,LEAVE,2121,200,3
1760124463371,TEXT,2120,200,3
1760124463371,TEXT,2120,200,3
1760124463371,TEXT,2120,200,3
1760124463371,TEXT,2120,200,3
1760124463371,TEXT,2120,200,3
1760124463371,TEXT,2120,200,3
1760124463372,TEXT,2119,200,3
1760124463372,TEXT,2119,200,3
1760124463372,TEXT,2119,200,3
1760124463372,TEXT,2119,200,3
1760124463372,TEXT,2119,200,3
1760124463372,TEXT,2119,200,3
1760124463372,TEXT,2119,200,3
1760124463372,LEAVE,2119,200,3
1760124463372,TEXT,2119,200,3
1760124463373,TEXT,2119,200,3
1760124463373,TEXT,2119,200,3
1760124463373,TEXT,2119,200,3
1760124463373,TEXT,2119,200,3
1760124463373,TEXT,2119,200,3
1760124463373,TEXT,2119,200,3
1760124463373,TEXT,2119,200,3
1760124463373,TEXT,2119,200,3
1760124463373,TEXT,2119,200,3
1760124463373,TEXT,2118,200,3
1760124463373,TEXT,2118,200,3
1760124463373,TEXT,2118,200,3
1760124463373,TEXT,2118,200,3
1760124463373,TEXT,2118,200,3
1760124463376,TEXT,2116,200,3
1760124463376,TEXT,2115,200,3
1760124463377,TEXT,2115,200,3
1760124463377,TEXT,2115,200,3
1760124463377,LEAVE,2115,200,3
1760124463377,TEXT,2114,200,3
1760124463377,TEXT,2114,200,3
1760124463377,TEXT,2114,200,3
1760124463378,TEXT,2114,200,3
1760124463378,JOIN,2114,200,3
1760124463378,TEXT,2114,200,3
1760124463378,TEXT,2114,200,3
1760124463378,TEXT,2114,200,3
1760124463378,LEAVE,2114,200,3
1760124463367,TEXT,2143,200,18
1760124463367,TEXT,2143,200,18
1760124463367,TEXT,2143,200,18
1760124463367,TEXT,2143,200,18
1760124463367,LEAVE,2143,200,18
1760124463367,TEXT,2142,200,18
1760124463368,TEXT,2142,200,18
1760124463368,TEXT,2142,200,18
1760124463368,TEXT,2142,200,18
1760124463368,TEXT,2142,200,18
1760124463368,TEXT,2142,200,18
1760124463368,TEXT,2142,200,18
1760124463368,TEXT,2142,200,18
1760124463368,TEXT,2141,200,18
1760124463368,TEXT,2141,200,18
1760124463369,TEXT,2141,200,18
1760124463369,TEXT,2141,200,18
1760124463369,TEXT,2141,200,18
1760124463369,TEXT,2141,200,18
1760124463369,TEXT,2141,200,18
1760124463369,TEXT,2140,200,18
1760124463369,TEXT,2140,200,18
1760124463369,TEXT,2140,200,18
1760124463369,TEXT,2140,200,18
1760124463369,TEXT,2140,200,18
1760124463370,TEXT,2140,200,18
1760124463370,TEXT,2140,200,18
1760124463370,TEXT,2140,200,18
1760124463370,TEXT,2140,200,18
1760124463370,TEXT,2140,200,18
1760124463370,TEXT,2140,200,18
1760124463370,TEXT,2140,200,18
1760124463370,TEXT,2140,200,18
1760124463370,TEXT,2140,200,18
1760124463370,TEXT,2140,200,18
1760124463370,JOIN,2140,200,18
1760124463371,TEXT,2139,200,18
1760124463371,TEXT,2139,200,18
1760124463371,TEXT,2139,200,18
1760124463372,TEXT,2138,200,18
1760124463372,TEXT,2138,200,18
1760124463372,LEAVE,2138,200,18
1760124463372,TEXT,2138,200,18
1760124463372,TEXT,2137,200,18
1760124463372,TEXT,2137,200,18
1760124463372,TEXT,2137,200,18
1760124463372,TEXT,2137,200,18
1760124463372,TEXT,2137,200,18
1760124463372,TEXT,2137,200,18
1760124463372,TEXT,2137,200,18
1760124463372,TEXT,2137,200,18
1760124463372,TEXT,2137,200,18
1760124463372,JOIN,2137,200,18
1760124463372,TEXT,2137,200,18
1760124463372,TEXT,2137,200,18
1760124463373,TEXT,2137,200,18
1760124463373,LEAVE,2137,200,18
1760124463373,TEXT,2137,200,18
1760124463373,TEXT,2137,200,18
1760124463373,TEXT,2137,200,18
1760124463373,TEXT,2137,200,18
1760124463373,TEXT,2137,200,18
1760124463373,TEXT,2137,200,18
1760124463373,LEAVE,2137,200,18
1760124463373,TEXT,2137,200,18
1760124463373,JOIN,2137,200,18
1760124463373,TEXT,2137,200,18
1760124463373,TEXT,2137,200,18
1760124463373,TEXT,2137,200,18
1760124463373,TEXT,2137,200,18
1760124463373,TEXT,2137,200,18
1760124463373,TEXT,2137,200,18
1760124463373,TEXT,2136,200,18
1760124463367,TEXT,2146,200,11
1760124463367,TEXT,2146,200,11
1760124463367,TEXT,2146,200,11
1760124463367,TEXT,2146,200,11
1760124463367,TEXT,2146,200,11
1760124463367,TEXT,2146,200,11
1760124463367,TEXT,2146,200,11
1760124463367,TEXT,2146,200,11
1760124463367,TEXT,2146,200,11
1760124463367,LEAVE,2146,200,11
1760124463368,TEXT,2145,200,11
1760124463368,TEXT,2145,200,11
1760124463368,TEXT,2145,200,11
1760124463368,TEXT,2145,200,11
1760124463368,TEXT,2145,200,11
1760124463368,TEXT,2145,200,11
1760124463368,TEXT,2145,200,11
1760124463368,TEXT,2145,200,11
1760124463368,TEXT,2145,200,11
1760124463368,TEXT,2145,200,11
1760124463368,TEXT,2145,200,11
1760124463368,TEXT,2145,200,11
1760124463368,TEXT,2145,200,11
1760124463368,TEXT,2145,200,11
1760124463368,TEXT,2145,200,11
1760124463369,TEXT,2144,200,11
1760124463369,TEXT,2144,200,11
1760124463369,TEXT,2144,200,11
1760124463370,JOIN,2143,200,11
1760124463370,TEXT,2143,200,11
1760124463370,TEXT,2143,200,11
1760124463370,TEXT,2143,200,11
1760124463370,TEXT,2143,200,11
1760124463370,TEXT,2143,200,11
1760124463370,TEXT,2143,200,11
1760124463370,TEXT,2143,200,11
1760124463370,TEXT,2143,200,11
1760124463370,TEXT,2143,200,11
1760124463371,TEXT,2142,200,11
1760124463371,TEXT,2142,200,11
1760124463371,LEAVE,2142,200,11
1760124463371,TEXT,2142,200,11
1760124463371,TEXT,2142,200,11
1760124463372,TEXT,2141,200,11
1760124463372,TEXT,2141,200,11
1760124463372,TEXT,2141,200,11
1760124463372,TEXT,2141,200,11
1760124463372,TEXT,2141,200,11
1760124463372,TEXT,2141,200,11
1760124463372,TEXT,2141,200,11
1760124463372,TEXT,2141,200,11
1760124463372,TEXT,2141,200,11
1760124463372,TEXT,2141,200,11
1760124463372,TEXT,2141,200,11
1760124463372,TEXT,2141,200,11
1760124463372,TEXT,2141,200,11
1760124463372,TEXT,2141,200,11
1760124463373,TEXT,2141,200,11
1760124463373,TEXT,2140,200,11
1760124463373,TEXT,2140,200,11
1760124463373,TEXT,2140,200,11
1760124463373,TEXT,2140,200,11
1760124463373,TEXT,2140,200,11
1760124463373,TEXT,2140,200,11
1760124463373,TEXT,2140,200,11
1760124463374,TEXT,2140,200,11
1760124463374,TEXT,2139,200,11
1760124463376,TEXT,2137,200,11
1760124463376,JOIN,2137,200,11
1760124463377,TEXT,2136,200,11
1760124463377,TEXT,2136,200,11
1760124463377,TEXT,2136,200,11
1760124463377,TEXT,2136,200,11
1760124463377,LEAVE,2136,200,11
1760124463377,TEXT,2136,200,11
1760124463377,TEXT,2136,200,11
1760124463377,TEXT,2136,200,11
1760124463378,TEXT,2136,200,11
1760124463378,TEXT,2135,200,11
1760124463378,TEXT,2135,200,11
1760124463378,TEXT,2135,200,11
1760124463378,TEXT,2135,200,11
1760124463378,TEXT,2135,200,11
1760124463378,TEXT,2135,200,11
1760124463378,TEXT,2135,200,11
1760124463378,JOIN,2135,200,11
1760124463378,TEXT,2135,200,11
1760124463379,TEXT,2135,200,11
1760124463379,TEXT,2135,200,11
1760124463379,TEXT,2134,200,11
1760124463379,JOIN,2134,200,11
1760124463379,TEXT,2134,200,11
1760124463367,JOIN,2153,200,16
1760124463367,TEXT,2153,200,16
1760124463367,TEXT,2153,200,16
1760124463367,TEXT,2153,200,16
1760124463367,TEXT,2153,200,16
1760124463367,TEXT,2153,200,16
1760124463367,JOIN,2153,200,16
1760124463367,TEXT,2153,200,16
1760124463367,TEXT,2153,200,16
1760124463368,JOIN,2153,200,16
1760124463368,TEXT,2153,200,16
1760124463368,TEXT,2153,200,16
1760124463368,TEXT,2153,200,16
1760124463368,TEXT,2152,200,16
1760124463368,TEXT,2152,200,16
1760124463368,TEXT,2152,200,16
1760124463368,TEXT,2152,200,16
1760124463368,LEAVE,2152,200,16
1760124463368,TEXT,2152,200,16
1760124463368,TEXT,2152,200,16
1760124463368,TEXT,2152,200,16
1760124463368,TEXT,2152,200,16
1760124463369,TEXT,2152,200,16
1760124463369,LEAVE,2151,200,16
1760124463369,TEXT,2151,200,16
1760124463369,TEXT,2151,200,16
1760124463369,TEXT,2151,200,16
1760124463369,TEXT,2151,200,16
1760124463369,TEXT,2151,200,16
1760124463369,LEAVE,2151,200,16
1760124463369,TEXT,2151,200,16
1760124463369,TEXT,2151,200,16
1760124463370,LEAVE,2151,200,16
1760124463370,TEXT,2151,200,16
1760124463370,TEXT,2150,200,16
1760124463370,TEXT,2150,200,16
1760124463370,TEXT,2150,200,16
1760124463370,TEXT,2150,200,16
1760124463370,TEXT,2150,200,16
1760124463370,TEXT,2150,200,16
1760124463370,TEXT,2150,200,16
1760124463370,TEXT,2150,200,16
1760124463370,TEXT,2150,200,16
1760124463371,TEXT,2149,200,16
1760124463371,TEXT,2149,200,16
1760124463371,TEXT,2149,200,16
1760124463371,TEXT,2149,200,16
1760124463372,TEXT,2148,200,16
1760124463372,TEXT,2148,200,16
1760124463372,TEXT,2148,200,16
1760124463372,TEXT,2148,200,16
1760124463372,TEXT,2148,200,16
1760124463372,TEXT,2148,200,16
1760124463372,LEAVE,2148,200,16
1760124463372,TEXT,2148,200,16
1760124463373,TEXT,2148,200,16
1760124463373,TEXT,2147,200,16
1760124463373,TEXT,2147,200,16
1760124463373,TEXT,2147,200,16
1760124463373,TEXT,2147,200,16
1760124463373,TEXT,2147,200,16
1760124463373,TEXT,2147,200,16
1760124463373,TEXT,2147,200,16
1760124463373,TEXT,2147,200,16
1760124463373,JOIN,2147,200,16
1760124463373,TEXT,2147,200,16
1760124463373,TEXT,2147,200,16
1760124463373,TEXT,2147,200,16
1760124463374,TEXT,2147,200,16
1760124463376,TEXT,2144,200,16
1760124463377,TEXT,2143,200,16
1760124463377,TEXT,2143,200,16
1760124463377,TEXT,2143,200,16
1760124463377,TEXT,2143,200,16
1760124463378,TEXT,2143,200,16
1760124463378,TEXT,2143,200,16
1760124463378,TEXT,2143,200,16
1760124463378,TEXT,2143,200,16
1760124463378,TEXT,2143,200,16
1760124463378,TEXT,2142,200,16
1760124463378,TEXT,2142,200,16
1760124463378,TEXT,2142,200,16
1760124463378,TEXT,2142,200,16
1760124463367,TEXT,2167,200,1
1760124463367,TEXT,2169,200,1
1760124463367,JOIN,2169,200,1
1760124463367,TEXT,2169,200,1
1760124463368,TEXT,2168,200,1
1760124463368,TEXT,2168,200,1
1760124463368,TEXT,2168,200,1
1760124463368,TEXT,2168,200,1
1760124463368,TEXT,2168,200,1
1760124463368,TEXT,2168,200,1
1760124463368,TEXT,2168,200,1
1760124463368,TEXT,2168,200,1
1760124463369,TEXT,2168,200,1
1760124463369,TEXT,2168,200,1
1760124463369,TEXT,2168,200,1
1760124463369,JOIN,2168,200,1
1760124463369,TEXT,2168,200,1
1760124463370,TEXT,2167,200,1
1760124463370,TEXT,2167,200,1
1760124463370,TEXT,2167,200,1
1760124463370,JOIN,2167,200,1
1760124463371,TEXT,2166,200,1
1760124463371,TEXT,2166,200,1
1760124463371,TEXT,2166,200,1
1760124463371,TEXT,2166,200,1
1760124463371,JOIN,2166,200,1
1760124463371,TEXT,2166,200,1
1760124463371,TEXT,2166,200,1
1760124463371,JOIN,2166,200,1
1760124463372,TEXT,2166,200,1
1760124463372,TEXT,2165,200,1
1760124463372,TEXT,2166,200,1
1760124463372,TEXT,2166,200,1
1760124463372,TEXT,2165,200,1
1760124463372,TEXT,2165,200,1
1760124463373,TEXT,2165,200,1
1760124463373,TEXT,2165,200,1
1760124463373,LEAVE,2165,200,1
1760124463373,TEXT,2165,200,1
1760124463373,LEAVE,2165,200,1
1760124463373,TEXT,2165,200,1
1760124463373,TEXT,2165,200,1
1760124463373,TEXT,2165,200,1
1760124463373,TEXT,2165,200,1
1760124463373,TEXT,2166,200,1
1760124463373,TEXT,2166,200,1
1760124463374,TEXT,2165,200,1
1760124463374,TEXT,2165,200,1
1760124463374,TEXT,2165,200,1
1760124463376,TEXT,2163,200,1
1760124463376,TEXT,2163,200,1
1760124463377,TEXT,2162,200,1
1760124463377,TEXT,2162,200,1
1760124463377,TEXT,2162,200,1
1760124463377,TEXT,2162,200,1
1760124463377,TEXT,2162,200,1
1760124463377,TEXT,2162,200,1
1760124463378,TEXT,2162,200,1
1760124463378,TEXT,2162,200,1
1760124463378,TEXT,2162,200,1
1760124463378,JOIN,2162,200,1
1760124463378,TEXT,2162,200,1
1760124463378,LEAVE,2162,200,1
1760124463378,TEXT,2161,200,1
1760124463378,TEXT,2161,200,1
1760124463379,TEXT,2161,200,1
1760124463379,TEXT,2161,200,1
1760124463379,TEXT,2161,200,1
1760124463379,TEXT,2161,200,1
1760124463379,TEXT,2161,200,1
1760124463379,TEXT,2161,200,1
1760124463379,TEXT,2161,200,1
1760124463379,JOIN,2161,200,1
1760124463379,TEXT,2161,200,1
1760124463379,TEXT,2161,200,1
1760124463379,TEXT,2161,200,1
1760124463379,TEXT,2161,200,1
1760124463367,TEXT,2181,200,12
1760124463367,TEXT,2181,200,12
1760124463367,TEXT,2181,200,12
1760124463367,TEXT,2181,200,12
1760124463367,TEXT,2181,200,12
1760124463368,TEXT,2181,200,12
1760124463368,TEXT,2181,200,12
1760124463368,TEXT,2181,200,12
1760124463368,TEXT,2181,200,12
1760124463368,TEXT,2181,200,12
1760124463368,TEXT,2181,200,12
1760124463368,TEXT,2180,200,12
1760124463368,TEXT,2180,200,12
1760124463368,TEXT,2180,200,12
1760124463368,TEXT,2180,200,12
1760124463368,TEXT,2180,200,12
1760124463369,TEXT,2180,200,12
1760124463369,TEXT,2180,200,12
1760124463369,TEXT,2180,200,12
1760124463369,TEXT,2180,200,12
1760124463369,TEXT,2180,200,12
1760124463369,TEXT,2180,200,12
1760124463369,TEXT,2180,200,12
1760124463369,TEXT,2179,200,12
1760124463369,TEXT,2179,200,12
1760124463370,TEXT,2179,200,12
1760124463370,TEXT,2179,200,12
1760124463370,TEXT,2179,200,12
1760124463370,TEXT,2179,200,12
1760124463370,TEXT,2179,200,12
1760124463370,TEXT,2179,200,12
1760124463370,TEXT,2179,200,12
1760124463371,TEXT,2178,200,12
1760124463371,TEXT,2178,200,12
1760124463371,LEAVE,2178,200,12
1760124463371,TEXT,2178,200,12
1760124463371,TEXT,2178,200,12
1760124463371,TEXT,2178,200,12
1760124463371,TEXT,2178,200,12
1760124463372,TEXT,2177,200,12
1760124463372,TEXT,2177,200,12
1760124463372,TEXT,2177,200,12
1760124463372,TEXT,2177,200,12
1760124463372,TEXT,2177,200,12
1760124463372,LEAVE,2177,200,12
1760124463372,TEXT,2177,200,12
1760124463372,TEXT,2177,200,12
1760124463372,LEAVE,2177,200,12
1760124463372,TEXT,2177,200,12
1760124463372,TEXT,2177,200,12
1760124463372,TEXT,2177,200,12
1760124463372,TEXT,2177,200,12
1760124463372,TEXT,2177,200,12
1760124463372,TEXT,2177,200,12
1760124463373,TEXT,2177,200,12
1760124463373,TEXT,2177,200,12
1760124463373,TEXT,2177,200,12
1760124463373,TEXT,2177,200,12
1760124463373,TEXT,2177,200,12
1760124463373,TEXT,2177,200,12
1760124463373,JOIN,2177,200,12
1760124463373,TEXT,2177,200,12
1760124463373,TEXT,2177,200,12
1760124463373,TEXT,2176,200,12
1760124463373,TEXT,2176,200,12
1760124463373,TEXT,2176,200,12
1760124463373,TEXT,2176,200,12
1760124463376,TEXT,2174,200,12
1760124463376,TEXT,2174,200,12
1760124463376,TEXT,2174,200,12
1760124463376,TEXT,2174,200,12
1760124463376,TEXT,2174,200,12
1760124463377,TEXT,2173,200,12
1760124463377,TEXT,2172,200,12
1760124463377,TEXT,2172,200,12
1760124463377,TEXT,2172,200,12
1760124463377,TEXT,2172,200,12
1760124463377,JOIN,2172,200,12
1760124463377,LEAVE,2173,200,12
1760124463378,TEXT,2173,200,12
1760124463378,TEXT,2173,200,12
1760124463378,TEXT,2173,200,12
1760124463378,TEXT,2172,200,12
1760124463378,TEXT,2172,200,12
1760124463378,TEXT,2172,200,12
1760124463378,TEXT,2172,200,12
1760124463378,TEXT,2172,200,12
1760124463378,TEXT,2172,200,12
1760124463378,TEXT,2172,200,12
1760124463378,TEXT,2172,200,12
1760124463378,LEAVE,2172,200,12
1760124463379,TEXT,2172,200,12
1760124463379,JOIN,2172,200,12
1760124463379,TEXT,2172,200,12
1760124463379,JOIN,2172,200,12
1760124463379,TEXT,2172,200,12
1760124463379,TEXT,2172,200,12
1760124463379,TEXT,2172,200,12
1760124463379,TEXT,2172,200,12
1760124463367,TEXT,2204,200,14
1760124463367,TEXT,2204,200,14
1760124463367,TEXT,2203,200,14
1760124463367,TEXT,2203,200,14
1760124463367,TEXT,2203,200,14
1760124463368,TEXT,2203,200,14
1760124463368,TEXT,2203,200,14
1760124463368,TEXT,2203,200,14
1760124463368,TEXT,2203,200,14
1760124463368,TEXT,2203,200,14
1760124463368,TEXT,2203,200,14
1760124463368,TEXT,2203,200,14
1760124463368,TEXT,2203,200,14
1760124463368,TEXT,2203,200,14
1760124463368,TEXT,2203,200,14
1760124463368,LEAVE,2202,200,14
1760124463368,JOIN,2202,200,14
1760124463368,TEXT,2202,200,14
1760124463369,TEXT,2202,200,14
1760124463369,TEXT,2202,200,14
1760124463369,TEXT,2202,200,14
1760124463370,TEXT,2201,200,14
1760124463370,TEXT,2201,200,14
1760124463370,LEAVE,2201,200,14
1760124463371,LEAVE,2200,200,14
1760124463371,TEXT,2200,200,14
1760124463371,TEXT,2200,200,14
1760124463371,TEXT,2200,200,14
1760124463372,TEXT,2199,200,14
1760124463372,TEXT,2199,200,14
1760124463372,TEXT,2199,200,14
1760124463372,TEXT,2199,200,14
1760124463372,TEXT,2199,200,14
1760124463372,TEXT,2199,200,14
1760124463372,TEXT,2199,200,14
1760124463372,TEXT,2199,200,14
1760124463372,TEXT,2199,200,14
1760124463372,TEXT,2199,200,14
1760124463372,TEXT,2199,200,14
1760124463372,TEXT,2199,200,14
1760124463372,TEXT,2199,200,14
1760124463372,TEXT,2199,200,14
1760124463373,TEXT,2199,200,14
1760124463373,TEXT,2199,200,14
1760124463373,TEXT,2198,200,14
1760124463373,TEXT,2198,200,14
1760124463373,TEXT,2198,200,14
1760124463373,TEXT,2198,200,14
1760124463373,TEXT,2198,200,14
1760124463373,JOIN,2198,200,14
1760124463373,TEXT,2198,200,14
1760124463373,TEXT,2198,200,14
1760124463373,TEXT,2198,200,14
1760124463376,TEXT,2195,200,14
1760124463376,TEXT,2195,200,14
1760124463376,TEXT,2195,200,14
1760124463377,TEXT,2194,200,14
1760124463377,TEXT,2194,200,14
1760124463377,TEXT,2194,200,14
1760124463377,TEXT,2194,200,14
1760124463377,TEXT,2194,200,14
1760124463377,TEXT,2194,200,14
1760124463378,TEXT,2194,200,14
1760124463378,TEXT,2194,200,14
1760124463378,TEXT,2194,200,14
1760124463378,TEXT,2194,200,14
1760124463378,TEXT,2194,200,14
1760124463378,TEXT,2194,200,14
1760124463378,TEXT,2194,200,14
1760124463378,TEXT,2194,200,14
1760124463378,TEXT,2194,200,14
1760124463378,TEXT,2194,200,14
1760124463378,TEXT,2193,200,14
1760124463379,TEXT,2193,200,14
1760124463379,TEXT,2193,200,14
1760124463379,TEXT,2193,200,14
1760124463379,TEXT,2193,200,14
1760124463379,TEXT,2193,200,14
1760124463379,TEXT,2193,200,14
1760124463379,TEXT,2193,200,14
1760124463379,TEXT,2193,200,14
1760124463379,TEXT,2193,200,14
1760124463379,TEXT,2192,200,14
1760124463380,TEXT,2192,200,14
1760124463380,TEXT,2192,200,14
1760124463380,TEXT,2192,200,14
1760124463380,TEXT,2192,200,14
1760124463380,TEXT,2192,200,14
1760124463380,TEXT,2192,200,14
1760124463380,TEXT,2192,200,14
1760124463380,TEXT,2192,200,14
1760124463380,TEXT,2192,200,14
1760124463380,TEXT,2192,200,14
1760124463380,TEXT,2192,200,14
1760124463380,TEXT,2192,200,14
1760124463380,TEXT,2192,200,14
1760124463573,TEXT,2029,200,17
1760124463573,TEXT,2029,200,17
1760124463573,TEXT,2028,200,17
1760124463574,TEXT,2028,200,17
1760124463574,TEXT,2028,200,17
1760124463574,TEXT,2028,200,17
1760124463574,TEXT,2028,200,17
1760124463574,TEXT,2028,200,17
1760124463574,TEXT,2028,200,17
1760124463574,TEXT,2028,200,17
1760124463574,TEXT,2028,200,17
1760124463574,TEXT,2028,200,17
1760124463574,TEXT,2028,200,17
1760124463574,TEXT,2028,200,17
1760124463574,JOIN,2028,200,17
1760124463574,TEXT,2028,200,17
1760124463574,TEXT,2028,200,17
1760124463574,TEXT,2028,200,17
1760124463574,TEXT,2028,200,17
1760124463574,JOIN,2028,200,17
1760124463575,TEXT,2027,200,17
1760124463575,TEXT,2027,200,17
1760124463575,TEXT,2027,200,17
1760124463575,TEXT,2027,200,17
1760124463575,TEXT,2027,200,17
1760124463575,TEXT,2027,200,17
1760124463575,TEXT,2027,200,17
1760124463575,TEXT,2027,200,17
1760124463575,TEXT,2027,200,17
1760124463576,JOIN,2027,200,17
1760124463576,TEXT,2026,200,17
1760124463576,TEXT,2026,200,17
1760124463576,TEXT,2026,200,17
1760124463576,TEXT,2026,200,17
1760124463576,TEXT,2026,200,17
1760124463576,TEXT,2026,200,17
1760124463576,TEXT,2026,200,17
1760124463577,TEXT,2026,200,17
1760124463577,JOIN,2025,200,17
1760124463577,TEXT,2025,200,17
1760124463577,LEAVE,2025,200,17
1760124463577,TEXT,2025,200,17
1760124463577,TEXT,2025,200,17
1760124463583,TEXT,2019,200,17
1760124463583,TEXT,2019,200,17
1760124463583,TEXT,2019,200,17
1760124463583,TEXT,2019,200,17
1760124463583,TEXT,2019,200,17
1760124463583,TEXT,2019,200,17
1760124463583,TEXT,2019,200,17
1760124463583,TEXT,2019,200,17
1760124463583,TEXT,2019,200,17
1760124463584,TEXT,2019,200,17
1760124463584,TEXT,2019,200,17
1760124463584,TEXT,2019,200,17
1760124463584,TEXT,2019,200,17
1760124463584,TEXT,2019,200,17
1760124463584,TEXT,2019,200,17
1760124463584,TEXT,2019,200,17
1760124463584,TEXT,2019,200,17
1760124463584,TEXT,2019,200,17
1760124463584,TEXT,2019,200,17
1760124463584,TEXT,2019,200,17
1760124463584,TEXT,2019,200,17
1760124463584,TEXT,2018,200,17
1760124463585,TEXT,2017,200,17
1760124463585,JOIN,2017,200,17
1760124463585,TEXT,2017,200,17
1760124463585,TEXT,2017,200,17
1760124463585,TEXT,2017,200,17
1760124463585,TEXT,2017,200,17
1760124463586,TEXT,2017,200,17
1760124463586,LEAVE,2017,200,17
1760124463586,JOIN,2017,200,17
1760124463586,TEXT,2017,200,17
1760124463586,TEXT,2017,200,17
1760124463586,TEXT,2017,200,17
1760124463586,TEXT,2017,200,17
1760124463586,TEXT,2017,200,17
1760124463586,TEXT,2017,200,17
1760124463586,LEAVE,2017,200,17
1760124463586,TEXT,2017,200,17
1760124463586,TEXT,2017,200,17
1760124463586,TEXT,2017,200,17
1760124463586,TEXT,2017,200,17
1760124463586,TEXT,2017,200,17
1760124463586,TEXT,2017,200,17
1760124463586,TEXT,2017,200,17
1760124463586,TEXT,2017,200,17
1760124463586,TEXT,2017,200,17
1760124463586,TEXT,2017,200,17
1760124463586,TEXT,2017,200,17
1760124463586,TEXT,2017,200,17
1760124463586,TEXT,2017,200,17
1760124463586,TEXT,2017,200,17
1760124463586,TEXT,2017,200,17
1760124463586,JOIN,2017,200,17
1760124463586,TEXT,2016,200,17
1760124463586,TEXT,2016,200,17
1760124463586,TEXT,2016,200,17
1760124463573,JOIN,2093,200,19
1760124463573,TEXT,2092,200,19
1760124463573,TEXT,2092,200,19
1760124463574,TEXT,2092,200,19
1760124463574,TEXT,2092,200,19
1760124463574,TEXT,2092,200,19
1760124463574,TEXT,2092,200,19
1760124463574,TEXT,2092,200,19
1760124463574,TEXT,2092,200,19
1760124463574,TEXT,2092,200,19
1760124463574,TEXT,2092,200,19
1760124463574,TEXT,2092,200,19
1760124463574,TEXT,2092,200,19
1760124463574,TEXT,2092,200,19
1760124463575,TEXT,2091,200,19
1760124463575,TEXT,2091,200,19
1760124463575,TEXT,2091,200,19
1760124463575,TEXT,2091,200,19
1760124463575,TEXT,2091,200,19
1760124463575,TEXT,2091,200,19
1760124463575,TEXT,2091,200,19
1760124463575,TEXT,2091,200,19
1760124463575,TEXT,2091,200,19
1760124463575,TEXT,2091,200,19
1760124463575,TEXT,2091,200,19
1760124463575,JOIN,2090,200,19
1760124463575,TEXT,2090,200,19
1760124463575,TEXT,2090,200,19
1760124463575,TEXT,2090,200,19
1760124463576,TEXT,2090,200,19
1760124463576,TEXT,2090,200,19
1760124463576,TEXT,2090,200,19
1760124463576,TEXT,2090,200,19
1760124463576,TEXT,2090,200,19
1760124463576,TEXT,2090,200,19
1760124463576,TEXT,2090,200,19
1760124463576,TEXT,2090,200,19
1760124463576,TEXT,2090,200,19
1760124463576,TEXT,2089,200,19
1760124463576,TEXT,2089,200,19
1760124463576,TEXT,2089,200,19
1760124463577,TEXT,2089,200,19
1760124463577,TEXT,2089,200,19
1760124463577,JOIN,2089,200,19
1760124463577,TEXT,2089,200,19
1760124463577,TEXT,2089,200,19
1760124463577,TEXT,2089,200,19
1760124463577,TEXT,2089,200,19
1760124463577,JOIN,2089,200,19
1760124463577,TEXT,2089,200,19
1760124463584,TEXT,2082,200,19
1760124463584,TEXT,2082,200,19
1760124463584,JOIN,2082,200,19
1760124463584,TEXT,2082,200,19
1760124463584,TEXT,2082,200,19
1760124463584,TEXT,2082,200,19
1760124463584,TEXT,2081,200,19
1760124463585,TEXT,2081,200,19
1760124463585,TEXT,2081,200,19
1760124463585,TEXT,2081,200,19
1760124463585,TEXT,2081,200,19
1760124463585,TEXT,2081,200,19
1760124463585,TEXT,2081,200,19
1760124463585,TEXT,2081,200,19
1760124463585,TEXT,2081,200,19
1760124463585,TEXT,2081,200,19
1760124463585,TEXT,2081,200,19
1760124463586,LEAVE,2080,200,19
1760124463586,TEXT,2080,200,19
1760124463586,TEXT,2080,200,19
1760124463586,TEXT,2080,200,19
1760124463586,LEAVE,2080,200,19
1760124463586,TEXT,2080,200,19
1760124463586,TEXT,2080,200,19
1760124463586,TEXT,2080,200,19
1760124463586,TEXT,2080,200,19
1760124463586,TEXT,2080,200,19
1760124463586,TEXT,2080,200,19
1760124463586,TEXT,2080,200,19
1760124463586,JOIN,2080,200,19
1760124463586,TEXT,2080,200,19
1760124463586,TEXT,2080,200,19
1760124463586,TEXT,2080,200,19
1760124463586,JOIN,2080,200,19
1760124463586,TEXT,2080,200,19
1760124463586,TEXT,2080,200,19
1760124463586,TEXT,2080,200,19
1760124463586,TEXT,2080,200,19
1760124463586,TEXT,2080,200,19
1760124463586,TEXT,2080,200,19
1760124463586,TEXT,2080,200,19
1760124463586,TEXT,2080,200,19
1760124463586,TEXT,2080,200,19
1760124463586,TEXT,2080,200,19
1760124463586,TEXT,2080,200,19
1760124463586,TEXT,2080,200,19
1760124463586,TEXT,2080,200,19
1760124463586,LEAVE,2080,200,19
1760124463573,TEXT,2109,200,9
1760124463573,TEXT,2108,200,9
1760124463574,TEXT,2108,200,9
1760124463574,LEAVE,2108,200,9
1760124463574,TEXT,2108,200,9
1760124463574,TEXT,2108,200,9
1760124463574,TEXT,2108,200,9
1760124463574,TEXT,2108,200,9
1760124463574,JOIN,2108,200,9
1760124463575,TEXT,2107,200,9
1760124463575,TEXT,2107,200,9
1760124463575,TEXT,2107,200,9
1760124463575,TEXT,2106,200,9
1760124463575,JOIN,2106,200,9
1760124463575,TEXT,2106,200,9
1760124463575,TEXT,2106,200,9
1760124463576,TEXT,2106,200,9
1760124463576,TEXT,2106,200,9
1760124463576,TEXT,2106,200,9
1760124463576,TEXT,2106,200,9
1760124463576,TEXT,2106,200,9
1760124463576,TEXT,2105,200,9
1760124463576,TEXT,2105,200,9
1760124463576,TEXT,2105,200,9
1760124463577,JOIN,2105,200,9
1760124463577,TEXT,2105,200,9
1760124463577,JOIN,2105,200,9
1760124463577,TEXT,2105,200,9
1760124463583,TEXT,2098,200,9
1760124463583,TEXT,2098,200,9
1760124463583,TEXT,2098,200,9
1760124463583,TEXT,2098,200,9
1760124463583,TEXT,2098,200,9
1760124463583,TEXT,2098,200,9
1760124463584,TEXT,2098,200,9
1760124463584,TEXT,2098,200,9
1760124463584,TEXT,2098,200,9
1760124463584,TEXT,2098,200,9
1760124463584,TEXT,2098,200,9
1760124463584,TEXT,2098,200,9
1760124463584,TEXT,2098,200,9
1760124463584,TEXT,2098,200,9
1760124463584,TEXT,2098,200,9
1760124463584,TEXT,2097,200,9
1760124463585,JOIN,2096,200,9
1760124463585,TEXT,2096,200,9
1760124463585,TEXT,2096,200,9
1760124463585,JOIN,2096,200,9
1760124463585,TEXT,2096,200,9
1760124463586,TEXT,2096,200,9
1760124463586,TEXT,2096,200,9
1760124463586,TEXT,2096,200,9
1760124463586,TEXT,2096,200,9
1760124463586,TEXT,2096,200,9
1760124463586,TEXT,2096,200,9
1760124463586,TEXT,2096,200,9
1760124463586,TEXT,2096,200,9
1760124463586,TEXT,2096,200,9
1760124463586,JOIN,2096,200,9
1760124463586,TEXT,2096,200,9
1760124463586,LEAVE,2096,200,9
1760124463586,TEXT,2096,200,9
1760124463586,TEXT,2096,200,9
1760124463586,TEXT,2096,200,9
1760124463586,TEXT,2096,200,9
1760124463586,TEXT,2096,200,9
1760124463586,TEXT,2096,200,9
1760124463586,TEXT,2096,200,9
1760124463586,TEXT,2096,200,9
1760124463586,TEXT,2096,200,9
1760124463586,TEXT,2096,200,9
1760124463586,TEXT,2096,200,9
1760124463586,TEXT,2096,200,9
1760124463586,TEXT,2096,200,9
1760124463586,TEXT,2096,200,9
1760124463586,TEXT,2096,200,9
1760124463586,TEXT,2096,200,9
1760124463586,TEXT,2096,200,9
1760124463586,TEXT,2096,200,9
1760124463586,TEXT,2096,200,9
1760124463586,TEXT,2096,200,9
1760124463586,TEXT,2096,200,9
1760124463587,TEXT,2096,200,9
1760124463587,TEXT,2096,200,9
1760124463587,TEXT,2096,200,9
1760124463587,TEXT,2096,200,9
1760124463587,TEXT,2096,200,9
1760124463587,TEXT,2095,200,9
1760124463587,JOIN,2095,200,9
1760124463587,TEXT,2095,200,9
1760124463587,TEXT,2095,200,9
1760124463587,TEXT,2095,200,9
1760124463587,TEXT,2095,200,9
1760124463587,JOIN,2095,200,9
1760124463587,TEXT,2095,200,9
1760124463587,TEXT,2095,200,9
1760124463588,TEXT,2095,200,9
1760124463588,TEXT,2095,200,9
1760124463588,TEXT,2095,200,9
1760124463588,TEXT,2095,200,9
1760124463588,TEXT,2095,200,9
1760124463588,TEXT,2095,200,9
1760124463588,TEXT,2095,200,9
1760124463573,TEXT,2112,200,10
1760124463573,TEXT,2112,200,10
1760124463573,TEXT,2112,200,10
1760124463573,TEXT,2112,200,10
1760124463573,TEXT,2112,200,10
1760124463574,TEXT,2111,200,10
1760124463574,TEXT,2111,200,10
1760124463574,TEXT,2111,200,10
1760124463574,TEXT,2111,200,10
1760124463574,TEXT,2111,200,10
1760124463574,TEXT,2111,200,10
1760124463574,TEXT,2111,200,10
1760124463574,TEXT,2110,200,10
1760124463574,TEXT,2110,200,10
1760124463575,TEXT,2110,200,10
1760124463575,TEXT,2110,200,10
1760124463575,TEXT,2110,200,10
1760124463575,TEXT,2110,200,10
1760124463575,TEXT,2110,200,10
1760124463575,TEXT,2110,200,10
1760124463575,TEXT,2110,200,10
1760124463575,TEXT,2110,200,10
1760124463575,TEXT,2110,200,10
1760124463575,TEXT,2110,200,10
1760124463575,TEXT,2110,200,10
1760124463575,TEXT,2109,200,10
1760124463576,TEXT,2109,200,10
1760124463576,TEXT,2109,200,10
1760124463576,TEXT,2109,200,10
1760124463576,TEXT,2109,200,10
1760124463576,TEXT,2109,200,10
1760124463576,TEXT,2109,200,10
1760124463576,JOIN,2109,200,10
1760124463576,TEXT,2109,200,10
1760124463577,TEXT,2108,200,10
1760124463577,TEXT,2108,200,10
1760124463577,TEXT,2108,200,10
1760124463577,TEXT,2108,200,10
1760124463577,JOIN,2108,200,10
1760124463577,TEXT,2108,200,10
1760124463577,JOIN,2108,200,10
1760124463583,TEXT,2102,200,10
1760124463583,TEXT,2102,200,10
1760124463583,TEXT,2102,200,10
1760124463584,TEXT,2102,200,10
1760124463584,TEXT,2102,200,10
1760124463584,TEXT,2102,200,10
1760124463584,TEXT,2102,200,10
1760124463584,TEXT,2102,200,10
1760124463584,TEXT,2102,200,10
1760124463584,LEAVE,2102,200,10
1760124463584,TEXT,2102,200,10
1760124463584,JOIN,2101,200,10
1760124463585,LEAVE,2101,200,10
1760124463585,TEXT,2101,200,10
1760124463585,TEXT,2101,200,10
1760124463585,TEXT,2101,200,10
1760124463585,TEXT,2100,200,10
1760124463586,TEXT,2100,200,10
1760124463586,TEXT,2100,200,10
1760124463586,TEXT,2100,200,10
1760124463586,TEXT,2100,200,10
1760124463586,TEXT,2100,200,10
1760124463586,TEXT,2100,200,10
1760124463586,LEAVE,2100,200,10
1760124463586,TEXT,2100,200,10
1760124463586,TEXT,2100,200,10
1760124463586,TEXT,2100,200,10
1760124463586,TEXT,2100,200,10
1760124463586,TEXT,2100,200,10
1760124463586,TEXT,2100,200,10
1760124463586,TEXT,2100,200,10
1760124463586,TEXT,2100,200,10
1760124463586,TEXT,2100,200,10
1760124463586,TEXT,2100,200,10
1760124463586,TEXT,2100,200,10
1760124463586,TEXT,2100,200,10
1760124463586,TEXT,2100,200,10
1760124463586,TEXT,2100,200,10
1760124463586,TEXT,2100,200,10
1760124463586,TEXT,2100,200,10
1760124463586,TEXT,2100,200,10
1760124463586,TEXT,2100,200,10
1760124463586,TEXT,2100,200,10
1760124463586,TEXT,2100,200,10
1760124463586,TEXT,2100,200,10
1760124463586,TEXT,2100,200,10
1760124463586,TEXT,2100,200,10
1760124463586,TEXT,2100,200,10
1760124463586,TEXT,2100,200,10
1760124463586,TEXT,2100,200,10
1760124463586,TEXT,2100,200,10
1760124463586,TEXT,2100,200,10
1760124463586,TEXT,2100,200,10
1760124463586,LEAVE,2100,200,10
1760124463586,TEXT,2100,200,10
1760124463586,TEXT,2100,200,10
1760124463586,TEXT,2100,200,10
1760124463586,TEXT,2100,200,10
1760124463586,TEXT,2100,200,10
1760124463586,TEXT,2100,200,10
1760124463587,TEXT,2100,200,10
1760124463587,TEXT,2100,200,10
1760124463587,TEXT,2100,200,10
1760124463587,TEXT,2100,200,10
1760124463587,TEXT,2100,200,10
1760124463587,TEXT,2100,200,10
1760124463587,TEXT,2100,200,10
1760124463587,TEXT,2099,200,10
1760124463587,TEXT,2099,200,10
1760124463587,TEXT,2099,200,10
1760124463587,TEXT,2099,200,10
1760124463587,TEXT,2099,200,10
1760124463587,TEXT,2099,200,10
1760124463587,TEXT,2099,200,10
1760124463587,TEXT,2099,200,10
1760124463587,TEXT,2099,200,10
1760124463587,TEXT,2099,200,10
1760124463587,TEXT,2099,200,10
1760124463587,LEAVE,2099,200,10
1760124463587,TEXT,2099,200,10
1760124463587,TEXT,2099,200,10
1760124463587,JOIN,2099,200,10
1760124463587,TEXT,2099,200,10
1760124463587,TEXT,2099,200,10
1760124463587,TEXT,2099,200,10
1760124463587,TEXT,2099,200,10
1760124463587,TEXT,2099,200,10
1760124463587,TEXT,2099,200,10
1760124463587,TEXT,2099,200,10
1760124463588,TEXT,2099,200,10
1760124463588,TEXT,2099,200,10
1760124463588,TEXT,2099,200,10
1760124463588,TEXT,2099,200,10
1760124463588,TEXT,2099,200,10
1760124463588,TEXT,2099,200,10
1760124463588,TEXT,2099,200,10
1760124463588,TEXT,2099,200,10
1760124463588,TEXT,2099,200,10
1760124463588,TEXT,2099,200,10
1760124463588,TEXT,2099,200,10
1760124463588,TEXT,2099,200,10
1760124463588,TEXT,2099,200,10
1760124463588,TEXT,2099,200,10
1760124463588,TEXT,2099,200,10
1760124463588,TEXT,2099,200,10
1760124463588,TEXT,2099,200,10
1760124463588,TEXT,2099,200,10
1760124463588,TEXT,2099,200,10
1760124463588,TEXT,2098,200,10
1760124463588,TEXT,2098,200,10
1760124463588,TEXT,2098,200,10
1760124463588,TEXT,2098,200,10
1760124463588,TEXT,2098,200,10
1760124463588,TEXT,2098,200,10
1760124463588,TEXT,2098,200,10
1760124463588,TEXT,2098,200,10
1760124463588,TEXT,2098,200,10
1760124463588,TEXT,2098,200,10
1760124463588,TEXT,2098,200,10
1760124463588,TEXT,2098,200,10
1760124463588,TEXT,2098,200,10
1760124463588,TEXT,2098,200,10
1760124463588,TEXT,2098,200,10
1760124463588,TEXT,2098,200,10
1760124463588,TEXT,2098,200,10
1760124463589,TEXT,2098,200,10
1760124463589,TEXT,2098,200,10
1760124463589,LEAVE,2098,200,10
1760124463589,TEXT,2098,200,10
1760124463589,TEXT,2098,200,10
1760124463589,TEXT,2098,200,10
1760124463589,TEXT,2098,200,10
1760124463589,TEXT,2098,200,10
1760124463589,TEXT,2098,200,10
1760124463589,TEXT,2098,200,10
1760124463589,TEXT,2098,200,10
1760124463573,TEXT,2124,200,2
1760124463573,TEXT,2123,200,2
1760124463573,TEXT,2123,200,2
1760124463573,LEAVE,2123,200,2
1760124463574,TEXT,2123,200,2
1760124463574,TEXT,2123,200,2
1760124463574,TEXT,2123,200,2
1760124463574,TEXT,2123,200,2
1760124463574,TEXT,2123,200,2
1760124463574,TEXT,2123,200,2
1760124463574,TEXT,2123,200,2
1760124463574,JOIN,2123,200,2
1760124463574,TEXT,2123,200,2
1760124463574,TEXT,2123,200,2
1760124463574,TEXT,2123,200,2
1760124463574,TEXT,2123,200,2
1760124463574,TEXT,2123,200,2
1760124463574,TEXT,2122,200,2
1760124463575,TEXT,2122,200,2
1760124463575,TEXT,2122,200,2
1760124463575,TEXT,2122,200,2
1760124463575,TEXT,2121,200,2
1760124463575,TEXT,2121,200,2
1760124463575,TEXT,2121,200,2
1760124463575,TEXT,2121,200,2
1760124463575,TEXT,2121,200,2
1760124463575,TEXT,2121,200,2
1760124463575,TEXT,2121,200,2
1760124463576,TEXT,2121,200,2
1760124463576,TEXT,2121,200,2
1760124463576,TEXT,2121,200,2
1760124463576,TEXT,2121,200,2
1760124463576,TEXT,2120,200,2
1760124463576,TEXT,2120,200,2
1760124463576,TEXT,2120,200,2
1760124463576,TEXT,2120,200,2
1760124463576,TEXT,2120,200,2
1760124463577,TEXT,2120,200,2
1760124463577,TEXT,2120,200,2
1760124463577,TEXT,2120,200,2
1760124463577,TEXT,2120,200,2
1760124463577,TEXT,2120,200,2
1760124463577,TEXT,2120,200,2
1760124463577,TEXT,2120,200,2
1760124463577,TEXT,2120,200,2
1760124463583,TEXT,2113,200,2
1760124463583,TEXT,2113,200,2
1760124463583,TEXT,2113,200,2
1760124463583,TEXT,2113,200,2
1760124463584,TEXT,2113,200,2
1760124463584,TEXT,2113,200,2
1760124463584,TEXT,2113,200,2
1760124463584,TEXT,2113,200,2
1760124463584,TEXT,2113,200,2
1760124463584,TEXT,2113,200,2
1760124463584,TEXT,2113,200,2
1760124463584,TEXT,2113,200,2
1760124463585,TEXT,2111,200,2
1760124463585,TEXT,2111,200,2
1760124463585,TEXT,2111,200,2
1760124463585,TEXT,2111,200,2
1760124463585,TEXT,2111,200,2
1760124463585,TEXT,2111,200,2
1760124463585,TEXT,2111,200,2
1760124463586,TEXT,2111,200,2
1760124463586,TEXT,2111,200,2
1760124463586,TEXT,2111,200,2
1760124463586,TEXT,2111,200,2
1760124463586,TEXT,2111,200,2
1760124463586,TEXT,2111,200,2
1760124463586,TEXT,2111,200,2
1760124463586,TEXT,2111,200,2
1760124463586,TEXT,2111,200,2
1760124463586,JOIN,2111,200,2
1760124463586,TEXT,2111,200,2
1760124463586,TEXT,2111,200,2
1760124463586,TEXT,2111,200,2
1760124463586,TEXT,2111,200,2
1760124463586,TEXT,2111,200,2
1760124463586,TEXT,2111,200,2
1760124463586,TEXT,2111,200,2
1760124463586,JOIN,2111,200,2
1760124463586,TEXT,2111,200,2
1760124463586,TEXT,2111,200,2
1760124463586,TEXT,2111,200,2
1760124463586,JOIN,2111,200,2
1760124463586,TEXT,2111,200,2
1760124463586,TEXT,2111,200,2
1760124463587,TEXT,2111,200,2
1760124463587,TEXT,2111,200,2
1760124463587,TEXT,2110,200,2
1760124463587,TEXT,2110,200,2
1760124463587,TEXT,2110,200,2
1760124463573,TEXT,2131,200,7
1760124463574,TEXT,2131,200,7
1760124463574,TEXT,2131,200,7
1760124463574,JOIN,2131,200,7
1760124463574,TEXT,2130,200,7
1760124463574,JOIN,2130,200,7
1760124463574,TEXT,2130,200,7
1760124463574,TEXT,2130,200,7
1760124463574,TEXT,2130,200,7
1760124463575,TEXT,2130,200,7
1760124463575,TEXT,2129,200,7
1760124463575,LEAVE,2129,200,7
1760124463576,TEXT,2129,200,7
1760124463576,TEXT,2128,200,7
1760124463576,TEXT,2128,200,7
1760124463576,TEXT,2128,200,7
1760124463576,JOIN,2128,200,7
1760124463576,JOIN,2128,200,7
1760124463576,TEXT,2128,200,7
1760124463576,TEXT,2128,200,7
1760124463576,TEXT,2128,200,7
1760124463576,TEXT,2128,200,7
1760124463576,JOIN,2128,200,7
1760124463576,TEXT,2128,200,7
1760124463576,TEXT,2128,200,7
1760124463577,TEXT,2128,200,7
1760124463577,TEXT,2128,200,7
1760124463577,TEXT,2128,200,7
1760124463577,TEXT,2127,200,7
1760124463577,TEXT,2127,200,7
1760124463577,TEXT,2127,200,7
1760124463583,TEXT,2121,200,7
1760124463583,TEXT,2121,200,7
1760124463583,TEXT,2121,200,7
1760124463583,TEXT,2121,200,7
1760124463583,TEXT,2121,200,7
1760124463584,TEXT,2121,200,7
1760124463584,TEXT,2121,200,7
1760124463584,TEXT,2121,200,7
1760124463584,TEXT,2121,200,7
1760124463584,TEXT,2121,200,7
1760124463584,TEXT,2121,200,7
1760124463585,TEXT,2119,200,7
1760124463585,TEXT,2119,200,7
1760124463585,TEXT,2119,200,7
1760124463585,TEXT,2119,200,7
1760124463585,TEXT,2119,200,7
1760124463585,TEXT,2119,200,7
1760124463586,TEXT,2119,200,7
1760124463586,TEXT,2119,200,7
1760124463586,TEXT,2119,200,7
1760124463586,TEXT,2119,200,7
1760124463586,TEXT,2119,200,7
1760124463586,TEXT,2119,200,7
1760124463586,TEXT,2119,200,7
1760124463586,TEXT,2119,200,7
1760124463586,TEXT,2119,200,7
1760124463586,TEXT,2119,200,7
1760124463586,TEXT,2119,200,7
1760124463586,TEXT,2119,200,7
1760124463586,TEXT,2119,200,7
1760124463586,TEXT,2119,200,7
1760124463586,TEXT,2119,200,7
1760124463586,TEXT,2119,200,7
1760124463586,TEXT,2119,200,7
1760124463586,TEXT,2119,200,7
1760124463586,TEXT,2119,200,7
1760124463586,TEXT,2119,200,7
1760124463586,TEXT,2119,200,7
1760124463586,LEAVE,2119,200,7
1760124463586,TEXT,2119,200,7
1760124463586,TEXT,2119,200,7
1760124463586,TEXT,2119,200,7
1760124463586,LEAVE,2119,200,7
1760124463586,TEXT,2119,200,7
1760124463586,JOIN,2119,200,7
1760124463586,TEXT,2119,200,7
1760124463586,TEXT,2119,200,7
1760124463586,TEXT,2119,200,7
1760124463586,TEXT,2119,200,7
1760124463586,TEXT,2119,200,7
1760124463586,JOIN,2119,200,7
1760124463586,TEXT,2119,200,7
1760124463586,JOIN,2119,200,7
1760124463586,TEXT,2119,200,7
1760124463586,TEXT,2119,200,7
1760124463586,TEXT,2119,200,7
1760124463586,TEXT,2119,200,7
1760124463586,TEXT,2118,200,7
1760124463587,TEXT,2118,200,7
1760124463587,TEXT,2118,200,7
1760124463587,TEXT,2118,200,7
1760124463587,TEXT,2118,200,7
1760124463573,TEXT,2139,200,15
1760124463573,TEXT,2139,200,15
1760124463573,TEXT,2138,200,15
1760124463574,TEXT,2138,200,15
1760124463574,TEXT,2138,200,15
1760124463574,TEXT,2138,200,15
1760124463574,TEXT,2138,200,15
1760124463574,TEXT,2138,200,15
1760124463574,TEXT,2138,200,15
1760124463574,TEXT,2138,200,15
1760124463575,LEAVE,2137,200,15
1760124463575,TEXT,2137,200,15
1760124463575,TEXT,2137,200,15
1760124463575,JOIN,2137,200,15
1760124463575,TEXT,2137,200,15
1760124463575,TEXT,2136,200,15
1760124463575,JOIN,2136,200,15
1760124463575,TEXT,2136,200,15
1760124463576,TEXT,2136,200,15
1760124463576,TEXT,2136,200,15
1760124463576,TEXT,2136,200,15
1760124463576,TEXT,2136,200,15
1760124463576,TEXT,2136,200,15
1760124463576,TEXT,2136,200,15
1760124463576,TEXT,2136,200,15
1760124463576,TEXT,2136,200,15
1760124463576,TEXT,2136,200,15
1760124463576,TEXT,2136,200,15
1760124463576,TEXT,2136,200,15
1760124463576,TEXT,2136,200,15
1760124463577,TEXT,2135,200,15
1760124463577,JOIN,2135,200,15
1760124463577,TEXT,2135,200,15
1760124463583,TEXT,2129,200,15
1760124463583,TEXT,2129,200,15
1760124463583,TEXT,2128,200,15
1760124463584,TEXT,2128,200,15
1760124463584,TEXT,2128,200,15
1760124463584,TEXT,2128,200,15
1760124463584,TEXT,2128,200,15
1760124463584,TEXT,2128,200,15
1760124463584,TEXT,2128,200,15
1760124463584,TEXT,2128,200,15
1760124463584,TEXT,2128,200,15
1760124463585,TEXT,2127,200,15
1760124463585,TEXT,2127,200,15
1760124463585,TEXT,2127,200,15
1760124463585,JOIN,2127,200,15
1760124463585,TEXT,2127,200,15
1760124463585,TEXT,2127,200,15
1760124463585,LEAVE,2127,200,15
1760124463585,TEXT,2127,200,15
1760124463586,LEAVE,2127,200,15
1760124463586,LEAVE,2127,200,15
1760124463586,TEXT,2127,200,15
1760124463586,TEXT,2126,200,15
1760124463586,TEXT,2126,200,15
1760124463586,JOIN,2126,200,15
1760124463586,TEXT,2126,200,15
1760124463586,TEXT,2126,200,15
1760124463586,TEXT,2126,200,15
1760124463586,TEXT,2126,200,15
1760124463586,TEXT,2126,200,15
1760124463586,TEXT,2126,200,15
1760124463586,TEXT,2126,200,15
1760124463586,JOIN,2126,200,15
1760124463586,TEXT,2126,200,15
1760124463586,TEXT,2126,200,15
1760124463586,TEXT,2126,200,15
1760124463586,TEXT,2126,200,15
1760124463586,TEXT,2126,200,15
1760124463586,TEXT,2126,200,15
1760124463586,JOIN,2126,200,15
1760124463586,LEAVE,2126,200,15
1760124463586,TEXT,2126,200,15
1760124463586,TEXT,2126,200,15
1760124463586,TEXT,2126,200,15
1760124463586,TEXT,2126,200,15
1760124463586,TEXT,2126,200,15
1760124463586,TEXT,2126,200,15
1760124463586,TEXT,2126,200,15
1760124463586,TEXT,2126,200,15
1760124463586,TEXT,2126,200,15
1760124463586,TEXT,2126,200,15
1760124463586,JOIN,2126,200,15
1760124463586,TEXT,2126,200,15
1760124463586,TEXT,2126,200,15
1760124463586,TEXT,2126,200,15
1760124463573,TEXT,2186,200,20
1760124463573,TEXT,2186,200,20
1760124463573,TEXT,2185,200,20
1760124463573,TEXT,2185,200,20
1760124463574,TEXT,2185,200,20
1760124463574,TEXT,2185,200,20
1760124463574,TEXT,2185,200,20
1760124463574,TEXT,2185,200,20
1760124463574,TEXT,2185,200,20
1760124463574,TEXT,2185,200,20
1760124463574,LEAVE,2185,200,20
1760124463574,TEXT,2185,200,20
1760124463574,TEXT,2185,200,20
1760124463574,TEXT,2185,200,20
1760124463574,LEAVE,2185,200,20
1760124463574,LEAVE,2185,200,20
1760124463575,TEXT,2184,200,20
1760124463575,TEXT,2184,200,20
1760124463575,TEXT,2184,200,20
1760124463575,TEXT,2184,200,20
1760124463575,TEXT,2184,200,20
1760124463575,TEXT,2184,200,20
1760124463575,TEXT,2184,200,20
1760124463575,TEXT,2184,200,20
1760124463575,TEXT,2184,200,20
1760124463575,TEXT,2184,200,20
1760124463575,TEXT,2184,200,20
1760124463575,TEXT,2184,200,20
1760124463575,TEXT,2184,200,20
1760124463575,TEXT,2184,200,20
1760124463575,TEXT,2183,200,20
1760124463576,TEXT,2183,200,20
1760124463576,TEXT,2183,200,20
1760124463576,TEXT,2183,200,20
1760124463576,TEXT,2183,200,20
1760124463576,TEXT,2183,200,20
1760124463576,TEXT,2183,200,20
1760124463576,TEXT,2183,200,20
1760124463576,TEXT,2182,200,20
1760124463576,TEXT,2182,200,20
1760124463576,TEXT,2182,200,20
1760124463576,TEXT,2182,200,20
1760124463576,TEXT,2182,200,20
1760124463576,TEXT,2182,200,20
1760124463576,TEXT,2182,200,20
1760124463577,TEXT,2182,200,20
1760124463577,TEXT,2182,200,20
1760124463577,TEXT,2182,200,20
1760124463577,LEAVE,2182,200,20
1760124463583,TEXT,2175,200,20
1760124463583,JOIN,2175,200,20
1760124463583,TEXT,2175,200,20
1760124463584,TEXT,2175,200,20
1760124463584,TEXT,2175,200,20
1760124463584,LEAVE,2175,200,20
1760124463584,TEXT,2175,200,20
1760124463584,TEXT,2175,200,20
1760124463584,TEXT,2175,200,20
1760124463585,TEXT,2173,200,20
1760124463586,TEXT,2173,200,20
1760124463586,TEXT,2173,200,20
1760124463586,TEXT,2173,200,20
1760124463586,TEXT,2173,200,20
1760124463586,TEXT,2173,200,20
1760124463586,TEXT,2173,200,20
1760124463586,TEXT,2173,200,20
1760124463586,TEXT,2173,200,20
1760124463586,TEXT,2173,200,20
1760124463586,LEAVE,2173,200,20
1760124463586,JOIN,2173,200,20
1760124463586,TEXT,2173,200,20
1760124463586,TEXT,2173,200,20
1760124463586,TEXT,2173,200,20
1760124463586,TEXT,2173,200,20
1760124463586,TEXT,2173,200,20
1760124463586,TEXT,2173,200,20
1760124463586,TEXT,2173,200,20
1760124463586,TEXT,2173,200,20
1760124463586,LEAVE,2173,200,20
1760124463586,TEXT,2173,200,20
1760124463586,TEXT,2173,200,20
1760124463586,TEXT,2173,200,20
1760124463586,TEXT,2173,200,20
1760124463586,TEXT,2173,200,20
1760124463586,TEXT,2173,200,20
1760124463586,TEXT,2173,200,20
1760124463586,TEXT,2173,200,20
1760124463586,TEXT,2173,200,20
1760124463586,TEXT,2173,200,20
1760124463586,TEXT,2173,200,20
1760124463586,TEXT,2173,200,20
1760124463573,TEXT,2188,200,5
1760124463574,TEXT,2188,200,5
1760124463574,TEXT,2188,200,5
1760124463574,TEXT,2188,200,5
1760124463574,TEXT,2188,200,5
1760124463574,TEXT,2188,200,5
1760124463574,TEXT,2188,200,5
1760124463574,TEXT,2188,200,5
1760124463574,TEXT,2188,200,5
1760124463574,TEXT,2188,200,5
1760124463574,TEXT,2188,200,5
1760124463574,TEXT,2188,200,5
1760124463574,TEXT,2188,200,5
1760124463574,TEXT,2187,200,5
1760124463575,TEXT,2187,200,5
1760124463575,TEXT,2187,200,5
1760124463575,TEXT,2187,200,5
1760124463575,TEXT,2187,200,5
1760124463575,TEXT,2187,200,5
1760124463576,TEXT,2186,200,5
1760124463576,JOIN,2186,200,5
1760124463576,TEXT,2186,200,5
1760124463576,TEXT,2186,200,5
1760124463576,TEXT,2186,200,5
1760124463576,TEXT,2186,200,5
1760124463576,TEXT,2186,200,5
1760124463576,TEXT,2186,200,5
1760124463576,TEXT,2186,200,5
1760124463576,TEXT,2185,200,5
1760124463577,LEAVE,2185,200,5
1760124463577,TEXT,2185,200,5
1760124463577,TEXT,2185,200,5
1760124463577,TEXT,2185,200,5
1760124463577,TEXT,2185,200,5
1760124463577,TEXT,2185,200,5
1760124463577,TEXT,2185,200,5
1760124463577,TEXT,2185,200,5
1760124463583,TEXT,2178,200,5
1760124463583,TEXT,2178,200,5
1760124463584,TEXT,2178,200,5
1760124463584,TEXT,2178,200,5
1760124463584,TEXT,2178,200,5
1760124463584,TEXT,2178,200,5
1760124463584,TEXT,2178,200,5
1760124463584,TEXT,2178,200,5
1760124463585,TEXT,2177,200,5
1760124463585,TEXT,2177,200,5
1760124463585,TEXT,2177,200,5
1760124463585,TEXT,2177,200,5
1760124463585,TEXT,2177,200,5
1760124463585,TEXT,2177,200,5
1760124463586,TEXT,2176,200,5
1760124463586,TEXT,2176,200,5
1760124463586,TEXT,2176,200,5
1760124463586,JOIN,2176,200,5
1760124463586,TEXT,2176,200,5
1760124463586,TEXT,2176,200,5
1760124463586,TEXT,2176,200,5
1760124463586,TEXT,2176,200,5
1760124463586,TEXT,2176,200,5
1760124463586,TEXT,2176,200,5
1760124463586,TEXT,2176,200,5
1760124463586,TEXT,2176,200,5
1760124463586,TEXT,2176,200,5
1760124463586,TEXT,2176,200,5
1760124463586,LEAVE,2176,200,5
1760124463586,TEXT,2176,200,5
1760124463586,TEXT,2176,200,5
1760124463586,JOIN,2176,200,5
1760124463586,TEXT,2176,200,5
1760124463586,TEXT,2176,200,5
1760124463586,TEXT,2176,200,5
1760124463586,TEXT,2176,200,5
1760124463586,TEXT,2176,200,5
1760124463586,TEXT,2176,200,5
1760124463586,TEXT,2176,200,5
1760124463586,TEXT,2176,200,5
1760124463586,TEXT,2176,200,5
1760124463586,JOIN,2176,200,5
1760124463586,TEXT,2176,200,5
1760124463586,TEXT,2176,200,5
1760124463586,TEXT,2176,200,5
1760124463586,TEXT,2176,200,5
1760124463586,TEXT,2176,200,5
1760124463586,TEXT,2176,200,5
1760124463586,TEXT,2176,200,5
1760124463586,TEXT,2176,200,5
1760124463586,TEXT,2176,200,5
1760124463586,TEXT,2176,200,5
1760124463586,JOIN,2176,200,5
1760124463586,TEXT,2176,200,5
1760124463586,LEAVE,2176,200,5
1760124463586,LEAVE,2176,200,5
1760124463587,TEXT,2175,200,5
1760124463587,TEXT,2175,200,5
1760124463587,TEXT,2175,200,5
1760124463587,TEXT,2175,200,5
1760124463791,TEXT,2002,200,8
1760124463791,JOIN,2001,200,8
1760124463791,TEXT,2001,200,8
1760124463791,TEXT,2001,200,8
1760124463792,TEXT,2001,200,8
1760124463792,TEXT,2001,200,8
1760124463792,TEXT,2000,200,8
1760124463792,JOIN,2000,200,8
1760124463792,TEXT,2000,200,8
1760124463792,TEXT,2000,200,8
1760124463792,TEXT,2000,200,8
1760124463792,TEXT,2000,200,8
1760124463793,TEXT,2000,200,8
1760124463793,TEXT,1999,200,8
1760124463793,JOIN,1999,200,8
1760124463793,TEXT,1999,200,8
1760124463793,TEXT,1999,200,8
1760124463794,TEXT,1999,200,8
1760124463794,TEXT,1999,200,8
1760124463794,TEXT,1999,200,8
1760124463794,TEXT,1999,200,8
1760124463794,TEXT,1998,200,8
1760124463794,TEXT,1998,200,8
1760124463794,TEXT,1998,200,8
1760124463794,TEXT,1998,200,8
1760124463794,TEXT,1998,200,8
1760124463794,TEXT,1998,200,8
1760124463794,TEXT,1998,200,8
1760124463795,TEXT,1998,200,8
1760124463795,TEXT,1998,200,8
1760124463795,TEXT,1998,200,8
1760124463795,TEXT,1998,200,8
1760124463795,TEXT,1998,200,8
1760124463795,TEXT,1998,200,8
1760124463795,TEXT,1997,200,8
1760124463795,JOIN,1997,200,8
1760124463795,TEXT,1997,200,8
1760124463796,TEXT,1997,200,8
1760124463796,TEXT,1997,200,8
1760124463796,TEXT,1997,200,8
1760124463796,TEXT,1997,200,8
1760124463796,TEXT,1997,200,8
1760124463797,TEXT,1996,200,8
1760124463797,TEXT,1996,200,8
1760124463797,TEXT,1996,200,8
1760124463797,TEXT,1996,200,8
1760124463797,TEXT,1996,200,8
1760124463797,TEXT,1995,200,8
1760124463797,TEXT,1995,200,8
1760124463797,TEXT,1995,200,8
1760124463797,TEXT,1995,200,8
1760124463798,TEXT,1995,200,8
1760124463798,JOIN,1995,200,8
1760124463798,TEXT,1995,200,8
1760124463798,JOIN,1994,200,8
1760124463798,TEXT,1994,200,8
1760124463798,TEXT,1994,200,8
1760124463799,TEXT,1994,200,8
1760124463799,LEAVE,1993,200,8
1760124463799,TEXT,1993,200,8
1760124463799,TEXT,1993,200,8
1760124463799,TEXT,1993,200,8
1760124463800,TEXT,1993,200,8
1760124463800,TEXT,1992,200,8
1760124463800,LEAVE,1992,200,8
1760124463800,TEXT,1992,200,8
1760124463800,TEXT,1992,200,8
1760124463800,TEXT,1992,200,8
1760124463801,TEXT,1992,200,8
1760124463801,TEXT,1992,200,8
1760124463801,JOIN,1992,200,8
1760124463801,TEXT,1992,200,8
1760124463801,TEXT,1991,200,8
1760124463801,TEXT,1991,200,8
1760124463802,TEXT,1991,200,8
1760124463802,TEXT,1991,200,8
1760124463802,TEXT,1991,200,8
1760124463802,TEXT,1991,200,8
1760124463802,TEXT,1991,200,8
1760124463802,TEXT,1991,200,8
1760124463802,TEXT,1991,200,8
1760124463802,TEXT,1991,200,8
1760124463802,JOIN,1991,200,8
1760124463802,TEXT,1991,200,8
1760124463802,TEXT,1990,200,8
1760124463802,TEXT,1990,200,8
1760124463802,TEXT,1990,200,8
1760124463802,TEXT,1990,200,8
1760124463802,TEXT,1990,200,8
1760124463803,LEAVE,1990,200,8
1760124463803,TEXT,1990,200,8
1760124463803,TEXT,1990,200,8
1760124463803,TEXT,1990,200,8
1760124463803,TEXT,1990,200,8
1760124463803,TEXT,1990,200,8
1760124463791,LEAVE,2006,200,13
1760124463791,TEXT,2006,200,13
1760124463791,LEAVE,2006,200,13
1760124463792,TEXT,2006,200,13
1760124463792,TEXT,2006,200,13
1760124463792,TEXT,2006,200,13
1760124463792,TEXT,2005,200,13
1760124463792,TEXT,2005,200,13
1760124463793,TEXT,2005,200,13
1760124463793,TEXT,2005,200,13
1760124463793,TEXT,2005,200,13
1760124463793,TEXT,2005,200,13
1760124463793,TEXT,2004,200,13
1760124463793,TEXT,2004,200,13
1760124463794,TEXT,2004,200,13
1760124463794,TEXT,2004,200,13
1760124463794,TEXT,2004,200,13
1760124463794,JOIN,2004,200,13
1760124463794,TEXT,2004,200,13
1760124463794,TEXT,2004,200,13
1760124463794,TEXT,2003,200,13
1760124463794,JOIN,2003,200,13
1760124463795,TEXT,2003,200,13
1760124463795,TEXT,2003,200,13
1760124463795,TEXT,2003,200,13
1760124463795,TEXT,2003,200,13
1760124463795,TEXT,2003,200,13
1760124463795,TEXT,2003,200,13
1760124463795,TEXT,2003,200,13
1760124463795,LEAVE,2003,200,13
1760124463795,TEXT,2002,200,13
1760124463796,TEXT,2002,200,13
1760124463796,TEXT,2002,200,13
1760124463796,TEXT,2002,200,13
1760124463796,TEXT,2002,200,13
1760124463796,TEXT,2002,200,13
1760124463796,TEXT,2001,200,13
1760124463796,LEAVE,2001,200,13
1760124463797,TEXT,2001,200,13
1760124463797,TEXT,2001,200,13
1760124463797,TEXT,2001,200,13
1760124463797,TEXT,2000,200,13
1760124463797,TEXT,2000,200,13
1760124463797,TEXT,2000,200,13
1760124463798,TEXT,2000,200,13
1760124463798,TEXT,2000,200,13
1760124463798,TEXT,2000,200,13
1760124463798,TEXT,2000,200,13
1760124463798,TEXT,2000,200,13
1760124463798,TEXT,2000,200,13
1760124463798,TEXT,2000,200,13
1760124463798,TEXT,2000,200,13
1760124463798,TEXT,2000,200,13
1760124463798,TEXT,2000,200,13
1760124463798,TEXT,2000,200,13
1760124463798,LEAVE,2000,200,13
1760124463798,TEXT,2000,200,13
1760124463798,TEXT,1999,200,13
1760124463798,TEXT,1999,200,13
1760124463799,TEXT,1999,200,13
1760124463799,TEXT,1999,200,13
1760124463799,TEXT,1999,200,13
1760124463800,TEXT,1998,200,13
1760124463800,TEXT,1998,200,13
1760124463800,TEXT,1998,200,13
1760124463800,TEXT,1998,200,13
1760124463800,TEXT,1998,200,13
1760124463800,TEXT,1998,200,13
1760124463800,TEXT,1998,200,13
1760124463800,TEXT,1998,200,13
1760124463800,TEXT,1998,200,13
1760124463800,TEXT,1998,200,13
1760124463800,TEXT,1998,200,13
1760124463800,JOIN,1998,200,13
1760124463800,TEXT,1997,200,13
1760124463800,JOIN,1997,200,13
1760124463800,TEXT,1997,200,13
1760124463801,TEXT,1997,200,13
1760124463801,TEXT,1997,200,13
1760124463801,TEXT,1997,200,13
1760124463801,TEXT,1997,200,13
1760124463801,TEXT,1997,200,13
1760124463801,TEXT,1997,200,13
1760124463802,TEXT,1996,200,13
1760124463802,TEXT,1996,200,13
1760124463791,TEXT,2037,200,3
1760124463791,LEAVE,2037,200,3
1760124463791,TEXT,2037,200,3
1760124463791,TEXT,2037,200,3
1760124463791,TEXT,2036,200,3
1760124463791,TEXT,2036,200,3
1760124463792,TEXT,2036,200,3
1760124463792,TEXT,2036,200,3
1760124463792,TEXT,2036,200,3
1760124463792,TEXT,2035,200,3
1760124463792,TEXT,2035,200,3
1760124463792,TEXT,2035,200,3
1760124463792,TEXT,2035,200,3
1760124463792,TEXT,2035,200,3
1760124463793,TEXT,2035,200,3
1760124463793,TEXT,2035,200,3
1760124463793,TEXT,2035,200,3
1760124463793,TEXT,2034,200,3
1760124463793,TEXT,2034,200,3
1760124463793,TEXT,2034,200,3
1760124463793,TEXT,2034,200,3
1760124463793,TEXT,2034,200,3
1760124463793,TEXT,2034,200,3
1760124463794,TEXT,2034,200,3
1760124463794,TEXT,2034,200,3
1760124463794,TEXT,2034,200,3
1760124463794,TEXT,2033,200,3
1760124463794,TEXT,2033,200,3
1760124463794,TEXT,2033,200,3
1760124463795,TEXT,2033,200,3
1760124463795,TEXT,2033,200,3
1760124463795,TEXT,2033,200,3
1760124463795,TEXT,2033,200,3
1760124463795,TEXT,2033,200,3
1760124463795,TEXT,2032,200,3
1760124463795,TEXT,2032,200,3
1760124463795,TEXT,2032,200,3
1760124463796,TEXT,2032,200,3
1760124463796,LEAVE,2032,200,3
1760124463796,TEXT,2032,200,3
1760124463796,TEXT,2032,200,3
1760124463796,TEXT,2032,200,3
1760124463796,TEXT,2031,200,3
1760124463796,TEXT,2031,200,3
1760124463796,TEXT,2031,200,3
1760124463797,TEXT,2031,200,3
1760124463797,TEXT,2031,200,3
1760124463797,TEXT,2031,200,3
1760124463797,TEXT,2031,200,3
1760124463797,TEXT,2030,200,3
1760124463797,TEXT,2030,200,3
1760124463797,LEAVE,2030,200,3
1760124463797,TEXT,2030,200,3
1760124463797,TEXT,2030,200,3
1760124463798,TEXT,2030,200,3
1760124463798,TEXT,2030,200,3
1760124463798,TEXT,2030,200,3
1760124463798,TEXT,2030,200,3
1760124463798,TEXT,2030,200,3
1760124463798,TEXT,2029,200,3
1760124463798,TEXT,2029,200,3
1760124463798,TEXT,2029,200,3
1760124463798,TEXT,2029,200,3
1760124463798,TEXT,2029,200,3
1760124463798,TEXT,2029,200,3
1760124463798,TEXT,2029,200,3
1760124463799,JOIN,2028,200,3
1760124463800,TEXT,2028,200,3
1760124463800,TEXT,2028,200,3
1760124463800,LEAVE,2028,200,3
1760124463800,JOIN,2028,200,3
1760124463800,TEXT,2028,200,3
1760124463800,TEXT,2027,200,3
1760124463800,TEXT,2027,200,3
1760124463800,TEXT,2027,200,3
1760124463792,TEXT,2042,200,18
1760124463792,TEXT,2042,200,18
1760124463792,LEAVE,2042,200,18
1760124463792,TEXT,2042,200,18
1760124463792,TEXT,2042,200,18
1760124463792,JOIN,2042,200,18
1760124463792,TEXT,2041,200,18
1760124463793,TEXT,2041,200,18
1760124463793,JOIN,2041,200,18
1760124463793,TEXT,2041,200,18
1760124463794,TEXT,2040,200,18
1760124463794,TEXT,2040,200,18
1760124463794,TEXT,2040,200,18
1760124463794,TEXT,2040,200,18
1760124463794,TEXT,2040,200,18
1760124463794,TEXT,2040,200,18
1760124463794,TEXT,2040,200,18
1760124463794,TEXT,2040,200,18
1760124463794,TEXT,2040,200,18
1760124463795,TEXT,2039,200,18
1760124463795,TEXT,2039,200,18
1760124463795,TEXT,2039,200,18
1760124463795,LEAVE,2039,200,18
1760124463795,TEXT,2039,200,18
1760124463795,TEXT,2039,200,18
1760124463795,JOIN,2039,200,18
1760124463796,TEXT,2038,200,18
1760124463796,LEAVE,2038,200,18
1760124463796,TEXT,2038,200,18
1760124463796,JOIN,2038,200,18
1760124463796,TEXT,2038,200,18
1760124463797,TEXT,2037,200,18
1760124463797,TEXT,2037,200,18
1760124463797,TEXT,2037,200,18
1760124463797,TEXT,2037,200,18
1760124463797,TEXT,2037,200,18
1760124463797,TEXT,2037,200,18
1760124463797,TEXT,2037,200,18
1760124463797,JOIN,2037,200,18
1760124463797,TEXT,2037,200,18
1760124463797,TEXT,2037,200,18
1760124463797,TEXT,2037,200,18
1760124463797,TEXT,2037,200,18
1760124463797,TEXT,2037,200,18
1760124463798,LEAVE,2036,200,18
1760124463798,TEXT,2036,200,18
1760124463798,TEXT,2036,200,18
1760124463798,TEXT,2036,200,18
1760124463798,TEXT,2036,200,18
1760124463798,LEAVE,2036,200,18
1760124463798,TEXT,2036,200,18
1760124463798,TEXT,2036,200,18
1760124463791,TEXT,2053,200,11
1760124463792,JOIN,2052,200,11
1760124463792,TEXT,2052,200,11
1760124463792,TEXT,2052,200,11
1760124463792,TEXT,2052,200,11
1760124463792,TEXT,2052,200,11
1760124463792,TEXT,2052,200,11
1760124463792,TEXT,2052,200,11
1760124463792,TEXT,2052,200,11
1760124463792,TEXT,2052,200,11
1760124463793,TEXT,2051,200,11
1760124463793,TEXT,2051,200,11
1760124463793,TEXT,2051,200,11
1760124463793,TEXT,2051,200,11
1760124463793,TEXT,2051,200,11
1760124463793,TEXT,2050,200,11
1760124463793,TEXT,2050,200,11
1760124463793,TEXT,2050,200,11
1760124463793,TEXT,2050,200,11
1760124463793,TEXT,2050,200,11
1760124463794,JOIN,2050,200,11
1760124463794,TEXT,2050,200,11
1760124463794,TEXT,2050,200,11
1760124463794,TEXT,2050,200,11
1760124463794,JOIN,2049,200,11
1760124463795,TEXT,2049,200,11
1760124463795,TEXT,2049,200,11
1760124463795,TEXT,2049,200,11
1760124463795,TEXT,2049,200,11
1760124463795,LEAVE,2049,200,11
1760124463795,TEXT,2048,200,11
1760124463795,TEXT,2048,200,11
1760124463795,TEXT,2048,200,11
1760124463796,TEXT,2048,200,11
1760124463796,TEXT,2048,200,11
1760124463796,TEXT,2048,200,11
1760124463796,TEXT,2048,200,11
1760124463796,TEXT,2047,200,11
1760124463796,LEAVE,2047,200,11
1760124463797,TEXT,2047,200,11
1760124463797,TEXT,2047,200,11
1760124463797,TEXT,2047,200,11
1760124463797,TEXT,2046,200,11
1760124463798,TEXT,2046,200,11
1760124463798,TEXT,2046,200,11
1760124463798,TEXT,2046,200,11
1760124463798,LEAVE,2046,200,11
1760124463798,TEXT,2046,200,11
1760124463798,TEXT,2046,200,11
1760124463798,TEXT,2046,200,11
1760124463798,TEXT,2046,200,11
1760124463798,TEXT,2046,200,11
1760124463798,TEXT,2045,200,11
1760124463798,TEXT,2045,200,11
1760124463798,TEXT,2045,200,11
1760124463798,TEXT,2045,200,11
1760124463799,TEXT,2045,200,11
1760124463799,TEXT,2045,200,11
1760124463799,TEXT,2045,200,11
1760124463800,JOIN,2044,200,11
1760124463800,TEXT,2044,200,11
1760124463800,TEXT,2044,200,11
1760124463800,TEXT,2044,200,11
1760124463800,LEAVE,2043,200,11
1760124463800,TEXT,2043,200,11
1760124463800,TEXT,2043,200,11
1760124463801,TEXT,2043,200,11
1760124463801,TEXT,2043,200,11
1760124463801,TEXT,2043,200,11
1760124463802,TEXT,2042,200,11
1760124463802,TEXT,2042,200,11
1760124463802,TEXT,2042,200,11
1760124463802,TEXT,2042,200,11
1760124463802,TEXT,2042,200,11
1760124463802,TEXT,2042,200,11
1760124463803,TEXT,2041,200,11
1760124463803,TEXT,2041,200,11
1760124463803,LEAVE,2041,200,11
1760124463803,TEXT,2041,200,11
1760124463803,TEXT,2041,200,11
1760124463803,TEXT,2041,200,11
1760124463803,LEAVE,2041,200,11
1760124463803,TEXT,2041,200,11
1760124463803,TEXT,2041,200,11
1760124463803,TEXT,2041,200,11
1760124463803,TEXT,2041,200,11
1760124463804,TEXT,2040,200,11
1760124463804,TEXT,2040,200,11
1760124463804,LEAVE,2040,200,11
1760124463804,TEXT,2040,200,11
1760124463804,TEXT,2040,200,11
1760124463804,TEXT,2040,200,11
1760124463804,TEXT,2040,200,11
1760124463804,LEAVE,2040,200,11
1760124463804,TEXT,2040,200,11
1760124463804,TEXT,2040,200,11
1760124463804,TEXT,2040,200,11
1760124463804,TEXT,2039,200,11
1760124463804,JOIN,2039,200,11
1760124463805,TEXT,2039,200,11
1760124463805,TEXT,2039,200,11
1760124463805,TEXT,2039,200,11
1760124463791,TEXT,2074,200,16
1760124463792,TEXT,2074,200,16
1760124463792,TEXT,2074,200,16
1760124463792,TEXT,2074,200,16
1760124463792,TEXT,2074,200,16
1760124463792,TEXT,2073,200,16
1760124463792,TEXT,2073,200,16
1760124463792,TEXT,2073,200,16
1760124463793,TEXT,2073,200,16
1760124463793,TEXT,2072,200,16
1760124463793,TEXT,2072,200,16
1760124463793,TEXT,2072,200,16
1760124463793,TEXT,2072,200,16
1760124463793,TEXT,2072,200,16
1760124463793,TEXT,2072,200,16
1760124463794,TEXT,2072,200,16
1760124463794,TEXT,2072,200,16
1760124463794,TEXT,2072,200,16
1760124463794,TEXT,2075,200,16
1760124463794,TEXT,2075,200,16
1760124463794,TEXT,2075,200,16
1760124463794,TEXT,2074,200,16
1760124463795,TEXT,2074,200,16
1760124463795,TEXT,2074,200,16
1760124463795,TEXT,2074,200,16
1760124463795,TEXT,2074,200,16
1760124463795,TEXT,2074,200,16
1760124463795,TEXT,2074,200,16
1760124463795,TEXT,2074,200,16
1760124463795,TEXT,2074,200,16
1760124463795,TEXT,2073,200,16
1760124463796,TEXT,2073,200,16
1760124463796,TEXT,2073,200,16
1760124463796,TEXT,2073,200,16
1760124463796,TEXT,2073,200,16
1760124463796,TEXT,2072,200,16
1760124463796,TEXT,2072,200,16
1760124463796,TEXT,2072,200,16
1760124463797,TEXT,2072,200,16
1760124463797,TEXT,2072,200,16
1760124463797,TEXT,2072,200,16
1760124463797,TEXT,2071,200,16
1760124463797,TEXT,2071,200,16
1760124463797,TEXT,2071,200,16
1760124463797,TEXT,2071,200,16
1760124463797,TEXT,2071,200,16
1760124463797,TEXT,2071,200,16
1760124463798,TEXT,2071,200,16
1760124463798,TEXT,2071,200,16
1760124463798,TEXT,2071,200,16
1760124463798,TEXT,2071,200,16
1760124463798,TEXT,2071,200,16
1760124463798,TEXT,2070,200,16
1760124463798,TEXT,2070,200,16
1760124463798,TEXT,2070,200,16
1760124463798,TEXT,2070,200,16
1760124463799,TEXT,2070,200,16
1760124463799,TEXT,2070,200,16
1760124463799,TEXT,2070,200,16
1760124463799,TEXT,2070,200,16
1760124463799,TEXT,2070,200,16
1760124463799,TEXT,2069,200,16
1760124463800,TEXT,2069,200,16
1760124463800,TEXT,2069,200,16
1760124463800,TEXT,2069,200,16
1760124463800,TEXT,2069,200,16
1760124463800,TEXT,2069,200,16
1760124463800,TEXT,2069,200,16
1760124463800,TEXT,2068,200,16
1760124463800,TEXT,2068,200,16
1760124463800,TEXT,2068,200,16
1760124463800,TEXT,2068,200,16
1760124463801,LEAVE,2068,200,16
1760124463791,TEXT,2086,200,1
1760124463791,TEXT,2085,200,1
1760124463791,TEXT,2085,200,1
1760124463792,TEXT,2085,200,1
1760124463792,TEXT,2085,200,1
1760124463792,TEXT,2085,200,1
1760124463792,JOIN,2085,200,1
1760124463792,TEXT,2085,200,1
1760124463792,TEXT,2085,200,1
1760124463792,TEXT,2085,200,1
1760124463792,TEXT,2085,200,1
1760124463792,JOIN,2085,200,1
1760124463792,TEXT,2085,200,1
1760124463792,TEXT,2085,200,1
1760124463793,TEXT,2084,200,1
1760124463793,TEXT,2084,200,1
1760124463793,LEAVE,2084,200,1
1760124463793,TEXT,2084,200,1
1760124463793,TEXT,2084,200,1
1760124463793,TEXT,2084,200,1
1760124463793,TEXT,2084,200,1
1760124463793,TEXT,2083,200,1
1760124463794,TEXT,2083,200,1
1760124463794,TEXT,2083,200,1
1760124463794,TEXT,2083,200,1
1760124463794,TEXT,2083,200,1
1760124463794,TEXT,2083,200,1
1760124463794,TEXT,2083,200,1
1760124463794,TEXT,2083,200,1
1760124463794,TEXT,2083,200,1
1760124463794,TEXT,2083,200,1
1760124463794,TEXT,2082,200,1
1760124463795,TEXT,2082,200,1
1760124463795,TEXT,2082,200,1
1760124463795,TEXT,2082,200,1
1760124463795,TEXT,2082,200,1
1760124463795,TEXT,2082,200,1
1760124463795,LEAVE,2081,200,1
1760124463796,TEXT,2081,200,1
1760124463796,TEXT,2081,200,1
1760124463796,TEXT,2081,200,1
1760124463796,TEXT,2081,200,1
1760124463796,TEXT,2081,200,1
1760124463796,TEXT,2081,200,1
1760124463796,TEXT,2081,200,1
1760124463797,TEXT,2080,200,1
1760124463797,TEXT,2080,200,1
1760124463797,TEXT,2080,200,1
1760124463797,TEXT,2080,200,1
1760124463797,TEXT,2080,200,1
1760124463797,TEXT,2080,200,1
1760124463798,TEXT,2079,200,1
1760124463798,TEXT,2079,200,1
1760124463798,TEXT,2079,200,1
1760124463798,TEXT,2079,200,1
1760124463798,TEXT,2079,200,1
1760124463798,TEXT,2079,200,1
1760124463798,TEXT,2079,200,1
1760124463798,TEXT,2079,200,1
1760124463798,TEXT,2079,200,1
1760124463798,TEXT,2079,200,1
1760124463798,TEXT,2079,200,1
1760124463798,TEXT,2079,200,1
1760124463799,TEXT,2078,200,1
1760124463799,TEXT,2078,200,1
1760124463799,TEXT,2078,200,1
1760124463799,TEXT,2078,200,1
1760124463799,TEXT,2078,200,1
1760124463799,TEXT,2078,200,1
1760124463799,TEXT,2078,200,1
1760124463799,TEXT,2078,200,1
1760124463800,TEXT,2078,200,1
1760124463800,TEXT,2078,200,1
1760124463800,TEXT,2078,200,1
1760124463800,TEXT,2077,200,1
1760124463800,TEXT,2077,200,1
1760124463800,TEXT,2077,200,1
1760124463800,TEXT,2077,200,1
1760124463800,TEXT,2077,200,1
1760124463801,TEXT,2077,200,1
1760124463801,LEAVE,2077,200,1
1760124463801,TEXT,2076,200,1
1760124463801,TEXT,2076,200,1
1760124463801,TEXT,2076,200,1
1760124463801,TEXT,2076,200,1
1760124463801,TEXT,2076,200,1
1760124463802,TEXT,2076,200,1
1760124463802,TEXT,2076,200,1
1760124463802,TEXT,2075,200,1
1760124463802,TEXT,2075,200,1
1760124463802,TEXT,2075,200,1
1760124463802,TEXT,2075,200,1
1760124463802,TEXT,2075,200,1
1760124463802,TEXT,2075,200,1
1760124463802,TEXT,2075,200,1
1760124463802,TEXT,2075,200,1
1760124463802,TEXT,2075,200,1
1760124463802,TEXT,2075,200,1
1760124463803,TEXT,2075,200,1
1760124463803,TEXT,2075,200,1
1760124463803,TEXT,2075,200,1
1760124463803,TEXT,2074,200,1
1760124463804,TEXT,2074,200,1
1760124463804,TEXT,2074,200,1
1760124463804,TEXT,2074,200,1
1760124463804,TEXT,2074,200,1
1760124463804,TEXT,2073,200,1
1760124463804,TEXT,2073,200,1
1760124463804,TEXT,2073,200,1
1760124463804,TEXT,2073,200,1
1760124463804,TEXT,2073,200,1
1760124463804,TEXT,2073,200,1
1760124463805,TEXT,2073,200,1
1760124463805,TEXT,2073,200,1
1760124463805,TEXT,2072,200,1
1760124463805,TEXT,2072,200,1
1760124463805,TEXT,2072,200,1
1760124463806,TEXT,2072,200,1
1760124463806,TEXT,2072,200,1
1760124463806,TEXT,2071,200,1
1760124463806,TEXT,2071,200,1
1760124463806,TEXT,2071,200,1
1760124463807,TEXT,2071,200,1
1760124463807,TEXT,2071,200,1
1760124463807,TEXT,2070,200,1
1760124463807,TEXT,2070,200,1
1760124463807,TEXT,2070,200,1
1760124463807,TEXT,2070,200,1
1760124463807,TEXT,2070,200,1
1760124463807,TEXT,2070,200,1
1760124463807,TEXT,2070,200,1
1760124463808,TEXT,2070,200,1
1760124463808,TEXT,2070,200,1
1760124463808,TEXT,2070,200,1
1760124463808,TEXT,2069,200,1
1760124463808,JOIN,2069,200,1
1760124463808,TEXT,2069,200,1
1760124463808,TEXT,2069,200,1
1760124463808,TEXT,2069,200,1
1760124463808,LEAVE,2069,200,1
1760124463809,TEXT,2069,200,1
1760124463809,TEXT,2069,200,1
1760124463809,TEXT,2069,200,1
1760124463809,TEXT,2069,200,1
1760124463809,TEXT,2068,200,1
1760124463809,TEXT,2068,200,1
1760124463809,TEXT,2068,200,1
1760124463809,TEXT,2068,200,1
1760124463810,TEXT,2068,200,1
1760124463810,TEXT,2068,200,1
1760124463810,JOIN,2068,200,1
1760124463810,TEXT,2068,200,1
1760124463810,TEXT,2068,200,1
1760124463810,TEXT,2067,200,1
1760124463810,TEXT,2067,200,1
1760124463810,TEXT,2067,200,1
1760124463810,TEXT,2067,200,1
1760124463810,TEXT,2067,200,1
1760124463810,TEXT,2067,200,1
1760124463811,TEXT,2067,200,1
1760124463811,TEXT,2067,200,1
1760124463811,TEXT,2067,200,1
1760124463811,TEXT,2067,200,1
1760124463811,TEXT,2067,200,1
1760124463811,TEXT,2067,200,1
1760124463811,TEXT,2066,200,1
1760124463811,TEXT,2066,200,1
1760124463792,TEXT,2086,200,12
1760124463792,TEXT,2086,200,12
1760124463792,TEXT,2086,200,12
1760124463792,TEXT,2086,200,12
1760124463792,TEXT,2086,200,12
1760124463792,TEXT,2086,200,12
1760124463792,TEXT,2086,200,12
1760124463793,TEXT,2085,200,12
1760124463793,TEXT,2085,200,12
1760124463793,TEXT,2085,200,12
1760124463793,TEXT,2085,200,12
1760124463793,TEXT,2085,200,12
1760124463794,TEXT,2085,200,12
1760124463794,TEXT,2085,200,12
1760124463794,TEXT,2085,200,12
1760124463794,TEXT,2085,200,12
1760124463794,TEXT,2085,200,12
1760124463794,TEXT,2084,200,12
1760124463794,TEXT,2084,200,12
1760124463794,TEXT,2084,200,12
1760124463794,TEXT,2084,200,12
1760124463795,TEXT,2084,200,12
1760124463795,TEXT,2084,200,12
1760124463795,TEXT,2083,200,12
1760124463795,TEXT,2083,200,12
1760124463795,JOIN,2083,200,12
1760124463795,TEXT,2083,200,12
1760124463795,TEXT,2083,200,12
1760124463796,TEXT,2083,200,12
1760124463796,TEXT,2083,200,12
1760124463796,TEXT,2083,200,12
1760124463796,TEXT,2083,200,12
1760124463796,TEXT,2082,200,12
1760124463796,TEXT,2082,200,12
1760124463796,TEXT,2082,200,12
1760124463797,TEXT,2082,200,12
1760124463797,TEXT,2081,200,12
1760124463797,TEXT,2081,200,12
1760124463797,TEXT,2081,200,12
1760124463798,TEXT,2081,200,12
1760124463798,JOIN,2081,200,12
1760124463798,TEXT,2080,200,12
1760124463798,JOIN,2080,200,12
1760124463798,TEXT,2080,200,12
1760124463798,TEXT,2080,200,12
1760124463798,TEXT,2080,200,12
1760124463799,TEXT,2080,200,12
1760124463799,TEXT,2079,200,12
1760124463799,TEXT,2079,200,12
1760124463799,TEXT,2079,200,12
1760124463799,TEXT,2079,200,12
1760124463799,TEXT,2079,200,12
1760124463799,TEXT,2079,200,12
1760124463799,TEXT,2079,200,12
1760124463800,TEXT,2079,200,12
1760124463800,TEXT,2079,200,12
1760124463800,TEXT,2079,200,12
1760124463800,TEXT,2078,200,12
1760124463800,TEXT,2078,200,12
1760124463800,TEXT,2078,200,12
1760124463801,TEXT,2078,200,12
1760124463801,TEXT,2077,200,12
1760124463801,TEXT,2077,200,12
1760124463801,TEXT,2077,200,12
1760124463801,TEXT,2077,200,12
1760124463801,TEXT,2077,200,12
1760124463801,TEXT,2077,200,12
1760124463802,TEXT,2077,200,12
1760124463802,TEXT,2076,200,12
1760124463803,TEXT,2076,200,12
1760124463803,TEXT,2076,200,12
1760124463803,TEXT,2076,200,12
1760124463803,TEXT,2076,200,12
1760124463803,JOIN,2075,200,12
1760124463803,TEXT,2075,200,12
1760124463803,TEXT,2075,200,12
1760124463803,TEXT,2075,200,12
1760124463803,TEXT,2075,200,12
1760124463803,TEXT,2075,200,12
1760124463803,TEXT,2075,200,12
1760124463804,JOIN,2075,200,12
1760124463804,TEXT,2075,200,12
1760124463804,JOIN,2075,200,12
1760124463804,TEXT,2075,200,12
1760124463804,TEXT,2075,200,12
1760124463804,TEXT,2074,200,12
1760124463804,LEAVE,2074,200,12
1760124463805,TEXT,2074,200,12
1760124463805,TEXT,2074,200,12
1760124463805,TEXT,2074,200,12
1760124463791,LEAVE,2115,200,17
1760124463791,JOIN,2115,200,17
1760124463792,TEXT,2115,200,17
1760124463792,TEXT,2115,200,17
1760124463792,TEXT,2115,200,17
1760124463792,TEXT,2115,200,17
1760124463792,TEXT,2115,200,17
1760124463792,TEXT,2115,200,17
1760124463792,TEXT,2115,200,17
1760124463792,TEXT,2114,200,17
1760124463793,TEXT,2114,200,17
1760124463793,TEXT,2114,200,17
1760124463793,TEXT,2114,200,17
1760124463793,TEXT,2114,200,17
1760124463793,TEXT,2114,200,17
1760124463793,JOIN,2113,200,17
1760124463793,TEXT,2113,200,17
1760124463793,TEXT,2113,200,17
1760124463793,TEXT,2113,200,17
1760124463794,TEXT,2113,200,17
1760124463794,LEAVE,2113,200,17
1760124463794,TEXT,2113,200,17
1760124463794,TEXT,2113,200,17
1760124463794,TEXT,2113,200,17
1760124463794,TEXT,2113,200,17
1760124463794,TEXT,2112,200,17
1760124463795,TEXT,2112,200,17
1760124463795,LEAVE,2112,200,17
1760124463795,TEXT,2112,200,17
1760124463795,TEXT,2112,200,17
1760124463795,TEXT,2112,200,17
1760124463795,TEXT,2112,200,17
1760124463795,TEXT,2112,200,17
1760124463795,TEXT,2112,200,17
1760124463795,LEAVE,2112,200,17
1760124463795,TEXT,2111,200,17
1760124463796,TEXT,2111,200,17
1760124463796,TEXT,2111,200,17
1760124463796,TEXT,2111,200,17
1760124463796,TEXT,2111,200,17
1760124463796,TEXT,2110,200,17
1760124463797,TEXT,2110,200,17
1760124463797,TEXT,2110,200,17
1760124463797,TEXT,2110,200,17
1760124463798,TEXT,2109,200,17
1760124463798,TEXT,2109,200,17
1760124463798,TEXT,2109,200,17
1760124463798,TEXT,2109,200,17
1760124463798,TEXT,2109,200,17
1760124463798,TEXT,2109,200,17
1760124463798,TEXT,2109,200,17
1760124463798,TEXT,2109,200,17
1760124463798,TEXT,2109,200,17
1760124463798,TEXT,2109,200,17
1760124463799,TEXT,2108,200,17
1760124463799,JOIN,2108,200,17
1760124463799,TEXT,2108,200,17
1760124463799,TEXT,2108,200,17
1760124463799,TEXT,2108,200,17
1760124463799,LEAVE,2107,200,17
1760124463800,TEXT,2107,200,17
1760124463800,JOIN,2107,200,17
1760124463800,TEXT,2107,200,17
1760124463800,TEXT,2107,200,17
1760124463800,TEXT,2107,200,17
1760124463800,TEXT,2107,200,17
1760124463800,TEXT,2107,200,17
1760124463800,TEXT,2107,200,17
1760124463800,LEAVE,2107,200,17
1760124463801,TEXT,2106,200,17
1760124463801,TEXT,2106,200,17
1760124463801,TEXT,2106,200,17
1760124463801,TEXT,2105,200,17
1760124463801,LEAVE,2105,200,17
1760124463801,TEXT,2105,200,17
1760124463801,TEXT,2105,200,17
1760124463802,TEXT,2105,200,17
1760124463802,TEXT,2105,200,17
1760124463802,TEXT,2105,200,17
1760124463802,TEXT,2105,200,17
1760124463802,TEXT,2105,200,17
1760124463802,TEXT,2105,200,17
1760124463803,TEXT,2105,200,17
1760124463803,TEXT,2105,200,17
1760124463803,TEXT,2105,200,17
1760124463803,TEXT,2104,200,17
1760124463803,TEXT,2104,200,17
1760124463803,TEXT,2104,200,17
1760124463803,TEXT,2104,200,17
1760124463803,TEXT,2104,200,17
1760124463803,TEXT,2104,200,17
1760124463803,TEXT,2104,200,17
1760124463803,TEXT,2104,200,17
1760124463804,TEXT,2104,200,17
1760124463804,TEXT,2103,200,17
1760124463804,JOIN,2103,200,17
1760124463792,TEXT,2116,200,19
1760124463792,TEXT,2116,200,19
1760124463793,TEXT,2115,200,19
1760124463793,LEAVE,2115,200,19
1760124463793,LEAVE,2115,200,19
1760124463793,TEXT,2115,200,19
1760124463793,TEXT,2115,200,19
1760124463793,TEXT,2115,200,19
1760124463793,TEXT,2115,200,19
1760124463793,TEXT,2115,200,19
1760124463793,TEXT,2115,200,19
1760124463793,TEXT,2115,200,19
1760124463793,TEXT,2115,200,19
1760124463793,TEXT,2115,200,19
1760124463793,TEXT,2115,200,19
1760124463793,TEXT,2115,200,19
1760124463794,TEXT,2115,200,19
1760124463794,TEXT,2115,200,19
1760124463794,TEXT,2115,200,19
1760124463794,TEXT,2115,200,19
1760124463794,TEXT,2114,200,19
1760124463794,TEXT,2114,200,19
1760124463794,TEXT,2114,200,19
1760124463794,JOIN,2114,200,19
1760124463794,TEXT,2114,200,19
1760124463794,TEXT,2114,200,19
1760124463794,TEXT,2114,200,19
1760124463794,LEAVE,2114,200,19
1760124463794,LEAVE,2114,200,19
1760124463795,TEXT,2113,200,19
1760124463795,TEXT,2113,200,19
1760124463795,TEXT,2113,200,19
1760124463795,TEXT,2113,200,19
1760124463795,TEXT,2113,200,19
1760124463795,LEAVE,2113,200,19
1760124463795,TEXT,2113,200,19
1760124463796,TEXT,2113,200,19
1760124463796,TEXT,2113,200,19
1760124463796,TEXT,2113,200,19
1760124463796,TEXT,2112,200,19
1760124463796,TEXT,2112,200,19
1760124463796,TEXT,2112,200,19
1760124463796,TEXT,2112,200,19
1760124463796,TEXT,2112,200,19
1760124463796,LEAVE,2112,200,19
1760124463797,TEXT,2112,200,19
1760124463797,TEXT,2111,200,19
1760124463797,TEXT,2111,200,19
1760124463797,TEXT,2111,200,19
1760124463797,TEXT,2111,200,19
1760124463797,TEXT,2111,200,19
1760124463798,TEXT,2110,200,19
1760124463798,TEXT,2110,200,19
1760124463798,TEXT,2110,200,19
1760124463798,TEXT,2110,200,19
1760124463798,TEXT,2110,200,19
1760124463798,TEXT,2110,200,19
1760124463798,TEXT,2110,200,19
1760124463799,TEXT,2109,200,19
1760124463800,TEXT,2109,200,19
1760124463800,TEXT,2108,200,19
1760124463800,TEXT,2108,200,19
1760124463800,TEXT,2108,200,19
1760124463800,TEXT,2108,200,19
1760124463800,TEXT,2108,200,19
1760124463801,TEXT,2108,200,19
1760124463801,TEXT,2108,200,19
1760124463801,TEXT,2107,200,19
1760124463801,TEXT,2107,200,19
1760124463801,TEXT,2107,200,19
1760124463801,TEXT,2107,200,19
1760124463801,TEXT,2107,200,19
1760124463802,TEXT,2107,200,19
1760124463802,TEXT,2107,200,19
1760124463802,TEXT,2106,200,19
1760124463802,JOIN,2106,200,19
1760124463802,TEXT,2106,200,19
1760124463802,TEXT,2106,200,19
1760124463803,TEXT,2106,200,19
1760124463803,TEXT,2106,200,19
1760124463803,TEXT,2106,200,19
1760124463803,TEXT,2106,200,19
1760124463803,TEXT,2105,200,19
1760124463803,LEAVE,2105,200,19
1760124463803,TEXT,2105,200,19
1760124463803,TEXT,2105,200,19
1760124463803,TEXT,2105,200,19
1760124463804,TEXT,2105,200,19
1760124463804,TEXT,2105,200,19
1760124463804,TEXT,2105,200,19
1760124463804,TEXT,2105,200,19
1760124463804,TEXT,2104,200,19
1760124463804,TEXT,2104,200,19
1760124463804,LEAVE,2104,200,19
1760124463804,LEAVE,2104,200,19
1760124463804,JOIN,2104,200,19
1760124463805,TEXT,2104,200,19
1760124463791,TEXT,2152,200,9
1760124463791,TEXT,2151,200,9
1760124463792,TEXT,2151,200,9
1760124463792,TEXT,2151,200,9
1760124463792,JOIN,2150,200,9
1760124463792,TEXT,2150,200,9
1760124463792,TEXT,2150,200,9
1760124463793,TEXT,2150,200,9
1760124463793,TEXT,2150,200,9
1760124463793,TEXT,2150,200,9
1760124463793,TEXT,2150,200,9
1760124463793,TEXT,2150,200,9
1760124463793,TEXT,2150,200,9
1760124463793,TEXT,2150,200,9
1760124463793,TEXT,2150,200,9
1760124463793,TEXT,2149,200,9
1760124463793,TEXT,2149,200,9
1760124463794,TEXT,2149,200,9
1760124463794,LEAVE,2149,200,9
1760124463794,TEXT,2149,200,9
1760124463794,TEXT,2149,200,9
1760124463794,TEXT,2149,200,9
1760124463794,TEXT,2149,200,9
1760124463794,TEXT,2149,200,9
1760124463794,TEXT,2149,200,9
1760124463794,TEXT,2149,200,9
1760124463794,TEXT,2149,200,9
1760124463794,JOIN,2148,200,9
1760124463794,TEXT,2148,200,9
1760124463795,TEXT,2148,200,9
1760124463795,TEXT,2148,200,9
1760124463795,TEXT,2148,200,9
1760124463795,TEXT,2148,200,9
1760124463795,TEXT,2148,200,9
1760124463795,TEXT,2148,200,9
1760124463795,TEXT,2148,200,9
1760124463795,TEXT,2148,200,9
1760124463795,TEXT,2147,200,9
1760124463796,TEXT,2147,200,9
1760124463796,TEXT,2147,200,9
1760124463796,TEXT,2147,200,9
1760124463796,TEXT,2147,200,9
1760124463796,TEXT,2147,200,9
1760124463796,TEXT,2147,200,9
1760124463797,TEXT,2146,200,9
1760124463797,TEXT,2146,200,9
1760124463797,TEXT,2146,200,9
1760124463798,TEXT,2145,200,9
1760124463798,TEXT,2145,200,9
1760124463798,TEXT,2145,200,9
1760124463798,TEXT,2145,200,9
1760124463798,TEXT,2145,200,9
1760124463798,TEXT,2145,200,9
1760124463798,LEAVE,2145,200,9
1760124463798,TEXT,2145,200,9
1760124463798,TEXT,2145,200,9
1760124463798,TEXT,2145,200,9
1760124463798,TEXT,2145,200,9
1760124463798,TEXT,2145,200,9
1760124463798,TEXT,2145,200,9
1760124463799,TEXT,2144,200,9
1760124463799,TEXT,2144,200,9
1760124463799,TEXT,2144,200,9
1760124463799,JOIN,2144,200,9
1760124463799,LEAVE,2144,200,9
1760124463799,TEXT,2144,200,9
1760124463799,TEXT,2144,200,9
1760124463800,TEXT,2144,200,9
1760124463800,TEXT,2144,200,9
1760124463800,LEAVE,2143,200,9
1760124463800,TEXT,2143,200,9
1760124463800,TEXT,2143,200,9
1760124463800,TEXT,2143,200,9
1760124463800,TEXT,2143,200,9
1760124463801,TEXT,2142,200,9
1760124463801,TEXT,2142,200,9
1760124463801,TEXT,2142,200,9
1760124463802,TEXT,2141,200,9
1760124463802,TEXT,2141,200,9
1760124463802,TEXT,2141,200,9
1760124463802,TEXT,2141,200,9
1760124463791,TEXT,2166,200,4
1760124463791,TEXT,2166,200,4
1760124463791,TEXT,2166,200,4
1760124463792,TEXT,2166,200,4
1760124463792,TEXT,2166,200,4
1760124463792,LEAVE,2165,200,4
1760124463792,TEXT,2165,200,4
1760124463793,TEXT,2165,200,4
1760124463793,TEXT,2165,200,4
1760124463793,TEXT,2165,200,4
1760124463793,LEAVE,2164,200,4
1760124463793,TEXT,2164,200,4
1760124463793,LEAVE,2164,200,4
1760124463794,TEXT,2164,200,4
1760124463794,TEXT,2164,200,4
1760124463794,TEXT,2164,200,4
1760124463794,TEXT,2164,200,4
1760124463794,TEXT,2164,200,4
1760124463794,TEXT,2164,200,4
1760124463794,TEXT,2163,200,4
1760124463794,TEXT,2163,200,4
1760124463794,TEXT,2163,200,4
1760124463794,TEXT,2163,200,4
1760124463795,TEXT,2163,200,4
1760124463795,TEXT,2163,200,4
1760124463795,TEXT,2162,200,4
1760124463795,TEXT,2162,200,4
1760124463795,TEXT,2162,200,4
1760124463795,TEXT,2162,200,4
1760124463795,TEXT,2162,200,4
1760124463795,TEXT,2162,200,4
1760124463795,TEXT,2162,200,4
1760124463796,TEXT,2162,200,4
1760124463796,TEXT,2162,200,4
1760124463796,TEXT,2162,200,4
1760124463796,TEXT,2161,200,4
1760124463796,TEXT,2161,200,4
1760124463796,TEXT,2161,200,4
1760124463796,TEXT,2161,200,4
1760124463796,TEXT,2161,200,4
1760124463796,TEXT,2161,200,4
1760124463796,LEAVE,2161,200,4
1760124463797,TEXT,2161,200,4
1760124463797,TEXT,2161,200,4
1760124463797,TEXT,2161,200,4
1760124463797,TEXT,2160,200,4
1760124463797,TEXT,2160,200,4
1760124463797,TEXT,2160,200,4
1760124463798,TEXT,2160,200,4
1760124463798,TEXT,2159,200,4
1760124463798,TEXT,2159,200,4
1760124463798,TEXT,2159,200,4
1760124463798,TEXT,2159,200,4
1760124463798,TEXT,2159,200,4
1760124463798,TEXT,2159,200,4
1760124463799,TEXT,2159,200,4
1760124463799,TEXT,2159,200,4
1760124463799,TEXT,2158,200,4
1760124463799,TEXT,2158,200,4
1760124463799,LEAVE,2158,200,4
1760124463799,TEXT,2158,200,4
1760124463800,TEXT,2158,200,4
1760124463800,TEXT,2158,200,4
1760124463800,TEXT,2158,200,4
1760124463800,TEXT,2158,200,4
1760124463800,TEXT,2158,200,4
1760124463800,TEXT,2157,200,4
1760124463800,TEXT,2157,200,4
1760124463800,LEAVE,2157,200,4
1760124463800,TEXT,2157,200,4
1760124463801,TEXT,2157,200,4
1760124463801,TEXT,2157,200,4
1760124463801,TEXT,2157,200,4
1760124463801,LEAVE,2157,200,4
1760124463801,JOIN,2157,200,4
1760124463801,LEAVE,2157,200,4
1760124463801,TEXT,2156,200,4
1760124463801,TEXT,2156,200,4
1760124463801,TEXT,2156,200,4
1760124463802,LEAVE,2156,200,4
1760124463802,TEXT,2156,200,4
1760124463802,TEXT,2156,200,4
1760124463802,TEXT,2156,200,4
1760124463802,TEXT,2156,200,4
1760124463802,TEXT,2156,200,4
1760124463802,JOIN,2156,200,4
1760124463802,TEXT,2156,200,4
1760124463802,TEXT,2155,200,4
1760124463802,TEXT,2155,200,4
1760124463802,TEXT,2155,200,4
1760124463802,TEXT,2155,200,4
1760124463803,JOIN,2155,200,4
1760124463803,TEXT,2155,200,4
1760124463803,TEXT,2154,200,4
1760124463803,JOIN,2154,200,4
1760124463803,TEXT,2154,200,4
1760124463803,JOIN,2154,200,4
1760124463804,TEXT,2154,200,4
1760124463804,TEXT,2154,200,4
1760124463804,TEXT,2154,200,4
1760124463804,TEXT,2153,200,4
1760124463804,TEXT,2153,200,4
1760124463805,TEXT,2153,200,4
1760124463805,TEXT,2153,200,4
1760124463805,LEAVE,2153,200,4
1760124463805,TEXT,2153,200,4
1760124463806,TEXT,2152,200,4
1760124463806,TEXT,2152,200,4
1760124463806,JOIN,2152,200,4
1760124463806,TEXT,2152,200,4
1760124463806,TEXT,2152,200,4
1760124463806,TEXT,2151,200,4
1760124463806,TEXT,2151,200,4
1760124463807,TEXT,2151,200,4
1760124463807,TEXT,2151,200,4
1760124463807,LEAVE,2150,200,4
1760124463807,TEXT,2150,200,4
1760124463807,TEXT,2150,200,4
1760124463808,TEXT,2150,200,4
1760124463808,TEXT,2150,200,4
1760124463808,JOIN,2150,200,4
1760124463808,TEXT,2150,200,4
1760124463808,TEXT,2150,200,4
1760124463808,TEXT,2150,200,4
1760124463808,TEXT,2150,200,4
1760124463808,TEXT,2149,200,4
1760124463809,TEXT,2149,200,4
1760124463809,TEXT,2149,200,4
1760124463809,TEXT,2149,200,4
1760124463809,LEAVE,2149,200,4
1760124463809,TEXT,2149,200,4
1760124463809,TEXT,2149,200,4
1760124463809,TEXT,2149,200,4
1760124463809,TEXT,2149,200,4
1760124463809,TEXT,2149,200,4
1760124463809,TEXT,2149,200,4
1760124463809,TEXT,2149,200,4
1760124463810,TEXT,2148,200,4
1760124463810,TEXT,2148,200,4
1760124463810,TEXT,2148,200,4
1760124463810,TEXT,2148,200,4
1760124463810,TEXT,2148,200,4
1760124463810,TEXT,2148,200,4
1760124463810,TEXT,2148,200,4
1760124463810,TEXT,2148,200,4
1760124463810,TEXT,2148,200,4
1760124463810,TEXT,2148,200,4
1760124463810,TEXT,2147,200,4
1760124463810,TEXT,2147,200,4
1760124463810,TEXT,2147,200,4
1760124463810,TEXT,2147,200,4
1760124463810,TEXT,2147,200,4
1760124463811,TEXT,2147,200,4
1760124463811,TEXT,2147,200,4
1760124463811,TEXT,2147,200,4
1760124463811,TEXT,2147,200,4
1760124463811,TEXT,2147,200,4
1760124463811,TEXT,2147,200,4
1760124463811,TEXT,2146,200,4
1760124463812,TEXT,2146,200,4
1760124463812,JOIN,2146,200,4
1760124463812,TEXT,2146,200,4
1760124463813,TEXT,2145,200,4
1760124463813,TEXT,2145,200,4
1760124463813,TEXT,2145,200,4
1760124463813,TEXT,2145,200,4
1760124463813,TEXT,2145,200,4
1760124463813,TEXT,2145,200,4
1760124463813,TEXT,2144,200,4
1760124463813,TEXT,2144,200,4
1760124463814,TEXT,2144,200,4
1760124463814,TEXT,2144,200,4
1760124463814,TEXT,2144,200,4
1760124463814,TEXT,2144,200,4
1760124463814,TEXT,2144,200,4
1760124463814,TEXT,2144,200,4
1760124463814,TEXT,2144,200,4
1760124463814,TEXT,2144,200,4
1760124463814,TEXT,2144,200,4
1760124463814,TEXT,2144,200,4
1760124463814,TEXT,2144,200,4
1760124463814,TEXT,2144,200,4
1760124463993,LEAVE,2175,200,6
1760124463993,TEXT,2175,200,6
1760124463993,TEXT,2175,200,6
1760124463993,LEAVE,2174,200,6
1760124463993,TEXT,2174,200,6
1760124463993,TEXT,2174,200,6
1760124463993,TEXT,2174,200,6
1760124463993,LEAVE,2174,200,6
1760124463994,TEXT,2174,200,6
1760124463994,TEXT,2174,200,6
1760124463994,TEXT,2174,200,6
1760124463994,TEXT,2174,200,6
1760124463994,TEXT,2174,200,6
1760124463994,TEXT,2174,200,6
1760124463994,TEXT,2174,200,6
1760124463994,LEAVE,2174,200,6
1760124463994,TEXT,2174,200,6
1760124463994,TEXT,2174,200,6
1760124463994,TEXT,2173,200,6
1760124463994,LEAVE,2173,200,6
1760124463994,TEXT,2173,200,6
1760124463994,TEXT,2173,200,6
1760124463994,TEXT,2173,200,6
1760124463994,TEXT,2173,200,6
1760124463994,TEXT,2173,200,6
1760124463994,TEXT,2173,200,6
1760124463995,TEXT,2173,200,6
1760124463995,TEXT,2173,200,6
1760124463995,JOIN,2173,200,6
1760124463995,TEXT,2173,200,6
1760124463995,TEXT,2173,200,6
1760124463995,TEXT,2173,200,6
1760124463995,TEXT,2173,200,6
1760124463995,TEXT,2173,200,6
1760124463995,TEXT,2173,200,6
1760124463995,TEXT,2173,200,6
1760124463995,TEXT,2173,200,6
1760124463995,TEXT,2172,200,6
1760124463995,TEXT,2172,200,6
1760124463995,JOIN,2172,200,6
1760124463995,TEXT,2172,200,6
1760124463995,TEXT,2172,200,6
1760124463996,TEXT,2172,200,6
1760124463996,TEXT,2172,200,6
1760124463996,TEXT,2172,200,6
1760124463996,TEXT,2172,200,6
1760124463996,TEXT,2172,200,6
1760124463996,TEXT,2172,200,6
1760124463996,TEXT,2172,200,6
1760124463996,TEXT,2172,200,6
1760124463996,TEXT,2172,200,6
1760124463996,TEXT,2171,200,6
1760124463996,JOIN,2171,200,6
1760124463997,TEXT,2171,200,6
1760124463997,LEAVE,2171,200,6
1760124463997,TEXT,2171,200,6
1760124463997,TEXT,2171,200,6
1760124463997,TEXT,2171,200,6
1760124463997,TEXT,2171,200,6
1760124463997,TEXT,2171,200,6
1760124463997,TEXT,2170,200,6
1760124463997,TEXT,2170,200,6
1760124463998,TEXT,2170,200,6
1760124463998,TEXT,2170,200,6
1760124463998,TEXT,2170,200,6
1760124463998,JOIN,2170,200,6
1760124463998,TEXT,2170,200,6
1760124463998,TEXT,2170,200,6
1760124463998,TEXT,2170,200,6
1760124463998,TEXT,2170,200,6
1760124463998,TEXT,2170,200,6
1760124463998,TEXT,2170,200,6
1760124463998,TEXT,2170,200,6
1760124463998,TEXT,2169,200,6
1760124463998,TEXT,2169,200,6
1760124463998,TEXT,2169,200,6
1760124463999,LEAVE,2169,200,6
1760124463999,TEXT,2169,200,6
1760124463999,TEXT,2169,200,6
1760124463999,TEXT,2169,200,6
1760124463999,TEXT,2169,200,6
1760124463999,TEXT,2168,200,6
1760124464000,TEXT,2168,200,6
1760124464000,TEXT,2168,200,6
1760124464000,TEXT,2168,200,6
1760124464000,TEXT,2168,200,6
1760124464000,TEXT,2168,200,6
1760124464000,JOIN,2168,200,6
1760124464000,TEXT,2168,200,6
1760124464000,TEXT,2168,200,6
1760124464000,TEXT,2167,200,6
1760124464000,TEXT,2167,200,6
1760124464000,TEXT,2167,200,6
1760124464000,TEXT,2167,200,6
1760124464000,TEXT,2167,200,6
1760124464000,TEXT,2167,200,6
1760124464000,TEXT,2167,200,6
1760124464000,LEAVE,2167,200,6
1760124464001,TEXT,2167,200,6
1760124464001,JOIN,2167,200,6
1760124464001,TEXT,2167,200,6
1760124464001,TEXT,2167,200,6
1760124464001,TEXT,2167,200,6
1760124464001,LEAVE,2167,200,6
1760124464001,TEXT,2167,200,6
1760124464001,TEXT,2167,200,6
1760124464001,TEXT,2167,200,6
1760124464001,TEXT,2167,200,6
1760124464001,TEXT,2167,200,6
1760124464001,TEXT,2167,200,6
1760124464001,TEXT,2167,200,6
1760124464001,TEXT,2167,200,6
1760124464001,LEAVE,2167,200,6
1760124464001,TEXT,2166,200,6
1760124464001,TEXT,2166,200,6
1760124464002,TEXT,2166,200,6
1760124464002,TEXT,2166,200,6
1760124464002,TEXT,2166,200,6
1760124464002,TEXT,2166,200,6
1760124464002,TEXT,2166,200,6
1760124464002,TEXT,2166,200,6
1760124464002,TEXT,2166,200,6
1760124464002,TEXT,2166,200,6
1760124464002,TEXT,2165,200,6
1760124464003,TEXT,2165,200,6
1760124464003,TEXT,2165,200,6
1760124464003,TEXT,2165,200,6
1760124464003,TEXT,2165,200,6
1760124464003,TEXT,2165,200,6
1760124464003,TEXT,2165,200,6
1760124464003,TEXT,2165,200,6
1760124464003,TEXT,2164,200,6
1760124464003,TEXT,2164,200,6
1760124464003,TEXT,2164,200,6
1760124464003,TEXT,2164,200,6
1760124464003,TEXT,2164,200,6
1760124464003,TEXT,2164,200,6
1760124464004,TEXT,2164,200,6
1760124464004,TEXT,2164,200,6
1760124464004,TEXT,2164,200,6
1760124464004,TEXT,2164,200,6
1760124464004,TEXT,2164,200,6
1760124464004,TEXT,2164,200,6
1760124464004,TEXT,2164,200,6
1760124464004,TEXT,2164,200,6
1760124464004,TEXT,2164,200,6
1760124464004,TEXT,2164,200,6
1760124464004,TEXT,2164,200,6
1760124464004,JOIN,2164,200,6
1760124464004,TEXT,2164,200,6
1760124464004,TEXT,2164,200,6
1760124464004,TEXT,2164,200,6
1760124464004,TEXT,2164,200,6
1760124464004,TEXT,2164,200,6
1760124464004,TEXT,2164,200,6
1760124464004,TEXT,2164,200,6
1760124464004,TEXT,2164,200,6
1760124464004,TEXT,2164,200,6
1760124464004,TEXT,2164,200,6
1760124464004,TEXT,2164,200,6
1760124464005,LEAVE,2163,200,6
1760124464005,TEXT,2163,200,6
1760124464005,TEXT,2163,200,6
1760124464005,TEXT,2163,200,6
1760124464005,TEXT,2163,200,6
1760124464005,TEXT,2163,200,6
1760124464005,TEXT,2163,200,6
1760124464005,LEAVE,2163,200,6
1760124464005,TEXT,2163,200,6
1760124464005,JOIN,2163,200,6
1760124464005,TEXT,2163,200,6
1760124464005,TEXT,2163,200,6
1760124464005,JOIN,2163,200,6
1760124464005,TEXT,2163,200,6
1760124464005,TEXT,2163,200,6
1760124464005,TEXT,2163,200,6
1760124464005,TEXT,2163,200,6
1760124464005,TEXT,2163,200,6
1760124464005,TEXT,2163,200,6
1760124464005,TEXT,2163,200,6
1760124464005,TEXT,2163,200,6
1760124464005,TEXT,2163,200,6
1760124464005,TEXT,2163,200,6
1760124464005,TEXT,2163,200,6
1760124464006,TEXT,2163,200,6
1760124464006,TEXT,2163,200,6
1760124464006,TEXT,2163,200,6
1760124464006,TEXT,2163,200,6
1760124464006,TEXT,2163,200,6
1760124464006,TEXT,2163,200,6
1760124463993,TEXT,2177,200,2
1760124463993,LEAVE,2177,200,2
1760124463993,TEXT,2177,200,2
1760124463993,TEXT,2177,200,2
1760124463993,TEXT,2177,200,2
1760124463993,TEXT,2177,200,2
1760124463993,TEXT,2177,200,2
1760124463993,TEXT,2177,200,2
1760124463993,TEXT,2177,200,2
1760124463993,TEXT,2177,200,2
1760124463993,TEXT,2177,200,2
1760124463993,JOIN,2177,200,2
1760124463994,TEXT,2177,200,2
1760124463994,TEXT,2177,200,2
1760124463994,TEXT,2177,200,2
1760124463994,TEXT,2177,200,2
1760124463994,TEXT,2176,200,2
1760124463994,TEXT,2176,200,2
1760124463994,TEXT,2176,200,2
1760124463994,LEAVE,2176,200,2
1760124463994,TEXT,2176,200,2
1760124463994,TEXT,2176,200,2
1760124463994,TEXT,2176,200,2
1760124463994,TEXT,2176,200,2
1760124463994,TEXT,2176,200,2
1760124463995,TEXT,2176,200,2
1760124463995,TEXT,2176,200,2
1760124463995,LEAVE,2175,200,2
1760124463995,LEAVE,2175,200,2
1760124463995,TEXT,2175,200,2
1760124463995,TEXT,2175,200,2
1760124463995,TEXT,2175,200,2
1760124463995,TEXT,2175,200,2
1760124463996,TEXT,2175,200,2
1760124463996,LEAVE,2175,200,2
1760124463996,JOIN,2175,200,2
1760124463996,TEXT,2174,200,2
1760124463996,TEXT,2174,200,2
1760124463997,TEXT,2174,200,2
1760124463997,TEXT,2174,200,2
1760124463997,TEXT,2174,200,2
1760124463997,TEXT,2174,200,2
1760124463997,TEXT,2173,200,2
1760124463997,TEXT,2173,200,2
1760124463997,TEXT,2173,200,2
1760124463998,TEXT,2173,200,2
1760124463998,JOIN,2173,200,2
1760124463998,TEXT,2173,200,2
1760124463998,TEXT,2173,200,2
1760124463998,TEXT,2173,200,2
1760124463998,TEXT,2172,200,2
1760124463998,TEXT,2172,200,2
1760124463998,TEXT,2172,200,2
1760124463998,LEAVE,2172,200,2
1760124463999,TEXT,2172,200,2
1760124463999,TEXT,2172,200,2
1760124463999,TEXT,2172,200,2
1760124463999,TEXT,2172,200,2
1760124463999,LEAVE,2172,200,2
1760124463999,TEXT,2171,200,2
1760124463999,TEXT,2171,200,2
1760124464000,TEXT,2171,200,2
1760124464000,TEXT,2171,200,2
1760124464000,TEXT,2170,200,2
1760124464000,TEXT,2170,200,2
1760124464000,TEXT,2170,200,2
1760124464000,TEXT,2170,200,2
1760124464000,TEXT,2170,200,2
1760124464000,TEXT,2170,200,2
1760124464000,TEXT,2170,200,2
1760124464000,TEXT,2170,200,2
1760124464000,TEXT,2170,200,2
1760124464001,TEXT,2170,200,2
1760124464001,TEXT,2170,200,2
1760124464001,TEXT,2170,200,2
1760124464001,TEXT,2170,200,2
1760124464001,LEAVE,2170,200,2
1760124464001,TEXT,2170,200,2
1760124464001,TEXT,2170,200,2
1760124464001,TEXT,2169,200,2
1760124464002,TEXT,2169,200,2
1760124464002,TEXT,2169,200,2
1760124464002,TEXT,2169,200,2
1760124464002,TEXT,2169,200,2
1760124464002,TEXT,2169,200,2
1760124464002,TEXT,2169,200,2
1760124464002,TEXT,2169,200,2
1760124464002,TEXT,2169,200,2
1760124464002,TEXT,2169,200,2
1760124464002,TEXT,2169,200,2
1760124464002,TEXT,2169,200,2
1760124463993,TEXT,2197,200,7
1760124463993,TEXT,2197,200,7
1760124463993,TEXT,2196,200,7
1760124463993,TEXT,2196,200,7
1760124463993,TEXT,2196,200,7
1760124463993,LEAVE,2196,200,7
1760124463993,TEXT,2196,200,7
1760124463993,TEXT,2196,200,7
1760124463994,TEXT,2196,200,7
1760124463994,TEXT,2196,200,7
1760124463994,TEXT,2196,200,7
1760124463994,TEXT,2196,200,7
1760124463994,TEXT,2196,200,7
1760124463994,TEXT,2195,200,7
1760124463994,TEXT,2195,200,7
1760124463994,TEXT,2195,200,7
1760124463994,TEXT,2195,200,7
1760124463994,TEXT,2195,200,7
1760124463994,TEXT,2195,200,7
1760124463994,TEXT,2195,200,7
1760124463995,JOIN,2195,200,7
1760124463995,JOIN,2195,200,7
1760124463995,TEXT,2195,200,7
1760124463995,TEXT,2195,200,7
1760124463995,TEXT,2195,200,7
1760124463995,LEAVE,2195,200,7
1760124463995,TEXT,2195,200,7
1760124463995,TEXT,2195,200,7
1760124463995,TEXT,2195,200,7
1760124463995,TEXT,2195,200,7
1760124463995,TEXT,2194,200,7
1760124463995,TEXT,2194,200,7
1760124463995,LEAVE,2194,200,7
1760124463995,TEXT,2194,200,7
1760124463995,TEXT,2194,200,7
1760124463996,TEXT,2194,200,7
1760124463996,TEXT,2194,200,7
1760124463996,TEXT,2194,200,7
1760124463996,TEXT,2194,200,7
1760124463996,TEXT,2194,200,7
1760124463996,TEXT,2194,200,7
1760124463996,TEXT,2194,200,7
1760124463996,TEXT,2194,200,7
1760124463997,TEXT,2193,200,7
1760124463997,TEXT,2193,200,7
1760124463997,TEXT,2193,200,7
1760124463997,TEXT,2193,200,7
1760124463997,TEXT,2193,200,7
1760124463997,TEXT,2193,200,7
1760124463997,TEXT,2193,200,7
1760124463998,TEXT,2192,200,7
1760124463998,TEXT,2192,200,7
1760124463998,TEXT,2192,200,7
1760124463998,TEXT,2192,200,7
1760124463998,TEXT,2192,200,7
1760124463998,TEXT,2192,200,7
1760124463998,TEXT,2192,200,7
1760124463998,TEXT,2192,200,7
1760124463998,TEXT,2191,200,7
1760124463998,TEXT,2191,200,7
1760124463998,TEXT,2191,200,7
1760124463998,LEAVE,2191,200,7
1760124463998,TEXT,2191,200,7
1760124463999,JOIN,2191,200,7
1760124463999,TEXT,2191,200,7
1760124463999,TEXT,2191,200,7
1760124463999,TEXT,2191,200,7
1760124463999,TEXT,2191,200,7
1760124463999,TEXT,2191,200,7
1760124463999,TEXT,2191,200,7
1760124463999,TEXT,2191,200,7
1760124464000,TEXT,2190,200,7
1760124464000,TEXT,2190,200,7
1760124463993,TEXT,2198,200,15
1760124463993,LEAVE,2198,200,15
1760124463993,JOIN,2198,200,15
1760124463993,TEXT,2198,200,15
1760124463993,TEXT,2198,200,15
1760124463993,TEXT,2198,200,15
1760124463993,TEXT,2198,200,15
1760124463993,TEXT,2198,200,15
1760124463993,TEXT,2198,200,15
1760124463993,TEXT,2198,200,15
1760124463993,TEXT,2198,200,15
1760124463994,TEXT,2198,200,15
1760124463994,TEXT,2198,200,15
1760124463994,TEXT,2198,200,15
1760124463994,TEXT,2197,200,15
1760124463994,TEXT,2197,200,15
1760124463994,TEXT,2197,200,15
1760124463994,TEXT,2197,200,15
1760124463994,TEXT,2197,200,15
1760124463994,TEXT,2197,200,15
1760124463994,TEXT,2197,200,15
1760124463994,JOIN,2197,200,15
1760124463994,TEXT,2197,200,15
1760124463994,TEXT,2197,200,15
1760124463994,TEXT,2197,200,15
1760124463994,TEXT,2197,200,15
1760124463995,TEXT,2196,200,15
1760124463995,LEAVE,2196,200,15
1760124463995,TEXT,2196,200,15
1760124463995,TEXT,2196,200,15
1760124463995,JOIN,2196,200,15
1760124463995,TEXT,2196,200,15
1760124463995,TEXT,2196,200,15
1760124463995,TEXT,2196,200,15
1760124463995,TEXT,2196,200,15
1760124463995,TEXT,2196,200,15
1760124463995,TEXT,2196,200,15
1760124463995,TEXT,2196,200,15
1760124463995,TEXT,2196,200,15
1760124463995,JOIN,2196,200,15
1760124463996,LEAVE,2196,200,15
1760124463996,TEXT,2196,200,15
1760124463996,JOIN,2196,200,15
1760124463996,TEXT,2195,200,15
1760124463996,TEXT,2195,200,15
1760124463996,TEXT,2195,200,15
1760124463996,TEXT,2195,200,15
1760124463996,TEXT,2195,200,15
1760124463996,TEXT,2195,200,15
1760124463996,TEXT,2195,200,15
1760124463997,TEXT,2195,200,15
1760124463997,TEXT,2195,200,15
1760124463997,TEXT,2195,200,15
1760124463997,LEAVE,2195,200,15
1760124463997,TEXT,2195,200,15
1760124463997,TEXT,2195,200,15
1760124463997,TEXT,2195,200,15
1760124463997,TEXT,2195,200,15
1760124463997,TEXT,2195,200,15
1760124463997,TEXT,2194,200,15
1760124463997,TEXT,2194,200,15
1760124463997,TEXT,2194,200,15
1760124463998,TEXT,2194,200,15
1760124463998,TEXT,2194,200,15
1760124463998,JOIN,2194,200,15
1760124463998,TEXT,2194,200,15
1760124463998,TEXT,2194,200,15
1760124463998,TEXT,2194,200,15
1760124463998,TEXT,2194,200,15
1760124463998,JOIN,2193,200,15
1760124463998,TEXT,2193,200,15
1760124463998,TEXT,2193,200,15
1760124463998,LEAVE,2193,200,15
1760124463998,TEXT,2193,200,15
1760124463998,TEXT,2193,200,15
1760124463998,TEXT,2193,200,15
1760124463998,TEXT,2193,200,15
1760124463998,TEXT,2193,200,15
1760124463998,TEXT,2193,200,15
1760124463998,TEXT,2193,200,15
1760124463999,TEXT,2193,200,15
1760124463999,TEXT,2193,200,15
1760124463999,TEXT,2193,200,15
1760124463999,JOIN,2192,200,15
1760124463999,TEXT,2192,200,15
1760124463999,TEXT,2192,200,15
1760124463999,TEXT,2192,200,15
1760124464000,TEXT,2191,200,15
1760124464000,TEXT,2191,200,15
1760124464000,TEXT,2191,200,15
1760124464000,TEXT,2191,200,15
1760124464000,LEAVE,2191,200,15
1760124464000,TEXT,2191,200,15
1760124464000,TEXT,2191,200,15
1760124464000,TEXT,2191,200,15
1760124464000,TEXT,2191,200,15
1760124464000,TEXT,2191,200,15
1760124463993,TEXT,2199,200,20
1760124463993,TEXT,2199,200,20
1760124463993,TEXT,2199,200,20
1760124463993,TEXT,2198,200,20
1760124463993,TEXT,2198,200,20
1760124463993,TEXT,2198,200,20
1760124463993,TEXT,2198,200,20
1760124463993,TEXT,2198,200,20
1760124463994,TEXT,2198,200,20
1760124463994,TEXT,2198,200,20
1760124463994,TEXT,2198,200,20
1760124463994,TEXT,2198,200,20
1760124463994,TEXT,2198,200,20
1760124463994,TEXT,2198,200,20
1760124463994,TEXT,2198,200,20
1760124463994,TEXT,2198,200,20
1760124463994,TEXT,2198,200,20
1760124463994,TEXT,2198,200,20
1760124463994,TEXT,2198,200,20
1760124463994,TEXT,2198,200,20
1760124463994,TEXT,2198,200,20
1760124463994,TEXT,2198,200,20
1760124463994,LEAVE,2197,200,20
1760124463994,JOIN,2197,200,20
1760124463994,TEXT,2197,200,20
1760124463994,TEXT,2197,200,20
1760124463994,LEAVE,2197,200,20
1760124463994,JOIN,2197,200,20
1760124463995,TEXT,2197,200,20
1760124463995,TEXT,2197,200,20
1760124463995,TEXT,2197,200,20
1760124463995,TEXT,2197,200,20
1760124463995,JOIN,2197,200,20
1760124463995,TEXT,2197,200,20
1760124463995,TEXT,2197,200,20
1760124463995,TEXT,2197,200,20
1760124463995,TEXT,2197,200,20
1760124463995,TEXT,2196,200,20
1760124463995,TEXT,2196,200,20
1760124463995,TEXT,2196,200,20
1760124463996,TEXT,2196,200,20
1760124463996,TEXT,2196,200,20
1760124463996,TEXT,2196,200,20
1760124463996,TEXT,2196,200,20
1760124463996,TEXT,2195,200,20
1760124463996,TEXT,2195,200,20
1760124463996,TEXT,2195,200,20
1760124463996,TEXT,2195,200,20
1760124463997,TEXT,2195,200,20
1760124463997,TEXT,2195,200,20
1760124463997,TEXT,2195,200,20
1760124463997,TEXT,2195,200,20
1760124463997,TEXT,2195,200,20
1760124463997,TEXT,2195,200,20
1760124463997,TEXT,2195,200,20
1760124463997,TEXT,2195,200,20
1760124463997,TEXT,2195,200,20
1760124463997,TEXT,2195,200,20
1760124463997,TEXT,2195,200,20
1760124463997,TEXT,2194,200,20
1760124463998,TEXT,2194,200,20
1760124463998,TEXT,2194,200,20
1760124463998,TEXT,2194,200,20
1760124463998,TEXT,2194,200,20
1760124463998,TEXT,2194,200,20
1760124463998,TEXT,2194,200,20
1760124463998,TEXT,2194,200,20
1760124463998,TEXT,2194,200,20
1760124463998,TEXT,2193,200,20
1760124463998,TEXT,2193,200,20
1760124463998,TEXT,2193,200,20
1760124463998,TEXT,2193,200,20
1760124463998,TEXT,2193,200,20
1760124463999,TEXT,2193,200,20
1760124463999,TEXT,2193,200,20
1760124463999,TEXT,2193,200,20
1760124463999,LEAVE,2193,200,20
1760124463999,TEXT,2193,200,20
1760124463999,TEXT,2193,200,20
1760124463999,TEXT,2193,200,20
1760124463999,TEXT,2193,200,20
1760124463999,TEXT,2193,200,20
1760124463999,TEXT,2193,200,20
1760124463999,TEXT,2193,200,20
1760124463999,TEXT,2193,200,20
1760124463999,TEXT,2193,200,20
1760124463999,TEXT,2193,200,20
1760124463999,TEXT,2193,200,20
1760124463999,TEXT,2193,200,20
1760124464000,TEXT,2192,200,20
1760124463993,TEXT,2204,200,5
1760124463993,TEXT,2204,200,5
1760124463993,TEXT,2204,200,5
1760124463993,TEXT,2204,200,5
1760124463993,TEXT,2204,200,5
1760124463993,TEXT,2204,200,5
1760124463994,LEAVE,2203,200,5
1760124463994,TEXT,2203,200,5
1760124463994,TEXT,2203,200,5
1760124463994,TEXT,2203,200,5
1760124463994,TEXT,2203,200,5
1760124463994,TEXT,2203,200,5
1760124463994,TEXT,2203,200,5
1760124463994,TEXT,2203,200,5
1760124463994,TEXT,2203,200,5
1760124463994,TEXT,2203,200,5
1760124463994,TEXT,2203,200,5
1760124463994,TEXT,2203,200,5
1760124463994,TEXT,2203,200,5
1760124463994,LEAVE,2203,200,5
1760124463994,TEXT,2203,200,5
1760124463994,TEXT,2203,200,5
1760124463994,TEXT,2203,200,5
1760124463994,TEXT,2203,200,5
1760124463994,TEXT,2203,200,5
1760124463994,TEXT,2203,200,5
1760124463994,TEXT,2203,200,5
1760124463994,TEXT,2203,200,5
1760124463994,TEXT,2203,200,5
1760124463994,TEXT,2203,200,5
1760124463994,TEXT,2203,200,5
1760124463995,TEXT,2202,200,5
1760124463995,TEXT,2202,200,5
1760124463995,TEXT,2202,200,5
1760124463995,TEXT,2202,200,5
1760124463995,TEXT,2202,200,5
1760124463995,TEXT,2202,200,5
1760124463995,TEXT,2202,200,5
1760124463995,TEXT,2202,200,5
1760124463995,TEXT,2202,200,5
1760124463995,TEXT,2202,200,5
1760124463995,TEXT,2202,200,5
1760124463996,TEXT,2201,200,5
1760124463996,TEXT,2201,200,5
1760124463996,TEXT,2201,200,5
1760124463996,TEXT,2201,200,5
1760124463996,TEXT,2201,200,5
1760124463996,TEXT,2201,200,5
1760124463996,TEXT,2201,200,5
1760124463996,TEXT,2201,200,5
1760124463997,LEAVE,2201,200,5
1760124463997,TEXT,2201,200,5
1760124463997,TEXT,2201,200,5
1760124463997,TEXT,2201,200,5
1760124463997,LEAVE,2201,200,5
1760124463997,TEXT,2201,200,5
1760124463997,TEXT,2201,200,5
1760124463997,TEXT,2200,200,5
1760124463997,TEXT,2200,200,5
1760124463998,TEXT,2200,200,5
1760124463998,JOIN,2200,200,5
1760124463998,TEXT,2200,200,5
1760124463998,JOIN,2200,200,5
1760124463998,TEXT,2200,200,5
1760124463998,TEXT,2200,200,5
1760124463998,TEXT,2200,200,5
1760124463998,TEXT,2199,200,5
1760124463998,JOIN,2199,200,5
1760124463998,TEXT,2199,200,5
1760124463998,TEXT,2199,200,5
1760124463999,TEXT,2199,200,5
1760124463999,TEXT,2199,200,5
1760124463999,TEXT,2199,200,5
1760124463999,TEXT,2199,200,5
1760124463999,TEXT,2198,200,5
1760124463999,TEXT,2198,200,5
1760124463999,TEXT,2198,200,5
1760124463999,TEXT,2198,200,5
1760124463999,TEXT,2198,200,5
1760124463999,TEXT,2198,200,5
1760124464000,TEXT,2197,200,5
1760124464000,TEXT,2197,200,5
1760124464000,LEAVE,2197,200,5
1760124464000,TEXT,2197,200,5
1760124464000,TEXT,2197,200,5
1760124464000,TEXT,2197,200,5
1760124464000,TEXT,2197,200,5
1760124464000,TEXT,2197,200,5
1760124464000,TEXT,2197,200,5
1760124464000,TEXT,2197,200,5
1760124464000,TEXT,2197,200,5
1760124464000,TEXT,2197,200,5
1760124464001,TEXT,2197,200,5
1760124464001,TEXT,2197,200,5
1760124464001,TEXT,2197,200,5
1760124464001,JOIN,2197,200,5
1760124464001,TEXT,2197,200,5
1760124464001,TEXT,2197,200,5
1760124464002,TEXT,2196,200,5
1760124464002,JOIN,2196,200,5
1760124464198,TEXT,2060,200,8
1760124464198,TEXT,2060,200,8
1760124464198,TEXT,2060,200,8
1760124464198,TEXT,2060,200,8
1760124464198,TEXT,2060,200,8
1760124464198,TEXT,2059,200,8
1760124464198,TEXT,2059,200,8
1760124464198,TEXT,2059,200,8
1760124464198,TEXT,2059,200,8
1760124464198,JOIN,2059,200,8
1760124464198,TEXT,2059,200,8
1760124464198,TEXT,2059,200,8
1760124464198,TEXT,2059,200,8
1760124464198,TEXT,2059,200,8
1760124464198,TEXT,2059,200,8
1760124464199,TEXT,2059,200,8
1760124464199,TEXT,2058,200,8
1760124464199,TEXT,2058,200,8
1760124464199,TEXT,2058,200,8
1760124464199,TEXT,2058,200,8
1760124464199,TEXT,2058,200,8
1760124464199,TEXT,2058,200,8
1760124464199,TEXT,2058,200,8
1760124464199,TEXT,2058,200,8
1760124464199,TEXT,2058,200,8
1760124464199,TEXT,2058,200,8
1760124464199,TEXT,2058,200,8
1760124464199,TEXT,2058,200,8
1760124464199,TEXT,2058,200,8
1760124464199,TEXT,2058,200,8
1760124464200,LEAVE,2058,200,8
1760124464200,TEXT,2058,200,8
1760124464200,TEXT,2058,200,8
1760124464200,TEXT,2058,200,8
1760124464200,JOIN,2058,200,8
1760124464200,TEXT,2058,200,8
1760124464200,TEXT,2058,200,8
1760124464200,TEXT,2058,200,8
1760124464200,TEXT,2058,200,8
1760124464200,TEXT,2057,200,8
1760124464200,TEXT,2057,200,8
1760124464200,TEXT,2057,200,8
1760124464201,TEXT,2057,200,8
1760124464201,TEXT,2057,200,8
1760124464201,TEXT,2057,200,8
1760124464201,TEXT,2057,200,8
1760124464201,JOIN,2057,200,8
1760124464201,TEXT,2057,200,8
1760124464201,TEXT,2057,200,8
1760124464201,TEXT,2057,200,8
1760124464201,TEXT,2057,200,8
1760124464201,TEXT,2057,200,8
1760124464201,TEXT,2057,200,8
1760124464201,TEXT,2057,200,8
1760124464201,TEXT,2057,200,8
1760124464201,TEXT,2057,200,8
1760124464201,TEXT,2057,200,8
1760124464201,TEXT,2056,200,8
1760124464201,TEXT,2056,200,8
1760124464201,TEXT,2056,200,8
1760124464201,TEXT,2056,200,8
1760124464201,TEXT,2056,200,8
1760124464201,TEXT,2056,200,8
1760124464201,TEXT,2056,200,8
1760124464201,TEXT,2056,200,8
1760124464201,TEXT,2056,200,8
1760124464201,TEXT,2056,200,8
1760124464201,TEXT,2056,200,8
1760124464202,TEXT,2056,200,8
1760124464202,TEXT,2056,200,8
1760124464202,LEAVE,2056,200,8
1760124464202,TEXT,2056,200,8
1760124464202,TEXT,2056,200,8
1760124464202,TEXT,2056,200,8
1760124464202,TEXT,2055,200,8
1760124464202,TEXT,2055,200,8
1760124464202,LEAVE,2055,200,8
1760124464202,TEXT,2055,200,8
1760124464202,TEXT,2055,200,8
1760124464202,TEXT,2055,200,8
1760124464202,TEXT,2055,200,8
1760124464202,TEXT,2055,200,8
1760124464202,TEXT,2055,200,8
1760124464202,TEXT,2055,200,8
1760124464203,TEXT,2055,200,8
1760124464203,TEXT,2055,200,8
1760124464203,TEXT,2058,200,8
1760124464203,TEXT,2058,200,8
1760124464203,TEXT,2058,200,8
1760124464203,TEXT,2058,200,8
1760124464203,TEXT,2058,200,8
1760124464203,TEXT,2058,200,8
1760124464203,TEXT,2058,200,8
1760124464203,LEAVE,2058,200,8
1760124464203,TEXT,2057,200,8
1760124464198,TEXT,2085,200,13
1760124464198,TEXT,2085,200,13
1760124464198,TEXT,2085,200,13
1760124464198,TEXT,2084,200,13
1760124464198,TEXT,2084,200,13
1760124464198,TEXT,2084,200,13
1760124464199,TEXT,2084,200,13
1760124464199,TEXT,2083,200,13
1760124464199,TEXT,2083,200,13
1760124464199,TEXT,2083,200,13
1760124464199,TEXT,2083,200,13
1760124464199,TEXT,2083,200,13
1760124464199,TEXT,2083,200,13
1760124464199,TEXT,2083,200,13
1760124464199,TEXT,2083,200,13
1760124464199,TEXT,2083,200,13
1760124464199,TEXT,2083,200,13
1760124464199,TEXT,2083,200,13
1760124464199,TEXT,2083,200,13
1760124464199,TEXT,2083,200,13
1760124464199,TEXT,2083,200,13
1760124464199,TEXT,2083,200,13
1760124464199,TEXT,2083,200,13
1760124464199,TEXT,2083,200,13
1760124464199,TEXT,2083,200,13
1760124464200,TEXT,2083,200,13
1760124464200,TEXT,2083,200,13
1760124464200,TEXT,2083,200,13
1760124464200,LEAVE,2083,200,13
1760124464200,TEXT,2083,200,13
1760124464200,TEXT,2083,200,13
1760124464200,TEXT,2083,200,13
1760124464200,TEXT,2083,200,13
1760124464201,TEXT,2082,200,13
1760124464201,TEXT,2082,200,13
1760124464201,TEXT,2082,200,13
1760124464201,TEXT,2082,200,13
1760124464201,TEXT,2082,200,13
1760124464201,TEXT,2082,200,13
1760124464201,TEXT,2082,200,13
1760124464201,TEXT,2082,200,13
1760124464201,TEXT,2082,200,13
1760124464201,TEXT,2082,200,13
1760124464201,TEXT,2082,200,13
1760124464201,TEXT,2081,200,13
1760124464201,LEAVE,2081,200,13
1760124464201,TEXT,2081,200,13
1760124464201,TEXT,2081,200,13
1760124464201,TEXT,2081,200,13
1760124464201,TEXT,2081,200,13
1760124464201,TEXT,2081,200,13
1760124464201,TEXT,2081,200,13
1760124464201,TEXT,2081,200,13
1760124464201,TEXT,2081,200,13
1760124464201,LEAVE,2081,200,13
1760124464201,TEXT,2081,200,13
1760124464201,TEXT,2081,200,13
1760124464201,TEXT,2081,200,13
1760124464201,TEXT,2081,200,13
1760124464201,TEXT,2081,200,13
1760124464201,TEXT,2081,200,13
1760124464201,TEXT,2081,200,13
1760124464201,TEXT,2081,200,13
1760124464202,LEAVE,2081,200,13
1760124464202,TEXT,2081,200,13
1760124464202,TEXT,2081,200,13
1760124464202,LEAVE,2081,200,13
1760124464202,TEXT,2081,200,13
1760124464202,TEXT,2081,200,13
1760124464202,TEXT,2081,200,13
1760124464202,TEXT,2081,200,13
1760124464202,TEXT,2081,200,13
1760124464202,TEXT,2080,200,13
1760124464202,TEXT,2080,200,13
1760124464202,TEXT,2080,200,13
1760124464202,TEXT,2080,200,13
1760124464202,TEXT,2080,200,13
1760124464202,TEXT,2080,200,13
1760124464202,TEXT,2080,200,13
1760124464202,TEXT,2080,200,13
1760124464202,TEXT,2080,200,13
1760124464202,TEXT,2080,200,13
1760124464202,JOIN,2080,200,13
1760124464202,JOIN,2080,200,13
1760124464202,TEXT,2080,200,13
1760124464202,TEXT,2080,200,13
1760124464202,TEXT,2080,200,13
1760124464203,TEXT,2080,200,13
1760124464203,TEXT,2080,200,13
1760124464203,TEXT,2080,200,13
1760124464203,TEXT,2080,200,13
1760124464203,TEXT,2080,200,13
1760124464203,TEXT,2080,200,13
1760124464203,TEXT,2080,200,13
1760124464203,JOIN,2080,200,13
1760124464203,TEXT,2080,200,13
1760124464203,TEXT,2080,200,13
1760124464198,TEXT,2104,200,3
1760124464198,TEXT,2104,200,3
1760124464198,TEXT,2104,200,3
1760124464198,TEXT,2104,200,3
1760124464198,TEXT,2103,200,3
1760124464198,TEXT,2103,200,3
1760124464198,TEXT,2103,200,3
1760124464198,TEXT,2103,200,3
1760124464198,TEXT,2103,200,3
1760124464198,TEXT,2103,200,3
1760124464198,TEXT,2103,200,3
1760124464198,TEXT,2103,200,3
1760124464198,TEXT,2103,200,3
1760124464199,TEXT,2103,200,3
1760124464199,TEXT,2103,200,3
1760124464199,TEXT,2103,200,3
1760124464199,TEXT,2103,200,3
1760124464199,TEXT,2102,200,3
1760124464199,TEXT,2102,200,3
1760124464199,TEXT,2102,200,3
1760124464199,TEXT,2102,200,3
1760124464199,TEXT,2102,200,3
1760124464199,TEXT,2102,200,3
1760124464199,TEXT,2102,200,3
1760124464199,TEXT,2102,200,3
1760124464199,TEXT,2102,200,3
1760124464199,TEXT,2102,200,3
1760124464199,TEXT,2102,200,3
1760124464199,TEXT,2102,200,3
1760124464199,TEXT,2102,200,3
1760124464200,TEXT,2102,200,3
1760124464200,TEXT,2102,200,3
1760124464200,TEXT,2102,200,3
1760124464200,TEXT,2102,200,3
1760124464200,JOIN,2102,200,3
1760124464200,TEXT,2102,200,3
1760124464200,JOIN,2102,200,3
1760124464200,TEXT,2102,200,3
1760124464200,TEXT,2102,200,3
1760124464200,TEXT,2102,200,3
1760124464200,JOIN,2101,200,3
1760124464201,TEXT,2101,200,3
1760124464201,TEXT,2101,200,3
1760124464201,TEXT,2101,200,3
1760124464201,TEXT,2101,200,3
1760124464201,TEXT,2101,200,3
1760124464201,TEXT,2101,200,3
1760124464201,TEXT,2101,200,3
1760124464198,TEXT,2108,200,18
1760124464198,TEXT,2108,200,18
1760124464198,TEXT,2108,200,18
1760124464198,TEXT,2108,200,18
1760124464198,TEXT,2108,200,18
1760124464198,TEXT,2108,200,18
1760124464198,TEXT,2107,200,18
1760124464198,TEXT,2107,200,18
1760124464199,JOIN,2107,200,18
1760124464199,TEXT,2107,200,18
1760124464199,TEXT,2107,200,18
1760124464199,TEXT,2107,200,18
1760124464199,JOIN,2107,200,18
1760124464199,TEXT,2107,200,18
1760124464199,TEXT,2107,200,18
1760124464199,TEXT,2106,200,18
1760124464199,TEXT,2106,200,18
1760124464199,TEXT,2106,200,18
1760124464199,TEXT,2106,200,18
1760124464199,JOIN,2106,200,18
1760124464199,TEXT,2106,200,18
1760124464199,TEXT,2106,200,18
1760124464199,TEXT,2106,200,18
1760124464199,TEXT,2106,200,18
1760124464199,TEXT,2106,200,18
1760124464200,TEXT,2106,200,18
1760124464200,TEXT,2106,200,18
1760124464200,TEXT,2106,200,18
1760124464200,TEXT,2106,200,18
1760124464200,TEXT,2106,200,18
1760124464200,TEXT,2106,200,18
1760124464200,TEXT,2106,200,18
1760124464200,TEXT,2106,200,18
1760124464200,TEXT,2106,200,18
1760124464200,TEXT,2106,200,18
1760124464200,TEXT,2106,200,18
1760124464200,TEXT,2106,200,18
1760124464200,TEXT,2106,200,18
1760124464201,TEXT,2105,200,18
1760124464201,TEXT,2105,200,18
1760124464201,TEXT,2105,200,18
1760124464201,TEXT,2105,200,18
1760124464201,TEXT,2105,200,18
1760124464201,TEXT,2105,200,18
1760124464201,TEXT,2105,200,18
1760124464201,JOIN,2105,200,18
1760124464201,TEXT,2105,200,18
1760124464201,TEXT,2105,200,18
1760124464201,TEXT,2105,200,18
1760124464201,TEXT,2105,200,18
1760124464201,JOIN,2105,200,18
1760124464201,TEXT,2105,200,18
1760124464201,TEXT,2105,200,18
1760124464201,TEXT,2105,200,18
1760124464201,TEXT,2105,200,18
1760124464201,TEXT,2105,200,18
1760124464201,TEXT,2107,200,18
1760124464201,TEXT,2107,200,18
1760124464201,TEXT,2107,200,18
1760124464201,TEXT,2107,200,18
1760124464201,TEXT,2107,200,18
1760124464201,TEXT,2107,200,18
1760124464201,TEXT,2107,200,18
1760124464202,TEXT,2107,200,18
1760124464202,LEAVE,2107,200,18
1760124464202,TEXT,2107,200,18
1760124464202,TEXT,2107,200,18
1760124464202,TEXT,2106,200,18
1760124464202,LEAVE,2106,200,18
1760124464202,TEXT,2106,200,18
1760124464202,TEXT,2106,200,18
1760124464202,LEAVE,2106,200,18
1760124464202,TEXT,2106,200,18
1760124464202,TEXT,2106,200,18
1760124464202,TEXT,2106,200,18
1760124464202,TEXT,2106,200,18
1760124464202,TEXT,2106,200,18
1760124464202,TEXT,2106,200,18
1760124464202,TEXT,2106,200,18
1760124464202,TEXT,2106,200,18
1760124464202,TEXT,2106,200,18
1760124464202,TEXT,2106,200,18
1760124464202,TEXT,2106,200,18
1760124464202,TEXT,2106,200,18
1760124464202,TEXT,2106,200,18
1760124464203,TEXT,2106,200,18
1760124464203,TEXT,2106,200,18
1760124464203,TEXT,2106,200,18
1760124464203,TEXT,2106,200,18
1760124464203,JOIN,2106,200,18
1760124464203,TEXT,2106,200,18
1760124464203,TEXT,2106,200,18
1760124464203,TEXT,2106,200,18
1760124464203,TEXT,2106,200,18
1760124464203,TEXT,2106,200,18
1760124464203,TEXT,2106,200,18
1760124464203,JOIN,2106,200,18
1760124464203,JOIN,2106,200,18
1760124464203,TEXT,2106,200,18
1760124464203,TEXT,2106,200,18
1760124464203,TEXT,2106,200,18
1760124464203,TEXT,2106,200,18
1760124464203,TEXT,2105,200,18
1760124464203,LEAVE,2105,200,18
1760124464203,TEXT,2105,200,18
1760124464203,TEXT,2105,200,18
1760124464203,TEXT,2105,200,18
1760124464203,TEXT,2105,200,18
1760124464203,TEXT,2105,200,18
1760124464204,TEXT,2105,200,18
1760124464204,TEXT,2104,200,18
1760124464204,TEXT,2104,200,18
1760124464206,LEAVE,2103,200,18
1760124464206,TEXT,2103,200,18
1760124464206,LEAVE,2103,200,18
1760124464206,TEXT,2103,200,18
1760124464206,LEAVE,2102,200,18
1760124464206,TEXT,2102,200,18
1760124464206,TEXT,2102,200,18
1760124464198,TEXT,2115,200,11
1760124464198,TEXT,2115,200,11
1760124464198,TEXT,2115,200,11
1760124464198,TEXT,2115,200,11
1760124464198,TEXT,2115,200,11
1760124464198,TEXT,2115,200,11
1760124464198,TEXT,2115,200,11
1760124464198,TEXT,2114,200,11
1760124464198,TEXT,2114,200,11
1760124464198,TEXT,2114,200,11
1760124464198,TEXT,2114,200,11
1760124464198,TEXT,2114,200,11
1760124464198,TEXT,2114,200,11
1760124464199,TEXT,2114,200,11
1760124464199,TEXT,2114,200,11
1760124464199,TEXT,2114,200,11
1760124464199,TEXT,2114,200,11
1760124464199,TEXT,2114,200,11
1760124464199,TEXT,2114,200,11
1760124464199,TEXT,2113,200,11
1760124464199,TEXT,2113,200,11
1760124464199,TEXT,2113,200,11
1760124464199,TEXT,2113,200,11
1760124464199,TEXT,2113,200,11
1760124464199,TEXT,2113,200,11
1760124464199,TEXT,2113,200,11
1760124464199,TEXT,2113,200,11
1760124464199,TEXT,2113,200,11
1760124464199,TEXT,2113,200,11
1760124464199,TEXT,2113,200,11
1760124464199,TEXT,2113,200,11
1760124464200,TEXT,2113,200,11
1760124464200,TEXT,2113,200,11
1760124464200,TEXT,2113,200,11
1760124464200,TEXT,2113,200,11
1760124464200,TEXT,2113,200,11
1760124464200,TEXT,2113,200,11
1760124464200,TEXT,2113,200,11
1760124464200,TEXT,2113,200,11
1760124464200,TEXT,2113,200,11
1760124464201,TEXT,2112,200,11
1760124464201,JOIN,2112,200,11
1760124464201,JOIN,2112,200,11
1760124464201,TEXT,2112,200,11
1760124464201,TEXT,2112,200,11
1760124464201,TEXT,2112,200,11
1760124464201,TEXT,2112,200,11
1760124464201,LEAVE,2112,200,11
1760124464201,TEXT,2112,200,11
1760124464201,TEXT,2112,200,11
1760124464201,TEXT,2112,200,11
1760124464201,TEXT,2112,200,11
1760124464201,TEXT,2112,200,11
1760124464201,TEXT,2112,200,11
1760124464201,TEXT,2112,200,11
1760124464201,TEXT,2112,200,11
1760124464201,LEAVE,2112,200,11
1760124464201,TEXT,2112,200,11
1760124464201,TEXT,2112,200,11
1760124464201,TEXT,2112,200,11
1760124464201,TEXT,2112,200,11
1760124464201,LEAVE,2111,200,11
1760124464202,LEAVE,2111,200,11
1760124464202,TEXT,2111,200,11
1760124464202,TEXT,2111,200,11
1760124464202,TEXT,2111,200,11
1760124464202,TEXT,2111,200,11
1760124464202,TEXT,2111,200,11
1760124464202,TEXT,2111,200,11
1760124464202,TEXT,2111,200,11
1760124464202,TEXT,2111,200,11
1760124464202,TEXT,2110,200,11
1760124464202,TEXT,2110,200,11
1760124464202,TEXT,2110,200,11
1760124464203,TEXT,2110,200,11
1760124464203,TEXT,2110,200,11
1760124464203,JOIN,2110,200,11
1760124464203,TEXT,2110,200,11
1760124464203,TEXT,2110,200,11
1760124464203,TEXT,2110,200,11
1760124464203,TEXT,2110,200,11
1760124464203,TEXT,2110,200,11
1760124464203,TEXT,2110,200,11
1760124464203,TEXT,2110,200,11
1760124464203,TEXT,2110,200,11
1760124464203,TEXT,2110,200,11
1760124464203,TEXT,2110,200,11
1760124464203,LEAVE,2110,200,11
1760124464203,TEXT,2110,200,11
1760124464203,TEXT,2110,200,11
1760124464203,TEXT,2110,200,11
1760124464203,TEXT,2110,200,11
1760124464203,TEXT,2110,200,11
1760124464203,TEXT,2110,200,11
1760124464198,TEXT,2116,200,16
1760124464198,TEXT,2115,200,16
1760124464198,TEXT,2115,200,16
1760124464198,TEXT,2115,200,16
1760124464198,TEXT,2115,200,16
1760124464198,TEXT,2115,200,16
1760124464198,TEXT,2115,200,16
1760124464199,TEXT,2114,200,16
1760124464199,TEXT,2114,200,16
1760124464199,JOIN,2114,200,16
1760124464199,TEXT,2114,200,16
1760124464199,TEXT,2114,200,16
1760124464199,JOIN,2114,200,16
1760124464199,TEXT,2114,200,16
1760124464199,TEXT,2114,200,16
1760124464199,TEXT,2114,200,16
1760124464199,TEXT,2114,200,16
1760124464199,TEXT,2114,200,16
1760124464199,TEXT,2114,200,16
1760124464199,TEXT,2114,200,16
1760124464199,TEXT,2114,200,16
1760124464199,TEXT,2114,200,16
1760124464200,TEXT,2114,200,16
1760124464200,TEXT,2114,200,16
1760124464200,TEXT,2114,200,16
1760124464200,TEXT,2114,200,16
1760124464200,TEXT,2114,200,16
1760124464200,TEXT,2113,200,16
1760124464201,TEXT,2113,200,16
1760124464201,TEXT,2113,200,16
1760124464201,TEXT,2112,200,16
1760124464201,TEXT,2112,200,16
1760124464201,TEXT,2112,200,16
1760124464201,TEXT,2112,200,16
1760124464201,TEXT,2112,200,16
1760124464201,TEXT,2112,200,16
1760124464201,TEXT,2112,200,16
1760124464201,TEXT,2112,200,16
1760124464201,TEXT,2112,200,16
1760124464201,TEXT,2112,200,16
1760124464201,TEXT,2112,200,16
1760124464201,TEXT,2112,200,16
1760124464201,TEXT,2112,200,16
1760124464201,TEXT,2112,200,16
1760124464201,TEXT,2112,200,16
1760124464201,TEXT,2112,200,16
1760124464201,TEXT,2112,200,16
1760124464201,TEXT,2112,200,16
1760124464201,TEXT,2112,200,16
1760124464201,TEXT,2112,200,16
1760124464201,TEXT,2112,200,16
1760124464201,TEXT,2112,200,16
1760124464201,TEXT,2112,200,16
1760124464201,TEXT,2112,200,16
1760124464201,TEXT,2112,200,16
1760124464201,TEXT,2112,200,16
1760124464201,TEXT,2112,200,16
1760124464202,TEXT,2112,200,16
1760124464202,TEXT,2112,200,16
1760124464202,TEXT,2112,200,16
1760124464202,TEXT,2112,200,16
1760124464202,TEXT,2111,200,16
1760124464202,JOIN,2111,200,16
1760124464202,TEXT,2111,200,16
1760124464202,TEXT,2111,200,16
1760124464202,LEAVE,2111,200,16
1760124464202,TEXT,2111,200,16
1760124464202,TEXT,2111,200,16
1760124464202,LEAVE,2111,200,16
1760124464202,TEXT,2111,200,16
1760124464202,TEXT,2111,200,16
1760124464202,TEXT,2111,200,16
1760124464202,TEXT,2111,200,16
1760124464202,TEXT,2111,200,16
1760124464202,TEXT,2111,200,16
1760124464203,TEXT,2111,200,16
1760124464203,TEXT,2111,200,16
1760124464203,TEXT,2111,200,16
1760124464203,JOIN,2111,200,16
1760124464203,TEXT,2110,200,16
1760124464203,TEXT,2110,200,16
1760124464203,TEXT,2110,200,16
1760124464203,TEXT,2110,200,16
1760124464203,LEAVE,2110,200,16
1760124464203,TEXT,2110,200,16
1760124464203,TEXT,2110,200,16
1760124464203,TEXT,2110,200,16
1760124464203,TEXT,2110,200,16
1760124464203,TEXT,2110,200,16
1760124464203,TEXT,2110,200,16
1760124464203,TEXT,2110,200,16
1760124464203,TEXT,2110,200,16
1760124464204,TEXT,2109,200,16
1760124464206,TEXT,2107,200,16
1760124464206,TEXT,2107,200,16
1760124464206,TEXT,2107,200,16
1760124464207,TEXT,2107,200,16
1760124464207,TEXT,2107,200,16
1760124464198,TEXT,2128,200,1
1760124464198,TEXT,2128,200,1
1760124464198,TEXT,2128,200,1
1760124464198,TEXT,2128,200,1
1760124464198,TEXT,2128,200,1
1760124464198,TEXT,2128,200,1
1760124464198,TEXT,2128,200,1
1760124464198,TEXT,2128,200,1
1760124464198,TEXT,2127,200,1
1760124464198,TEXT,2127,200,1
1760124464198,TEXT,2127,200,1
1760124464198,TEXT,2127,200,1
1760124464199,TEXT,2127,200,1
1760124464199,JOIN,2127,200,1
1760124464199,TEXT,2127,200,1
1760124464199,TEXT,2127,200,1
1760124464199,TEXT,2127,200,1
1760124464199,TEXT,2127,200,1
1760124464199,TEXT,2126,200,1
1760124464199,TEXT,2126,200,1
1760124464199,TEXT,2126,200,1
1760124464199,TEXT,2126,200,1
1760124464199,JOIN,2126,200,1
1760124464200,JOIN,2126,200,1
1760124464200,TEXT,2126,200,1
1760124464200,TEXT,2126,200,1
1760124464200,TEXT,2126,200,1
1760124464200,TEXT,2126,200,1
1760124464200,LEAVE,2126,200,1
1760124464200,TEXT,2126,200,1
1760124464200,TEXT,2126,200,1
1760124464200,TEXT,2126,200,1
1760124464200,TEXT,2126,200,1
1760124464200,JOIN,2126,200,1
1760124464200,TEXT,2126,200,1
1760124464200,TEXT,2125,200,1
1760124464200,TEXT,2125,200,1
1760124464201,JOIN,2125,200,1
1760124464201,JOIN,2125,200,1
1760124464201,JOIN,2125,200,1
1760124464201,TEXT,2125,200,1
1760124464201,TEXT,2125,200,1
1760124464201,TEXT,2125,200,1
1760124464201,TEXT,2125,200,1
1760124464201,TEXT,2125,200,1
1760124464201,TEXT,2125,200,1
1760124464201,TEXT,2125,200,1
1760124464201,TEXT,2125,200,1
1760124464201,TEXT,2125,200,1
1760124464201,TEXT,2125,200,1
1760124464201,TEXT,2125,200,1
1760124464201,TEXT,2125,200,1
1760124464201,TEXT,2125,200,1
1760124464201,TEXT,2125,200,1
1760124464201,TEXT,2124,200,1
1760124464201,TEXT,2124,200,1
1760124464201,TEXT,2124,200,1
1760124464202,TEXT,2124,200,1
1760124464202,TEXT,2124,200,1
1760124464202,TEXT,2124,200,1
1760124464202,TEXT,2124,200,1
1760124464202,TEXT,2124,200,1
1760124464202,JOIN,2124,200,1
1760124464202,TEXT,2124,200,1
1760124464202,TEXT,2124,200,1
1760124464202,TEXT,2124,200,1
1760124464202,TEXT,2124,200,1
1760124464202,TEXT,2124,200,1
1760124464202,TEXT,2124,200,1
1760124464202,TEXT,2124,200,1
1760124464202,TEXT,2123,200,1
1760124464202,TEXT,2123,200,1
1760124464202,TEXT,2123,200,1
1760124464202,TEXT,2123,200,1
1760124464202,TEXT,2123,200,1
1760124464202,TEXT,2123,200,1
1760124464203,TEXT,2123,200,1
1760124464203,TEXT,2123,200,1
1760124464203,LEAVE,2123,200,1
1760124464203,TEXT,2123,200,1
1760124464203,TEXT,2123,200,1
1760124464203,TEXT,2123,200,1
1760124464203,TEXT,2123,200,1
1760124464203,TEXT,2123,200,1
1760124464203,TEXT,2123,200,1
1760124464203,TEXT,2123,200,1
1760124464203,TEXT,2123,200,1
1760124464203,JOIN,2123,200,1
1760124464203,TEXT,2123,200,1
1760124464203,TEXT,2123,200,1
1760124464203,TEXT,2123,200,1
1760124464203,TEXT,2123,200,1
1760124464203,TEXT,2123,200,1
1760124464203,TEXT,2123,200,1
1760124464203,TEXT,2123,200,1
1760124464203,TEXT,2123,200,1
1760124464203,TEXT,2123,200,1
1760124464203,TEXT,2123,200,1
1760124464203,TEXT,2123,200,1
1760124464203,TEXT,2123,200,1
1760124464203,TEXT,2123,200,1
1760124464203,TEXT,2122,200,1
1760124464203,TEXT,2122,200,1
1760124464204,TEXT,2122,200,1
1760124464206,JOIN,2120,200,1
1760124464206,TEXT,2120,200,1
1760124464206,TEXT,2120,200,1
1760124464198,TEXT,2139,200,12
1760124464198,TEXT,2139,200,12
1760124464198,TEXT,2139,200,12
1760124464198,TEXT,2139,200,12
1760124464198,TEXT,2139,200,12
1760124464198,TEXT,2139,200,12
1760124464198,TEXT,2139,200,12
1760124464198,TEXT,2139,200,12
1760124464198,TEXT,2139,200,12
1760124464198,TEXT,2139,200,12
1760124464198,TEXT,2139,200,12
1760124464199,TEXT,2138,200,12
1760124464199,TEXT,2138,200,12
1760124464199,TEXT,2137,200,12
1760124464199,TEXT,2137,200,12
1760124464199,TEXT,2137,200,12
1760124464199,TEXT,2137,200,12
1760124464199,TEXT,2137,200,12
1760124464200,TEXT,2137,200,12
1760124464200,TEXT,2137,200,12
1760124464200,TEXT,2137,200,12
1760124464200,TEXT,2137,200,12
1760124464200,TEXT,2137,200,12
1760124464200,TEXT,2137,200,12
1760124464200,TEXT,2137,200,12
1760124464200,JOIN,2137,200,12
1760124464200,TEXT,2137,200,12
1760124464200,TEXT,2137,200,12
1760124464200,TEXT,2137,200,12
1760124464200,TEXT,2137,200,12
1760124464200,TEXT,2137,200,12
1760124464200,TEXT,2137,200,12
1760124464200,TEXT,2136,200,12
1760124464200,TEXT,2136,200,12
1760124464201,TEXT,2136,200,12
1760124464201,TEXT,2136,200,12
1760124464201,TEXT,2136,200,12
1760124464201,TEXT,2136,200,12
1760124464201,TEXT,2136,200,12
1760124464201,JOIN,2136,200,12
1760124464201,TEXT,2136,200,12
1760124464201,TEXT,2136,200,12
1760124464201,TEXT,2136,200,12
1760124464201,TEXT,2136,200,12
1760124464201,JOIN,2136,200,12
1760124464201,TEXT,2136,200,12
1760124464201,TEXT,2136,200,12
1760124464201,TEXT,2136,200,12
1760124464201,TEXT,2136,200,12
1760124464201,LEAVE,2136,200,12
1760124464201,TEXT,2136,200,12
1760124464201,TEXT,2136,200,12
1760124464201,TEXT,2136,200,12
1760124464201,TEXT,2136,200,12
1760124464201,TEXT,2136,200,12
1760124464201,TEXT,2136,200,12
1760124464201,TEXT,2136,200,12
1760124464201,TEXT,2136,200,12
1760124464201,TEXT,2136,200,12
1760124464201,TEXT,2136,200,12
1760124464201,TEXT,2136,200,12
1760124464201,TEXT,2136,200,12
1760124464201,TEXT,2136,200,12
1760124464202,TEXT,2135,200,12
1760124464202,TEXT,2135,200,12
1760124464202,TEXT,2135,200,12
1760124464202,TEXT,2135,200,12
1760124464202,LEAVE,2135,200,12
1760124464202,JOIN,2135,200,12
1760124464202,TEXT,2135,200,12
1760124464202,TEXT,2135,200,12
1760124464202,TEXT,2135,200,12
1760124464202,TEXT,2135,200,12
1760124464202,TEXT,2135,200,12
1760124464202,TEXT,2135,200,12
1760124464203,JOIN,2134,200,12
1760124464203,TEXT,2134,200,12
1760124464203,TEXT,2134,200,12
1760124464203,TEXT,2134,200,12
1760124464203,TEXT,2134,200,12
1760124464203,TEXT,2134,200,12
1760124464203,TEXT,2134,200,12
1760124464203,TEXT,2134,200,12
1760124464203,TEXT,2134,200,12
1760124464203,TEXT,2134,200,12
1760124464203,TEXT,2134,200,12
1760124464203,TEXT,2134,200,12
1760124464203,TEXT,2134,200,12
1760124464203,TEXT,2134,200,12
1760124464203,TEXT,2134,200,12
1760124464203,TEXT,2134,200,12
1760124464203,TEXT,2134,200,12
1760124464203,TEXT,2134,200,12
1760124464203,TEXT,2134,200,12
1760124464203,TEXT,2134,200,12
1760124464203,TEXT,2134,200,12
1760124464204,TEXT,2133,200,12
1760124464206,JOIN,2131,200,12
1760124464402,TEXT,2005,200,14
1760124464402,TEXT,2005,200,14
1760124464402,TEXT,2005,200,14
1760124464402,TEXT,2005,200,14
1760124464402,TEXT,2005,200,14
1760124464402,TEXT,2005,200,14
1760124464402,TEXT,2005,200,14
1760124464402,JOIN,2005,200,14
1760124464402,LEAVE,2005,200,14
1760124464402,TEXT,2005,200,14
1760124464402,LEAVE,2005,200,14
1760124464402,TEXT,2005,200,14
1760124464402,TEXT,2005,200,14
1760124464402,TEXT,2005,200,14
1760124464402,TEXT,2005,200,14
1760124464402,TEXT,2005,200,14
1760124464402,TEXT,2005,200,14
1760124464402,TEXT,2005,200,14
1760124464402,TEXT,2005,200,14
1760124464402,TEXT,2005,200,14
1760124464402,TEXT,2005,200,14
1760124464402,TEXT,2005,200,14
1760124464402,LEAVE,2005,200,14
1760124464402,TEXT,2005,200,14
1760124464402,TEXT,2005,200,14
1760124464402,JOIN,2005,200,14
1760124464402,TEXT,2004,200,14
1760124464402,TEXT,2004,200,14
1760124464402,TEXT,2004,200,14
1760124464402,TEXT,2004,200,14
1760124464403,LEAVE,2004,200,14
1760124464403,TEXT,2004,200,14
1760124464403,TEXT,2004,200,14
1760124464403,TEXT,2004,200,14
1760124464403,TEXT,2004,200,14
1760124464403,TEXT,2004,200,14
1760124464403,TEXT,2004,200,14
1760124464403,TEXT,2004,200,14
1760124464403,TEXT,2004,200,14
1760124464403,TEXT,2004,200,14
1760124464403,TEXT,2004,200,14
1760124464403,JOIN,2004,200,14
1760124464403,TEXT,2004,200,14
1760124464403,TEXT,2003,200,14
1760124464403,TEXT,2003,200,14
1760124464403,JOIN,2003,200,14
1760124464404,TEXT,2003,200,14
1760124464404,TEXT,2003,200,14
1760124464404,TEXT,2003,200,14
1760124464404,TEXT,2003,200,14
1760124464404,TEXT,2003,200,14
1760124464404,TEXT,2003,200,14
1760124464404,TEXT,2003,200,14
1760124464404,LEAVE,2003,200,14
1760124464404,TEXT,2003,200,14
1760124464404,TEXT,2003,200,14
1760124464404,TEXT,2003,200,14
1760124464404,TEXT,2002,200,14
1760124464404,JOIN,2002,200,14
1760124464404,TEXT,2002,200,14
1760124464405,TEXT,2002,200,14
1760124464405,TEXT,2002,200,14
1760124464405,JOIN,2002,200,14
1760124464405,TEXT,2002,200,14
1760124464405,TEXT,2002,200,14
1760124464405,TEXT,2002,200,14
1760124464405,TEXT,2002,200,14
1760124464405,TEXT,2002,200,14
1760124464405,TEXT,2002,200,14
1760124464405,TEXT,2002,200,14
1760124464405,TEXT,2002,200,14
1760124464405,TEXT,2002,200,14
1760124464405,TEXT,2002,200,14
1760124464405,TEXT,2001,200,14
1760124464405,TEXT,2001,200,14
1760124464405,TEXT,2001,200,14
1760124464405,TEXT,2001,200,14
1760124464405,TEXT,2001,200,14
1760124464405,TEXT,2001,200,14
1760124464406,TEXT,2001,200,14
1760124464406,TEXT,2001,200,14
1760124464406,LEAVE,2001,200,14
1760124464406,TEXT,2001,200,14
1760124464409,TEXT,1997,200,14
1760124464409,TEXT,1997,200,14
1760124464410,TEXT,1997,200,14
1760124464410,TEXT,1997,200,14
1760124464410,JOIN,1997,200,14
1760124464410,TEXT,1997,200,14
1760124464410,TEXT,1997,200,14
1760124464410,TEXT,1997,200,14
1760124464410,TEXT,1997,200,14
1760124464410,TEXT,1997,200,14
1760124464410,JOIN,1997,200,14
1760124464410,TEXT,1997,200,14
1760124464410,JOIN,1996,200,14
1760124464410,TEXT,1996,200,14
1760124464410,TEXT,1996,200,14
1760124464410,TEXT,1996,200,14
1760124464410,JOIN,1996,200,14
1760124464410,LEAVE,1996,200,14
1760124464411,TEXT,1996,200,14
1760124464411,TEXT,1996,200,14
1760124464411,TEXT,1996,200,14
1760124464411,TEXT,1996,200,14
1760124464411,TEXT,1996,200,14
1760124464411,TEXT,1996,200,14
1760124464411,TEXT,1996,200,14
1760124464411,TEXT,1996,200,14
1760124464411,TEXT,1996,200,14
1760124464411,TEXT,1996,200,14
1760124464411,TEXT,1996,200,14
1760124464411,TEXT,1996,200,14
1760124464411,TEXT,1996,200,14
1760124464411,TEXT,1996,200,14
1760124464411,TEXT,1996,200,14
1760124464411,TEXT,1996,200,14
1760124464411,TEXT,1996,200,14
1760124464411,TEXT,1996,200,14
1760124464411,TEXT,1996,200,14
1760124464411,TEXT,1996,200,14
1760124464411,TEXT,1995,200,14
1760124464412,TEXT,1995,200,14
1760124464412,TEXT,1995,200,14
1760124464412,TEXT,1995,200,14
1760124464412,TEXT,1995,200,14
1760124464420,TEXT,1987,200,14
1760124464420,TEXT,1987,200,14
1760124464420,TEXT,1987,200,14
1760124464426,TEXT,1981,200,14
1760124464426,TEXT,1981,200,14
1760124464426,TEXT,1981,200,14
1760124464426,TEXT,1981,200,14
1760124464426,TEXT,1981,200,14
1760124464426,LEAVE,1981,200,14
1760124464432,TEXT,1975,200,14
1760124464432,JOIN,1975,200,14
1760124464432,TEXT,1974,200,14
1760124464433,TEXT,1974,200,14
1760124464433,TEXT,1974,200,14
1760124464433,TEXT,1974,200,14
1760124464433,TEXT,1974,200,14
1760124464433,TEXT,1974,200,14
1760124464433,TEXT,1974,200,14
1760124464440,JOIN,1967,200,14
1760124464442,TEXT,1965,200,14
1760124464442,TEXT,1965,200,14
1760124464442,TEXT,1965,200,14
1760124464442,LEAVE,1965,200,14
1760124464443,TEXT,1964,200,14
1760124464443,TEXT,1964,200,14
1760124464448,TEXT,1959,200,14
1760124464449,TEXT,1958,200,14
1760124464450,JOIN,1957,200,14
1760124464450,TEXT,1957,200,14
1760124464450,TEXT,1957,200,14
1760124464450,TEXT,1957,200,14
1760124464450,LEAVE,1957,200,14
1760124464450,TEXT,1957,200,14
1760124464450,TEXT,1957,200,14
1760124464450,TEXT,1957,200,14
1760124464450,TEXT,1957,200,14
1760124464450,TEXT,1957,200,14
1760124464450,TEXT,1957,200,14
1760124464450,TEXT,1957,200,14
1760124464450,TEXT,1957,200,14
1760124464450,TEXT,1957,200,14
1760124464450,JOIN,1957,200,14
1760124464450,TEXT,1957,200,14
1760124464450,TEXT,1957,200,14
1760124464451,TEXT,1957,200,14
1760124464451,TEXT,1957,200,14
1760124464451,TEXT,1957,200,14
1760124464451,TEXT,1957,200,14
1760124464451,TEXT,1956,200,14
1760124464451,TEXT,1956,200,14
1760124464451,TEXT,1956,200,14
1760124464452,TEXT,1955,200,14
1760124464453,TEXT,1954,200,14
1760124464453,TEXT,1954,200,14
1760124464453,TEXT,1954,200,14
1760124464453,TEXT,1954,200,14
1760124464453,TEXT,1954,200,14
1760124464453,TEXT,1954,200,14
1760124464454,TEXT,1953,200,14
1760124464454,TEXT,1953,200,14
1760124464456,TEXT,1951,200,14
1760124464457,TEXT,1950,200,14
1760124464458,TEXT,1949,200,14
1760124464460,TEXT,1948,200,14
1760124464460,TEXT,1947,200,14
1760124464464,LEAVE,1944,200,14
1760124464464,TEXT,1943,200,14
1760124464464,TEXT,1943,200,14
1760124464402,TEXT,2006,200,17
1760124464464,TEXT,1943,200,14
1760124464465,TEXT,1942,200,14
1760124464465,TEXT,1942,200,14
1760124464465,TEXT,1942,200,14
1760124464465,TEXT,1942,200,14
1760124464465,TEXT,1942,200,14
1760124464465,TEXT,1942,200,14
1760124464466,TEXT,1941,200,14
1760124464466,TEXT,1941,200,14
1760124464466,TEXT,1941,200,14
1760124464402,JOIN,2006,200,17
1760124464402,TEXT,2006,200,17
1760124464466,JOIN,1941,200,14
1760124464466,TEXT,1941,200,14
1760124464466,TEXT,1941,200,14
1760124464402,TEXT,2006,200,17
1760124464402,TEXT,2006,200,17
1760124464402,JOIN,2006,200,17
1760124464402,TEXT,2006,200,17
1760124464467,TEXT,1941,200,14
1760124464402,TEXT,2006,200,17
1760124464467,TEXT,1941,200,14
1760124464467,TEXT,1941,200,14
1760124464402,TEXT,2006,200,17
1760124464467,TEXT,1941,200,14
1760124464402,TEXT,2005,200,17
1760124464467,TEXT,1941,200,14
1760124464402,TEXT,2005,200,17
1760124464402,TEXT,2005,200,17
1760124464467,JOIN,1941,200,14
1760124464402,TEXT,2005,200,17
1760124464467,TEXT,1941,200,14
1760124464467,TEXT,1941,200,14
1760124464467,TEXT,1941,200,14
1760124464402,TEXT,2005,200,17
1760124464402,TEXT,2005,200,17
1760124464402,TEXT,2005,200,17
1760124464467,TEXT,1941,200,14
1760124464402,TEXT,2005,200,17
1760124464467,TEXT,1941,200,14
1760124464467,TEXT,1941,200,14
1760124464467,TEXT,1941,200,14
1760124464467,TEXT,1940,200,14
1760124464467,TEXT,1940,200,14
1760124464467,TEXT,1940,200,14
1760124464467,TEXT,1940,200,14
1760124464467,TEXT,1940,200,14
1760124464467,TEXT,1940,200,14
1760124464467,JOIN,1940,200,14
1760124464467,TEXT,1940,200,14
1760124464467,TEXT,1940,200,14
1760124464467,TEXT,1940,200,14
1760124464467,TEXT,1940,200,14
1760124464402,TEXT,2005,200,17
1760124464402,TEXT,2005,200,17
1760124464467,TEXT,1940,200,14
1760124464402,TEXT,2005,200,17
1760124464467,TEXT,1940,200,14
1760124464402,TEXT,2005,200,17
1760124464402,TEXT,2005,200,17
1760124464402,TEXT,2005,200,17
1760124464467,TEXT,1940,200,14
1760124464403,TEXT,2005,200,17
1760124464468,TEXT,1940,200,14
1760124464403,TEXT,2005,200,17
1760124464468,TEXT,1940,200,14
1760124464468,TEXT,1940,200,14
1760124464468,TEXT,1940,200,14
1760124464403,TEXT,2005,200,17
1760124464468,TEXT,1940,200,14
1760124464403,TEXT,2005,200,17
1760124464468,TEXT,1939,200,14
1760124464403,TEXT,2004,200,17
1760124464468,JOIN,1939,200,14
1760124464468,TEXT,1939,200,14
1760124464468,TEXT,1939,200,14
1760124464403,TEXT,2004,200,17
1760124464403,TEXT,2004,200,17
1760124464403,TEXT,2004,200,17
1760124464403,TEXT,2004,200,17
1760124464404,TEXT,2004,200,17
1760124464404,TEXT,2004,200,17
1760124464404,TEXT,2004,200,17
1760124464404,TEXT,2004,200,17
1760124464404,TEXT,2004,200,17
1760124464404,TEXT,2004,200,17
1760124464404,JOIN,2004,200,17
1760124464404,TEXT,2004,200,17
1760124464404,TEXT,2004,200,17
1760124464404,TEXT,2004,200,17
1760124464404,TEXT,2004,200,17
1760124464404,TEXT,2004,200,17
1760124464404,TEXT,2004,200,17
1760124464404,TEXT,2003,200,17
1760124464404,TEXT,2003,200,17
1760124464404,TEXT,2003,200,17
1760124464404,LEAVE,2003,200,17
1760124464404,TEXT,2003,200,17
1760124464404,TEXT,2003,200,17
1760124464404,LEAVE,2003,200,17
1760124464404,TEXT,2003,200,17
1760124464405,TEXT,2003,200,17
1760124464405,TEXT,2003,200,17
1760124464405,TEXT,2003,200,17
1760124464405,JOIN,2003,200,17
1760124464405,TEXT,2003,200,17
1760124464405,TEXT,2003,200,17
1760124464405,TEXT,2003,200,17
1760124464405,TEXT,2003,200,17
1760124464405,TEXT,2003,200,17
1760124464405,TEXT,2003,200,17
1760124464405,TEXT,2002,200,17
1760124464405,LEAVE,2002,200,17
1760124464405,TEXT,2002,200,17
1760124464405,LEAVE,2002,200,17
1760124464405,TEXT,2002,200,17
1760124464405,TEXT,2002,200,17
1760124464406,TEXT,2002,200,17
1760124464406,TEXT,2002,200,17
1760124464406,TEXT,2002,200,17
1760124464406,TEXT,2002,200,17
1760124464406,TEXT,2002,200,17
1760124464406,TEXT,2002,200,17
1760124464406,TEXT,2002,200,17
1760124464409,TEXT,1998,200,17
1760124464409,TEXT,1998,200,17
1760124464409,TEXT,1998,200,17
1760124464409,TEXT,1998,200,17
1760124464409,TEXT,1998,200,17
1760124464410,LEAVE,1998,200,17
1760124464410,TEXT,1998,200,17
1760124464410,TEXT,1998,200,17
1760124464410,TEXT,1998,200,17
1760124464410,TEXT,1998,200,17
1760124464402,TEXT,2048,200,19
1760124464402,LEAVE,2048,200,19
1760124464402,TEXT,2048,200,19
1760124464402,LEAVE,2048,200,19
1760124464402,TEXT,2048,200,19
1760124464402,TEXT,2048,200,19
1760124464402,TEXT,2048,200,19
1760124464402,TEXT,2048,200,19
1760124464402,TEXT,2048,200,19
1760124464402,TEXT,2048,200,19
1760124464402,TEXT,2048,200,19
1760124464402,TEXT,2048,200,19
1760124464402,TEXT,2048,200,19
1760124464402,LEAVE,2048,200,19
1760124464402,TEXT,2048,200,19
1760124464402,TEXT,2048,200,19
1760124464402,TEXT,2048,200,19
1760124464402,TEXT,2048,200,19
1760124464403,TEXT,2047,200,19
1760124464403,TEXT,2047,200,19
1760124464403,TEXT,2047,200,19
1760124464403,TEXT,2047,200,19
1760124464403,TEXT,2047,200,19
1760124464403,LEAVE,2047,200,19
1760124464403,TEXT,2047,200,19
1760124464403,TEXT,2047,200,19
1760124464403,TEXT,2047,200,19
1760124464403,TEXT,2047,200,19
1760124464403,TEXT,2047,200,19
1760124464403,TEXT,2047,200,19
1760124464403,TEXT,2047,200,19
1760124464403,TEXT,2047,200,19
1760124464403,TEXT,2047,200,19
1760124464403,TEXT,2047,200,19
1760124464404,TEXT,2046,200,19
1760124464404,TEXT,2046,200,19
1760124464404,TEXT,2046,200,19
1760124464404,TEXT,2046,200,19
1760124464404,TEXT,2046,200,19
1760124464404,TEXT,2046,200,19
1760124464404,TEXT,2046,200,19
1760124464404,TEXT,2046,200,19
1760124464404,LEAVE,2046,200,19
1760124464405,TEXT,2045,200,19
1760124464405,TEXT,2045,200,19
1760124464405,TEXT,2045,200,19
1760124464405,TEXT,2045,200,19
1760124464405,TEXT,2045,200,19
1760124464405,TEXT,2045,200,19
1760124464405,TEXT,2045,200,19
1760124464405,TEXT,2045,200,19
1760124464405,TEXT,2045,200,19
1760124464405,TEXT,2045,200,19
1760124464406,TEXT,2044,200,19
1760124464406,TEXT,2044,200,19
1760124464406,TEXT,2044,200,19
1760124464406,TEXT,2044,200,19
1760124464406,TEXT,2044,200,19
1760124464406,TEXT,2044,200,19
1760124464410,TEXT,2040,200,19
1760124464410,TEXT,2040,200,19
1760124464410,TEXT,2040,200,19
1760124464410,TEXT,2040,200,19
1760124464410,TEXT,2040,200,19
1760124464410,TEXT,2040,200,19
1760124464410,TEXT,2040,200,19
1760124464410,TEXT,2040,200,19
1760124464410,TEXT,2040,200,19
1760124464410,TEXT,2040,200,19
1760124464410,TEXT,2040,200,19
1760124464410,TEXT,2040,200,19
1760124464410,TEXT,2040,200,19
1760124464411,TEXT,2040,200,19
1760124464411,TEXT,2040,200,19
1760124464411,TEXT,2040,200,19
1760124464411,TEXT,2040,200,19
1760124464411,TEXT,2040,200,19
1760124464411,TEXT,2040,200,19
1760124464411,TEXT,2039,200,19
1760124464411,TEXT,2039,200,19
1760124464411,TEXT,2039,200,19
1760124464411,TEXT,2039,200,19
1760124464411,TEXT,2039,200,19
1760124464411,TEXT,2039,200,19
1760124464411,TEXT,2039,200,19
1760124464411,TEXT,2039,200,19
1760124464411,TEXT,2039,200,19
1760124464402,TEXT,2049,200,9
1760124464402,TEXT,2049,200,9
1760124464402,JOIN,2049,200,9
1760124464402,TEXT,2049,200,9
1760124464402,TEXT,2049,200,9
1760124464402,TEXT,2049,200,9
1760124464402,TEXT,2049,200,9
1760124464402,JOIN,2049,200,9
1760124464402,TEXT,2049,200,9
1760124464402,TEXT,2049,200,9
1760124464402,TEXT,2049,200,9
1760124464402,TEXT,2049,200,9
1760124464402,TEXT,2049,200,9
1760124464402,TEXT,2049,200,9
1760124464402,TEXT,2049,200,9
1760124464402,TEXT,2049,200,9
1760124464402,TEXT,2049,200,9
1760124464403,TEXT,2049,200,9
1760124464403,TEXT,2049,200,9
1760124464403,TEXT,2049,200,9
1760124464403,TEXT,2048,200,9
1760124464403,TEXT,2048,200,9
1760124464403,TEXT,2048,200,9
1760124464403,LEAVE,2048,200,9
1760124464403,TEXT,2048,200,9
1760124464403,TEXT,2048,200,9
1760124464403,JOIN,2048,200,9
1760124464403,TEXT,2048,200,9
1760124464403,TEXT,2048,200,9
1760124464403,TEXT,2048,200,9
1760124464404,TEXT,2048,200,9
1760124464404,TEXT,2048,200,9
1760124464404,TEXT,2048,200,9
1760124464404,TEXT,2047,200,9
1760124464404,TEXT,2047,200,9
1760124464404,TEXT,2047,200,9
1760124464404,TEXT,2047,200,9
1760124464404,TEXT,2047,200,9
1760124464404,TEXT,2047,200,9
1760124464404,TEXT,2047,200,9
1760124464404,TEXT,2047,200,9
1760124464404,TEXT,2047,200,9
1760124464404,TEXT,2047,200,9
1760124464404,TEXT,2047,200,9
1760124464404,TEXT,2047,200,9
1760124464404,TEXT,2047,200,9
1760124464404,JOIN,2047,200,9
1760124464404,TEXT,2047,200,9
1760124464404,TEXT,2047,200,9
1760124464404,TEXT,2047,200,9
1760124464404,TEXT,2047,200,9
1760124464405,TEXT,2047,200,9
1760124464405,TEXT,2047,200,9
1760124464405,TEXT,2047,200,9
1760124464405,TEXT,2047,200,9
1760124464405,TEXT,2047,200,9
1760124464405,TEXT,2047,200,9
1760124464405,TEXT,2046,200,9
1760124464405,TEXT,2046,200,9
1760124464405,TEXT,2046,200,9
1760124464405,TEXT,2046,200,9
1760124464405,TEXT,2046,200,9
1760124464405,TEXT,2046,200,9
1760124464405,TEXT,2046,200,9
1760124464405,TEXT,2046,200,9
1760124464405,TEXT,2046,200,9
1760124464405,TEXT,2046,200,9
1760124464405,TEXT,2046,200,9
1760124464405,TEXT,2046,200,9
1760124464405,TEXT,2046,200,9
1760124464406,TEXT,2046,200,9
1760124464406,TEXT,2046,200,9
1760124464406,TEXT,2046,200,9
1760124464406,TEXT,2046,200,9
1760124464406,TEXT,2046,200,9
1760124464409,TEXT,2042,200,9
1760124464409,TEXT,2042,200,9
1760124464409,LEAVE,2042,200,9
1760124464409,TEXT,2042,200,9
1760124464410,TEXT,2042,200,9
1760124464410,TEXT,2042,200,9
1760124464410,TEXT,2042,200,9
1760124464410,TEXT,2042,200,9
1760124464410,TEXT,2042,200,9
1760124464410,TEXT,2042,200,9
1760124464410,TEXT,2042,200,9
1760124464410,JOIN,2041,200,9
1760124464410,TEXT,2041,200,9
1760124464410,TEXT,2041,200,9
1760124464410,TEXT,2041,200,9
1760124464402,TEXT,2064,200,10
1760124464402,TEXT,2064,200,10
1760124464402,TEXT,2064,200,10
1760124464402,TEXT,2064,200,10
1760124464402,LEAVE,2064,200,10
1760124464402,JOIN,2064,200,10
1760124464402,JOIN,2064,200,10
1760124464402,TEXT,2064,200,10
1760124464402,TEXT,2064,200,10
1760124464402,TEXT,2064,200,10
1760124464402,TEXT,2064,200,10
1760124464402,TEXT,2064,200,10
1760124464402,TEXT,2064,200,10
1760124464402,TEXT,2064,200,10
1760124464402,TEXT,2064,200,10
1760124464402,TEXT,2064,200,10
1760124464402,TEXT,2064,200,10
1760124464402,TEXT,2064,200,10
1760124464402,TEXT,2064,200,10
1760124464402,TEXT,2064,200,10
1760124464402,TEXT,2064,200,10
1760124464402,TEXT,2064,200,10
1760124464402,TEXT,2064,200,10
1760124464403,TEXT,2064,200,10
1760124464403,TEXT,2064,200,10
1760124464403,TEXT,2064,200,10
1760124464403,TEXT,2064,200,10
1760124464403,TEXT,2064,200,10
1760124464403,TEXT,2064,200,10
1760124464403,TEXT,2063,200,10
1760124464403,TEXT,2063,200,10
1760124464403,TEXT,2063,200,10
1760124464403,TEXT,2063,200,10
1760124464403,TEXT,2063,200,10
1760124464403,TEXT,2063,200,10
1760124464404,TEXT,2063,200,10
1760124464404,TEXT,2063,200,10
1760124464404,TEXT,2063,200,10
1760124464404,TEXT,2063,200,10
1760124464404,TEXT,2063,200,10
1760124464404,TEXT,2062,200,10
1760124464404,TEXT,2062,200,10
1760124464404,TEXT,2062,200,10
1760124464404,TEXT,2062,200,10
1760124464404,TEXT,2062,200,10
1760124464404,TEXT,2062,200,10
1760124464404,TEXT,2062,200,10
1760124464404,TEXT,2062,200,10
1760124464404,TEXT,2062,200,10
1760124464404,TEXT,2062,200,10
1760124464404,TEXT,2062,200,10
1760124464404,TEXT,2062,200,10
1760124464405,TEXT,2062,200,10
1760124464405,TEXT,2062,200,10
1760124464405,TEXT,2062,200,10
1760124464405,TEXT,2062,200,10
1760124464405,TEXT,2061,200,10
1760124464405,TEXT,2061,200,10
1760124464405,TEXT,2061,200,10
1760124464405,JOIN,2061,200,10
1760124464405,TEXT,2061,200,10
1760124464405,TEXT,2061,200,10
1760124464405,TEXT,2061,200,10
1760124464405,TEXT,2061,200,10
1760124464405,TEXT,2061,200,10
1760124464405,TEXT,2061,200,10
1760124464405,TEXT,2061,200,10
1760124464405,TEXT,2061,200,10
1760124464405,TEXT,2061,200,10
1760124464406,TEXT,2061,200,10
1760124464406,TEXT,2061,200,10
1760124464406,TEXT,2061,200,10
1760124464406,TEXT,2061,200,10
1760124464409,TEXT,2057,200,10
1760124464409,TEXT,2057,200,10
1760124464409,TEXT,2057,200,10
1760124464410,TEXT,2057,200,10
1760124464410,TEXT,2057,200,10
1760124464410,TEXT,2057,200,10
1760124464410,TEXT,2057,200,10
1760124464410,TEXT,2057,200,10
1760124464410,TEXT,2057,200,10
1760124464410,TEXT,2056,200,10
1760124464410,TEXT,2056,200,10
1760124464410,TEXT,2056,200,10
1760124464410,LEAVE,2056,200,10
1760124464410,TEXT,2056,200,10
1760124464410,TEXT,2056,200,10
1760124464410,TEXT,2056,200,10
1760124464410,LEAVE,2056,200,10
1760124464411,TEXT,2056,200,10
1760124464411,TEXT,2056,200,10
1760124464411,TEXT,2056,200,10
1760124464411,TEXT,2056,200,10
1760124464411,TEXT,2056,200,10
1760124464411,TEXT,2056,200,10
1760124464411,TEXT,2056,200,10
1760124464411,JOIN,2056,200,10
1760124464411,TEXT,2056,200,10
1760124464411,TEXT,2056,200,10
1760124464411,TEXT,2056,200,10
1760124464411,TEXT,2056,200,10
1760124464411,TEXT,2056,200,10
1760124464411,TEXT,2056,200,10
1760124464411,TEXT,2055,200,10
1760124464411,TEXT,2055,200,10
1760124464411,LEAVE,2055,200,10
1760124464411,TEXT,2055,200,10
1760124464411,TEXT,2055,200,10
1760124464412,TEXT,2055,200,10
1760124464420,TEXT,2047,200,10
1760124464420,TEXT,2046,200,10
1760124464420,LEAVE,2046,200,10
1760124464426,TEXT,2041,200,10
1760124464426,TEXT,2041,200,10
1760124464426,TEXT,2041,200,10
1760124464426,TEXT,2041,200,10
1760124464426,TEXT,2041,200,10
1760124464426,TEXT,2041,200,10
1760124464426,TEXT,2041,200,10
1760124464426,TEXT,2041,200,10
1760124464426,TEXT,2041,200,10
1760124464426,TEXT,2040,200,10
1760124464426,TEXT,2040,200,10
1760124464432,TEXT,2035,200,10
1760124464432,TEXT,2035,200,10
1760124464432,TEXT,2034,200,10
1760124464432,LEAVE,2034,200,10
1760124464433,TEXT,2034,200,10
1760124464433,TEXT,2034,200,10
1760124464433,LEAVE,2034,200,10
1760124464433,TEXT,2034,200,10
1760124464442,TEXT,2025,200,10
1760124464442,TEXT,2025,200,10
1760124464442,TEXT,2025,200,10
1760124464442,TEXT,2025,200,10
1760124464442,JOIN,2025,200,10
1760124464442,JOIN,2025,200,10
1760124464442,TEXT,2025,200,10
1760124464442,TEXT,2025,200,10
1760124464443,TEXT,2024,200,10
1760124464443,TEXT,2023,200,10
1760124464443,TEXT,2023,200,10
1760124464445,TEXT,2022,200,10
1760124464449,TEXT,2018,200,10
1760124464449,TEXT,2017,200,10
1760124464450,TEXT,2017,200,10
1760124464450,TEXT,2017,200,10
1760124464450,TEXT,2017,200,10
1760124464450,TEXT,2017,200,10
1760124464450,TEXT,2017,200,10
1760124464450,TEXT,2017,200,10
1760124464450,TEXT,2017,200,10
1760124464450,TEXT,2017,200,10
1760124464450,LEAVE,2017,200,10
1760124464450,TEXT,2017,200,10
1760124464450,TEXT,2017,200,10
1760124464450,TEXT,2017,200,10
1760124464451,TEXT,2016,200,10
1760124464451,TEXT,2016,200,10
1760124464451,TEXT,2016,200,10
1760124464451,TEXT,2016,200,10
1760124464451,TEXT,2016,200,10
1760124464451,TEXT,2016,200,10
1760124464452,TEXT,2015,200,10
1760124464453,TEXT,2014,200,10
1760124464453,TEXT,2014,200,10
1760124464453,TEXT,2014,200,10
1760124464453,TEXT,2014,200,10
1760124464453,LEAVE,2014,200,10
1760124464453,TEXT,2014,200,10
1760124464453,TEXT,2014,200,10
1760124464454,TEXT,2013,200,10
1760124464454,TEXT,2013,200,10
1760124464454,TEXT,2013,200,10
1760124464454,TEXT,2013,200,10
1760124464454,TEXT,2013,200,10
1760124464454,TEXT,2013,200,10
1760124464454,TEXT,2013,200,10
1760124464456,TEXT,2011,200,10
1760124464460,TEXT,2007,200,10
1760124464460,TEXT,2007,200,10
1760124464463,TEXT,2004,200,10
1760124464463,LEAVE,2004,200,10
1760124464463,TEXT,2004,200,10
1760124464464,TEXT,2003,200,10
1760124464464,TEXT,2003,200,10
1760124464465,LEAVE,2002,200,10
1760124464465,TEXT,2002,200,10
1760124464465,TEXT,2002,200,10
1760124464465,JOIN,2002,200,10
1760124464465,TEXT,2002,200,10
1760124464465,TEXT,2002,200,10
1760124464465,TEXT,2002,200,10
1760124464466,TEXT,2001,200,10
1760124464466,TEXT,2001,200,10
1760124464466,TEXT,2001,200,10
1760124464466,TEXT,2001,200,10
1760124464466,TEXT,2001,200,10
1760124464466,TEXT,2001,200,10
1760124464467,TEXT,2001,200,10
1760124464467,TEXT,2001,200,10
1760124464467,TEXT,2001,200,10
1760124464467,TEXT,2001,200,10
1760124464467,TEXT,2000,200,10
1760124464467,TEXT,2000,200,10
1760124464467,TEXT,2000,200,10
1760124464467,TEXT,2000,200,10
1760124464467,TEXT,2000,200,10
1760124464467,TEXT,2000,200,10
1760124464467,TEXT,2000,200,10
1760124464467,TEXT,2000,200,10
1760124464467,TEXT,2000,200,10
1760124464467,TEXT,2000,200,10
1760124464467,TEXT,2000,200,10
1760124464467,TEXT,2000,200,10
1760124464467,TEXT,2000,200,10
1760124464467,TEXT,2000,200,10
1760124464467,TEXT,2000,200,10
1760124464467,JOIN,2000,200,10
1760124464467,TEXT,2000,200,10
1760124464467,LEAVE,2000,200,10
1760124464467,TEXT,2000,200,10
1760124464467,TEXT,2000,200,10
1760124464467,TEXT,2000,200,10
1760124464467,TEXT,2000,200,10
1760124464467,TEXT,2000,200,10
1760124464468,TEXT,2000,200,10
1760124464468,TEXT,2000,200,10
1760124464468,TEXT,2000,200,10
1760124464468,TEXT,1999,200,10
1760124464468,TEXT,1999,200,10
1760124464468,TEXT,1999,200,10
1760124464468,JOIN,1999,200,10
1760124464468,TEXT,1999,200,10
1760124464468,TEXT,1999,200,10
1760124464468,TEXT,1999,200,10
1760124464468,TEXT,1999,200,10
1760124464468,JOIN,1999,200,10
1760124464468,TEXT,1999,200,10
1760124464468,TEXT,1999,200,10
1760124464468,LEAVE,1999,200,10
1760124464468,TEXT,1999,200,10
1760124464468,JOIN,1999,200,10
1760124464468,TEXT,1999,200,10
1760124464468,TEXT,1999,200,10
1760124464468,TEXT,1999,200,10
1760124464468,TEXT,1999,200,10
1760124464469,LEAVE,1999,200,10
1760124464469,TEXT,1999,200,10
1760124464469,TEXT,1999,200,10
1760124464469,TEXT,1999,200,10
1760124464469,TEXT,1998,200,10
1760124464469,TEXT,1998,200,10
1760124464469,TEXT,1998,200,10
1760124464469,TEXT,1998,200,10
1760124464469,TEXT,1998,200,10
1760124464469,TEXT,1998,200,10
1760124464469,TEXT,1998,200,10
1760124464469,TEXT,1998,200,10
1760124464469,TEXT,1998,200,10
1760124464469,TEXT,1998,200,10
1760124464469,TEXT,1998,200,10
1760124464469,TEXT,1998,200,10
1760124464469,TEXT,1998,200,10
1760124464402,TEXT,2079,200,2
1760124464402,TEXT,2079,200,2
1760124464402,TEXT,2079,200,2
1760124464402,TEXT,2079,200,2
1760124464402,TEXT,2079,200,2
1760124464402,TEXT,2078,200,2
1760124464402,TEXT,2078,200,2
1760124464402,TEXT,2078,200,2
1760124464402,TEXT,2078,200,2
1760124464402,TEXT,2078,200,2
1760124464402,TEXT,2078,200,2
1760124464402,TEXT,2078,200,2
1760124464402,TEXT,2078,200,2
1760124464402,TEXT,2078,200,2
1760124464402,JOIN,2078,200,2
1760124464402,TEXT,2078,200,2
1760124464402,TEXT,2078,200,2
1760124464402,TEXT,2078,200,2
1760124464402,TEXT,2078,200,2
1760124464402,TEXT,2078,200,2
1760124464402,TEXT,2078,200,2
1760124464402,TEXT,2078,200,2
1760124464402,JOIN,2078,200,2
1760124464402,TEXT,2078,200,2
1760124464403,TEXT,2078,200,2
1760124464403,TEXT,2078,200,2
1760124464403,TEXT,2078,200,2
1760124464403,TEXT,2078,200,2
1760124464403,TEXT,2078,200,2
1760124464403,TEXT,2078,200,2
1760124464403,TEXT,2077,200,2
1760124464403,LEAVE,2077,200,2
1760124464403,JOIN,2077,200,2
1760124464403,TEXT,2077,200,2
1760124464403,TEXT,2077,200,2
1760124464403,JOIN,2077,200,2
1760124464403,TEXT,2077,200,2
1760124464403,TEXT,2077,200,2
1760124464403,TEXT,2077,200,2
1760124464404,TEXT,2077,200,2
1760124464404,TEXT,2078,200,2
1760124464404,TEXT,2078,200,2
1760124464404,TEXT,2077,200,2
1760124464404,JOIN,2077,200,2
1760124464404,TEXT,2077,200,2
1760124464404,JOIN,2077,200,2
1760124464404,JOIN,2077,200,2
1760124464405,TEXT,2077,200,2
1760124464405,TEXT,2077,200,2
1760124464405,TEXT,2077,200,2
1760124464405,TEXT,2077,200,2
1760124464405,TEXT,2077,200,2
1760124464405,TEXT,2077,200,2
1760124464405,TEXT,2077,200,2
1760124464405,TEXT,2077,200,2
1760124464405,JOIN,2077,200,2
1760124464405,TEXT,2077,200,2
1760124464405,TEXT,2077,200,2
1760124464405,JOIN,2077,200,2
1760124464405,TEXT,2076,200,2
1760124464405,TEXT,2076,200,2
1760124464405,TEXT,2076,200,2
1760124464405,JOIN,2076,200,2
1760124464405,TEXT,2076,200,2
1760124464405,TEXT,2076,200,2
1760124464406,LEAVE,2076,200,2
1760124464406,TEXT,2076,200,2
1760124464406,JOIN,2076,200,2
1760124464406,TEXT,2076,200,2
1760124464406,TEXT,2076,200,2
1760124464406,TEXT,2076,200,2
1760124464409,TEXT,2072,200,2
1760124464409,TEXT,2072,200,2
1760124464410,TEXT,2072,200,2
1760124464410,TEXT,2072,200,2
1760124464410,TEXT,2072,200,2
1760124464410,LEAVE,2072,200,2
1760124464410,TEXT,2072,200,2
1760124464410,TEXT,2072,200,2
1760124464410,JOIN,2072,200,2
1760124464410,TEXT,2072,200,2
1760124464410,TEXT,2071,200,2
1760124464410,TEXT,2071,200,2
1760124464410,TEXT,2071,200,2
1760124464411,TEXT,2071,200,2
1760124464411,TEXT,2071,200,2
1760124464411,TEXT,2071,200,2
1760124464411,TEXT,2071,200,2
1760124464411,TEXT,2071,200,2
1760124464411,TEXT,2071,200,2
1760124464411,TEXT,2071,200,2
1760124464411,TEXT,2071,200,2
1760124464411,TEXT,2071,200,2
1760124464411,TEXT,2071,200,2
1760124464411,TEXT,2071,200,2
1760124464411,TEXT,2071,200,2
1760124464402,TEXT,2087,200,7
1760124464402,TEXT,2087,200,7
1760124464402,TEXT,2087,200,7
1760124464402,TEXT,2087,200,7
1760124464402,TEXT,2087,200,7
1760124464402,TEXT,2087,200,7
1760124464402,TEXT,2087,200,7
1760124464402,TEXT,2087,200,7
1760124464402,TEXT,2087,200,7
1760124464402,TEXT,2087,200,7
1760124464402,TEXT,2087,200,7
1760124464402,TEXT,2087,200,7
1760124464402,JOIN,2087,200,7
1760124464402,TEXT,2087,200,7
1760124464402,TEXT,2087,200,7
1760124464402,JOIN,2087,200,7
1760124464402,TEXT,2087,200,7
1760124464402,TEXT,2087,200,7
1760124464402,TEXT,2087,200,7
1760124464402,TEXT,2087,200,7
1760124464402,TEXT,2087,200,7
1760124464402,TEXT,2087,200,7
1760124464402,LEAVE,2086,200,7
1760124464402,TEXT,2086,200,7
1760124464402,TEXT,2086,200,7
1760124464402,TEXT,2086,200,7
1760124464402,TEXT,2089,200,15
1760124464402,TEXT,2089,200,15
1760124464402,TEXT,2089,200,15
1760124464402,TEXT,2089,200,15
1760124464402,TEXT,2089,200,15
1760124464402,TEXT,2089,200,15
1760124464402,TEXT,2089,200,15
1760124464402,TEXT,2089,200,15
1760124464402,TEXT,2089,200,15
1760124464402,TEXT,2089,200,15
1760124464402,TEXT,2089,200,15
1760124464402,JOIN,2089,200,15
1760124464402,TEXT,2089,200,15
1760124464402,TEXT,2089,200,15
1760124464402,TEXT,2089,200,15
1760124464402,TEXT,2089,200,15
1760124464402,TEXT,2089,200,15
1760124464402,TEXT,2089,200,15
1760124464402,TEXT,2089,200,15
1760124464403,TEXT,2088,200,15
1760124464403,TEXT,2088,200,15
1760124464403,JOIN,2088,200,15
1760124464403,TEXT,2088,200,15
1760124464403,TEXT,2088,200,15
1760124464403,TEXT,2088,200,15
1760124464403,TEXT,2088,200,15
1760124464403,TEXT,2088,200,15
1760124464403,TEXT,2088,200,15
1760124464403,JOIN,2088,200,15
1760124464403,TEXT,2088,200,15
1760124464403,TEXT,2088,200,15
1760124464403,TEXT,2088,200,15
1760124464403,TEXT,2088,200,15
1760124464403,TEXT,2088,200,15
1760124464403,TEXT,2088,200,15
1760124464403,TEXT,2088,200,15
1760124464403,TEXT,2088,200,15
1760124464403,TEXT,2088,200,15
1760124464403,TEXT,2088,200,15
1760124464404,TEXT,2087,200,15
1760124464404,JOIN,2087,200,15
1760124464404,TEXT,2087,200,15
1760124464404,TEXT,2087,200,15
1760124464404,TEXT,2087,200,15
1760124464404,JOIN,2087,200,15
1760124464404,TEXT,2087,200,15
1760124464404,TEXT,2087,200,15
1760124464404,TEXT,2087,200,15
1760124464404,JOIN,2087,200,15
1760124464404,TEXT,2087,200,15
1760124464404,JOIN,2087,200,15
1760124464404,TEXT,2087,200,15
1760124464404,TEXT,2087,200,15
1760124464404,TEXT,2087,200,15
1760124464404,TEXT,2087,200,15
1760124464404,TEXT,2087,200,15
1760124464404,TEXT,2087,200,15
1760124464404,TEXT,2087,200,15
1760124464404,TEXT,2087,200,15
1760124464405,TEXT,2086,200,15
1760124464405,TEXT,2086,200,15
1760124464405,LEAVE,2086,200,15
1760124464405,TEXT,2086,200,15
1760124464405,TEXT,2086,200,15
1760124464405,TEXT,2086,200,15
1760124464405,LEAVE,2086,200,15
1760124464405,TEXT,2086,200,15
1760124464405,TEXT,2086,200,15
1760124464405,TEXT,2086,200,15
1760124464405,TEXT,2086,200,15
1760124464405,TEXT,2086,200,15
1760124464405,TEXT,2086,200,15
1760124464405,TEXT,2086,200,15
1760124464405,TEXT,2086,200,15
1760124464405,TEXT,2086,200,15
1760124464405,TEXT,2086,200,15
1760124464406,TEXT,2086,200,15
1760124464406,TEXT,2086,200,15
1760124464406,TEXT,2086,200,15
1760124464406,TEXT,2085,200,15
1760124464406,TEXT,2085,200,15
1760124464406,TEXT,2085,200,15
1760124464406,TEXT,2085,200,15
1760124464409,TEXT,2082,200,15
1760124464409,TEXT,2082,200,15
1760124464409,TEXT,2082,200,15
1760124464409,TEXT,2082,200,15
1760124464410,TEXT,2082,200,15
1760124464410,TEXT,2082,200,15
1760124464410,TEXT,2081,200,15
1760124464410,TEXT,2081,200,15
1760124464410,TEXT,2081,200,15
1760124464410,TEXT,2081,200,15
1760124464410,TEXT,2081,200,15
1760124464410,TEXT,2081,200,15
1760124464410,TEXT,2081,200,15
1760124464410,TEXT,2081,200,15
1760124464402,TEXT,2166,200,20
1760124464402,TEXT,2167,200,20
1760124464402,TEXT,2167,200,20
1760124464402,TEXT,2167,200,20
1760124464402,TEXT,2167,200,20
1760124464402,TEXT,2167,200,20
1760124464402,TEXT,2167,200,20
1760124464402,TEXT,2166,200,20
1760124464402,JOIN,2166,200,20
1760124464402,TEXT,2166,200,20
1760124464402,JOIN,2166,200,20
1760124464402,TEXT,2166,200,20
1760124464402,TEXT,2166,200,20
1760124464402,TEXT,2166,200,20
1760124464402,TEXT,2166,200,20
1760124464402,TEXT,2166,200,20
1760124464402,TEXT,2166,200,20
1760124464402,TEXT,2166,200,20
1760124464402,TEXT,2166,200,20
1760124464402,TEXT,2166,200,20
1760124464402,TEXT,2166,200,20
1760124464402,TEXT,2166,200,20
1760124464402,TEXT,2166,200,20
1760124464402,TEXT,2166,200,20
1760124464402,TEXT,2166,200,20
1760124464403,TEXT,2166,200,20
1760124464403,TEXT,2166,200,20
1760124464403,TEXT,2166,200,20
1760124464403,TEXT,2166,200,20
1760124464403,TEXT,2166,200,20
1760124464403,TEXT,2166,200,20
1760124464403,TEXT,2166,200,20
1760124464403,TEXT,2166,200,20
1760124464403,TEXT,2166,200,20
1760124464403,TEXT,2166,200,20
1760124464403,TEXT,2165,200,20
1760124464403,TEXT,2165,200,20
1760124464403,TEXT,2165,200,20
1760124464403,TEXT,2165,200,20
1760124464403,TEXT,2165,200,20
1760124464403,JOIN,2165,200,20
1760124464403,TEXT,2165,200,20
1760124464403,TEXT,2165,200,20
1760124464403,TEXT,2165,200,20
1760124464403,LEAVE,2165,200,20
1760124464403,TEXT,2165,200,20
1760124464404,TEXT,2165,200,20
1760124464404,TEXT,2165,200,20
1760124464404,TEXT,2165,200,20
1760124464404,TEXT,2165,200,20
1760124464404,TEXT,2165,200,20
1760124464404,TEXT,2165,200,20
1760124464404,TEXT,2164,200,20
1760124464404,LEAVE,2164,200,20
1760124464404,TEXT,2164,200,20
1760124464404,LEAVE,2164,200,20
1760124464404,JOIN,2164,200,20
1760124464404,TEXT,2164,200,20
1760124464404,TEXT,2164,200,20
1760124464404,TEXT,2164,200,20
1760124464405,TEXT,2164,200,20
1760124464405,TEXT,2164,200,20
1760124464405,TEXT,2164,200,20
1760124464405,TEXT,2164,200,20
1760124464405,TEXT,2164,200,20
1760124464405,TEXT,2164,200,20
1760124464405,TEXT,2164,200,20
1760124464405,TEXT,2164,200,20
1760124464405,TEXT,2163,200,20
1760124464405,TEXT,2163,200,20
1760124464405,TEXT,2163,200,20
1760124464405,TEXT,2163,200,20
1760124464405,TEXT,2163,200,20
1760124464405,TEXT,2163,200,20
1760124464405,TEXT,2163,200,20
1760124464405,TEXT,2163,200,20
1760124464406,TEXT,2163,200,20
1760124464406,TEXT,2163,200,20
1760124464406,TEXT,2163,200,20
1760124464406,TEXT,2163,200,20
1760124464409,TEXT,2159,200,20
1760124464410,TEXT,2159,200,20
1760124464410,TEXT,2159,200,20
1760124464410,LEAVE,2159,200,20
1760124464410,TEXT,2159,200,20
1760124464410,TEXT,2159,200,20
1760124464410,TEXT,2158,200,20
1760124464410,TEXT,2158,200,20
1760124464410,TEXT,2158,200,20
1760124464410,JOIN,2158,200,20
1760124464410,TEXT,2158,200,20
1760124464411,TEXT,2158,200,20
1760124464411,TEXT,2158,200,20
1760124464411,TEXT,2158,200,20
1760124464411,TEXT,2158,200,20
1760124464411,TEXT,2158,200,20
1760124464411,TEXT,2158,200,20
1760124464411,TEXT,2158,200,20
1760124464411,TEXT,2158,200,20
1760124464411,LEAVE,2158,200,20
1760124464411,TEXT,2158,200,20
1760124464411,TEXT,2158,200,20
1760124464411,TEXT,2158,200,20
1760124464411,TEXT,2158,200,20
1760124464411,LEAVE,2158,200,20
1760124464411,TEXT,2158,200,20
1760124464411,TEXT,2158,200,20
1760124464411,TEXT,2158,200,20
1760124464411,TEXT,2158,200,20
1760124464411,TEXT,2158,200,20
1760124464411,TEXT,2157,200,20
1760124464411,LEAVE,2157,200,20
1760124464402,TEXT,2191,200,5
1760124464402,TEXT,2191,200,5
1760124464402,TEXT,2191,200,5
1760124464402,TEXT,2191,200,5
1760124464402,TEXT,2191,200,5
1760124464402,TEXT,2191,200,5
1760124464402,TEXT,2191,200,5
1760124464402,TEXT,2191,200,5
1760124464402,JOIN,2191,200,5
1760124464402,TEXT,2191,200,5
1760124464402,TEXT,2191,200,5
1760124464402,TEXT,2191,200,5
1760124464402,TEXT,2190,200,5
1760124464402,TEXT,2190,200,5
1760124464402,TEXT,2190,200,5
1760124464402,TEXT,2190,200,5
1760124464403,TEXT,2190,200,5
1760124464403,TEXT,2190,200,5
1760124464403,TEXT,2189,200,5
1760124464403,TEXT,2189,200,5
1760124464403,TEXT,2189,200,5
1760124464403,TEXT,2189,200,5
1760124464403,TEXT,2189,200,5
1760124464403,TEXT,2189,200,5
1760124464404,TEXT,2189,200,5
1760124464404,TEXT,2189,200,5
1760124464404,TEXT,2189,200,5
1760124464404,TEXT,2189,200,5
1760124464404,TEXT,2189,200,5
1760124464404,TEXT,2189,200,5
1760124464404,TEXT,2189,200,5
1760124464404,TEXT,2189,200,5
1760124464404,JOIN,2189,200,5
1760124464404,TEXT,2189,200,5
1760124464404,TEXT,2189,200,5
1760124464404,TEXT,2189,200,5
1760124464404,TEXT,2189,200,5
1760124464404,TEXT,2189,200,5
1760124464404,TEXT,2188,200,5
1760124464404,LEAVE,2188,200,5
1760124464404,TEXT,2188,200,5
1760124464404,TEXT,2188,200,5
1760124464404,LEAVE,2188,200,5
1760124464404,TEXT,2188,200,5
1760124464404,TEXT,2188,200,5
1760124464404,TEXT,2188,200,5
1760124464404,TEXT,2188,200,5
1760124464404,TEXT,2188,200,5
1760124464404,TEXT,2188,200,5
1760124464404,TEXT,2188,200,5
1760124464404,TEXT,2188,200,5
1760124464404,TEXT,2188,200,5
1760124464405,TEXT,2188,200,5
1760124464405,JOIN,2188,200,5
1760124464405,TEXT,2188,200,5
1760124464405,TEXT,2188,200,5
1760124464405,TEXT,2188,200,5
1760124464405,TEXT,2188,200,5
1760124464405,TEXT,2188,200,5
1760124464405,TEXT,2188,200,5
1760124464405,TEXT,2188,200,5
1760124464405,TEXT,2188,200,5
1760124464405,TEXT,2188,200,5
1760124464405,TEXT,2188,200,5
1760124464405,TEXT,2188,200,5
1760124464405,TEXT,2187,200,5
1760124464405,LEAVE,2187,200,5
1760124464405,TEXT,2187,200,5
1760124464405,TEXT,2187,200,5
1760124464405,TEXT,2187,200,5
1760124464406,TEXT,2187,200,5
1760124464406,JOIN,2187,200,5
1760124464406,TEXT,2187,200,5
1760124464406,TEXT,2187,200,5
1760124464406,TEXT,2187,200,5
1760124464409,JOIN,2183,200,5
1760124464409,TEXT,2183,200,5
1760124464410,TEXT,2183,200,5
1760124464410,TEXT,2183,200,5
1760124464410,TEXT,2183,200,5
1760124464410,TEXT,2183,200,5
1760124464410,TEXT,2183,200,5
1760124464410,TEXT,2183,200,5
1760124464410,TEXT,2183,200,5
1760124464410,TEXT,2183,200,5
1760124464410,TEXT,2183,200,5
1760124464410,TEXT,2183,200,5
1760124464410,TEXT,2183,200,5
1760124464410,TEXT,2182,200,5
1760124464410,TEXT,2182,200,5
1760124464411,TEXT,2182,200,5
1760124464411,TEXT,2182,200,5
1760124464411,TEXT,2182,200,5
1760124464411,TEXT,2182,200,5
1760124464411,TEXT,2182,200,5
1760124464411,TEXT,2182,200,5
1760124464411,TEXT,2182,200,5
1760124464411,TEXT,2182,200,5
1760124464411,TEXT,2182,200,5
1760124464606,TEXT,2047,200,8
1760124464606,TEXT,2047,200,8
1760124464606,TEXT,2047,200,8
1760124464606,TEXT,2047,200,8
1760124464606,TEXT,2047,200,8
1760124464607,TEXT,2047,200,8
1760124464607,TEXT,2046,200,8
1760124464607,TEXT,2046,200,8
1760124464607,TEXT,2046,200,8
1760124464607,JOIN,2046,200,8
1760124464607,TEXT,2046,200,8
1760124464614,TEXT,2040,200,8
1760124464614,TEXT,2040,200,8
1760124464614,TEXT,2040,200,8
1760124464614,TEXT,2040,200,8
1760124464614,TEXT,2040,200,8
1760124464614,TEXT,2039,200,8
1760124464614,TEXT,2039,200,8
1760124464614,TEXT,2039,200,8
1760124464614,TEXT,2039,200,8
1760124464614,TEXT,2039,200,8
1760124464614,TEXT,2039,200,8
1760124464614,TEXT,2039,200,8
1760124464614,TEXT,2039,200,8
1760124464614,TEXT,2039,200,8
1760124464614,TEXT,2039,200,8
1760124464614,TEXT,2039,200,8
1760124464614,TEXT,2039,200,8
1760124464614,TEXT,2039,200,8
1760124464614,TEXT,2039,200,8
1760124464614,TEXT,2039,200,8
1760124464614,TEXT,2039,200,8
1760124464614,TEXT,2039,200,8
1760124464614,TEXT,2039,200,8
1760124464614,TEXT,2039,200,8
1760124464614,TEXT,2039,200,8
1760124464614,TEXT,2039,200,8
1760124464614,TEXT,2039,200,8
1760124464614,TEXT,2039,200,8
1760124464614,TEXT,2039,200,8
1760124464614,TEXT,2039,200,8
1760124464614,TEXT,2039,200,8
1760124464614,TEXT,2039,200,8
1760124464614,TEXT,2039,200,8
1760124464614,TEXT,2039,200,8
1760124464615,TEXT,2039,200,8
1760124464615,TEXT,2038,200,8
1760124464615,TEXT,2038,200,8
1760124464615,TEXT,2038,200,8
1760124464615,TEXT,2038,200,8
1760124464616,LEAVE,2038,200,8
1760124464616,JOIN,2038,200,8
1760124464616,TEXT,2038,200,8
1760124464616,TEXT,2038,200,8
1760124464616,TEXT,2038,200,8
1760124464616,TEXT,2038,200,8
1760124464616,TEXT,2038,200,8
1760124464616,TEXT,2038,200,8
1760124464616,TEXT,2038,200,8
1760124464616,TEXT,2038,200,8
1760124464616,TEXT,2038,200,8
1760124464616,JOIN,2038,200,8
1760124464616,TEXT,2038,200,8
1760124464616,TEXT,2038,200,8
1760124464616,TEXT,2037,200,8
1760124464616,TEXT,2037,200,8
1760124464616,TEXT,2038,200,8
1760124464616,TEXT,2037,200,8
1760124464616,TEXT,2037,200,8
1760124464616,TEXT,2037,200,8
1760124464616,TEXT,2037,200,8
1760124464616,TEXT,2037,200,8
1760124464619,LEAVE,2034,200,8
1760124464619,JOIN,2034,200,8
1760124464619,TEXT,2034,200,8
1760124464619,TEXT,2034,200,8
1760124464619,TEXT,2034,200,8
1760124464620,TEXT,2034,200,8
1760124464620,TEXT,2034,200,8
1760124464620,TEXT,2033,200,8
1760124464620,TEXT,2033,200,8
1760124464620,TEXT,2033,200,8
1760124464620,TEXT,2033,200,8
1760124464620,TEXT,2033,200,8
1760124464621,TEXT,2033,200,8
1760124464606,TEXT,2048,200,13
1760124464606,TEXT,2048,200,13
1760124464606,TEXT,2048,200,13
1760124464606,TEXT,2048,200,13
1760124464606,JOIN,2048,200,13
1760124464606,TEXT,2048,200,13
1760124464607,TEXT,2048,200,13
1760124464607,LEAVE,2048,200,13
1760124464607,TEXT,2048,200,13
1760124464607,TEXT,2048,200,13
1760124464607,TEXT,2048,200,13
1760124464607,TEXT,2048,200,13
1760124464607,TEXT,2048,200,13
1760124464607,TEXT,2048,200,13
1760124464614,TEXT,2041,200,13
1760124464614,TEXT,2041,200,13
1760124464614,TEXT,2041,200,13
1760124464614,TEXT,2041,200,13
1760124464614,TEXT,2041,200,13
1760124464614,TEXT,2041,200,13
1760124464614,TEXT,2041,200,13
1760124464614,TEXT,2041,200,13
1760124464614,LEAVE,2041,200,13
1760124464614,TEXT,2041,200,13
1760124464614,TEXT,2041,200,13
1760124464614,TEXT,2041,200,13
1760124464614,TEXT,2041,200,13
1760124464614,TEXT,2041,200,13
1760124464614,JOIN,2041,200,13
1760124464614,TEXT,2041,200,13
1760124464614,TEXT,2041,200,13
1760124464614,TEXT,2041,200,13
1760124464614,TEXT,2041,200,13
1760124464614,TEXT,2041,200,13
1760124464614,TEXT,2041,200,13
1760124464614,TEXT,2041,200,13
1760124464614,TEXT,2041,200,13
1760124464614,TEXT,2041,200,13
1760124464614,TEXT,2041,200,13
1760124464614,TEXT,2041,200,13
1760124464614,TEXT,2041,200,13
1760124464614,JOIN,2041,200,13
1760124464614,TEXT,2041,200,13
1760124464614,TEXT,2041,200,13
1760124464614,JOIN,2041,200,13
1760124464614,TEXT,2041,200,13
1760124464614,TEXT,2041,200,13
1760124464614,TEXT,2040,200,13
1760124464614,TEXT,2040,200,13
1760124464614,LEAVE,2040,200,13
1760124464614,TEXT,2040,200,13
1760124464615,TEXT,2040,200,13
1760124464615,TEXT,2039,200,13
1760124464615,TEXT,2039,200,13
1760124464615,TEXT,2039,200,13
1760124464616,TEXT,2039,200,13
1760124464616,TEXT,2039,200,13
1760124464616,TEXT,2039,200,13
1760124464616,TEXT,2039,200,13
1760124464616,TEXT,2039,200,13
1760124464616,TEXT,2039,200,13
1760124464616,TEXT,2039,200,13
1760124464616,TEXT,2039,200,13
1760124464616,TEXT,2039,200,13
1760124464616,TEXT,2039,200,13
1760124464616,TEXT,2039,200,13
1760124464616,TEXT,2039,200,13
1760124464616,TEXT,2039,200,13
1760124464616,TEXT,2039,200,13
1760124464616,TEXT,2039,200,13
1760124464616,TEXT,2039,200,13
1760124464616,LEAVE,2039,200,13
1760124464616,TEXT,2039,200,13
1760124464616,TEXT,2039,200,13
1760124464616,TEXT,2039,200,13
1760124464616,TEXT,2039,200,13
1760124464616,TEXT,2039,200,13
1760124464619,TEXT,2036,200,13
1760124464619,TEXT,2036,200,13
1760124464619,TEXT,2036,200,13
1760124464619,JOIN,2036,200,13
1760124464619,TEXT,2035,200,13
1760124464620,JOIN,2035,200,13
1760124464620,TEXT,2035,200,13
1760124464620,TEXT,2035,200,13
1760124464620,TEXT,2035,200,13
1760124464620,TEXT,2035,200,13
1760124464620,TEXT,2035,200,13
1760124464621,TEXT,2034,200,13
1760124464621,TEXT,2034,200,13
1760124464621,JOIN,2034,200,13
1760124464621,JOIN,2034,200,13
1760124464621,TEXT,2034,200,13
1760124464606,TEXT,2051,200,3
1760124464606,TEXT,2051,200,3
1760124464606,TEXT,2051,200,3
1760124464606,TEXT,2051,200,3
1760124464606,TEXT,2051,200,3
1760124464606,TEXT,2051,200,3
1760124464606,TEXT,2051,200,3
1760124464607,TEXT,2051,200,3
1760124464607,TEXT,2051,200,3
1760124464607,TEXT,2051,200,3
1760124464607,TEXT,2051,200,3
1760124464607,TEXT,2051,200,3
1760124464607,TEXT,2051,200,3
1760124464607,TEXT,2051,200,3
1760124464607,TEXT,2051,200,3
1760124464614,TEXT,2044,200,3
1760124464614,TEXT,2044,200,3
1760124464614,TEXT,2044,200,3
1760124464614,TEXT,2044,200,3
1760124464614,TEXT,2044,200,3
1760124464614,JOIN,2044,200,3
1760124464614,TEXT,2044,200,3
1760124464614,TEXT,2044,200,3
1760124464614,TEXT,2044,200,3
1760124464614,JOIN,2044,200,3
1760124464614,TEXT,2044,200,3
1760124464614,TEXT,2044,200,3
1760124464614,TEXT,2044,200,3
1760124464614,TEXT,2044,200,3
1760124464614,TEXT,2044,200,3
1760124464614,TEXT,2044,200,3
1760124464614,TEXT,2044,200,3
1760124464614,TEXT,2044,200,3
1760124464614,TEXT,2044,200,3
1760124464614,TEXT,2044,200,3
1760124464614,TEXT,2044,200,3
1760124464614,TEXT,2044,200,3
1760124464614,TEXT,2044,200,3
1760124464614,TEXT,2044,200,3
1760124464614,TEXT,2044,200,3
1760124464614,TEXT,2044,200,3
1760124464614,TEXT,2043,200,3
1760124464614,TEXT,2043,200,3
1760124464614,LEAVE,2043,200,3
1760124464615,TEXT,2043,200,3
1760124464615,TEXT,2043,200,3
1760124464615,TEXT,2043,200,3
1760124464615,TEXT,2043,200,3
1760124464615,TEXT,2043,200,3
1760124464615,TEXT,2043,200,3
1760124464615,TEXT,2043,200,3
1760124464615,TEXT,2043,200,3
1760124464615,TEXT,2043,200,3
1760124464615,TEXT,2043,200,3
1760124464615,TEXT,2043,200,3
1760124464615,TEXT,2042,200,3
1760124464615,TEXT,2042,200,3
1760124464615,TEXT,2042,200,3
1760124464615,TEXT,2042,200,3
1760124464615,TEXT,2042,200,3
1760124464616,TEXT,2042,200,3
1760124464616,TEXT,2042,200,3
1760124464616,TEXT,2042,200,3
1760124464616,TEXT,2042,200,3
1760124464616,TEXT,2042,200,3
1760124464616,LEAVE,2042,200,3
1760124464616,TEXT,2042,200,3
1760124464616,TEXT,2042,200,3
1760124464616,LEAVE,2042,200,3
1760124464616,TEXT,2042,200,3
1760124464616,TEXT,2042,200,3
1760124464616,JOIN,2042,200,3
1760124464616,TEXT,2042,200,3
1760124464616,TEXT,2042,200,3
1760124464616,TEXT,2042,200,3
1760124464616,TEXT,2042,200,3
1760124464616,TEXT,2042,200,3
1760124464616,TEXT,2042,200,3
1760124464616,JOIN,2042,200,3
1760124464616,TEXT,2042,200,3
1760124464616,TEXT,2042,200,3
1760124464616,LEAVE,2042,200,3
1760124464616,TEXT,2042,200,3
1760124464616,TEXT,2042,200,3
1760124464616,TEXT,2042,200,3
1760124464619,TEXT,2039,200,3
1760124464619,TEXT,2039,200,3
1760124464619,JOIN,2039,200,3
1760124464619,TEXT,2039,200,3
1760124464620,TEXT,2038,200,3
1760124464620,TEXT,2038,200,3
1760124464620,TEXT,2038,200,3
1760124464620,TEXT,2038,200,3
1760124464620,TEXT,2038,200,3
1760124464620,TEXT,2038,200,3
1760124464606,TEXT,2054,200,18
1760124464606,TEXT,2054,200,18
1760124464606,TEXT,2054,200,18
1760124464606,JOIN,2054,200,18
1760124464606,TEXT,2054,200,18
1760124464606,TEXT,2054,200,18
1760124464607,LEAVE,2054,200,18
1760124464607,TEXT,2054,200,18
1760124464607,TEXT,2054,200,18
1760124464607,TEXT,2053,200,18
1760124464607,TEXT,2053,200,18
1760124464607,TEXT,2053,200,18
1760124464614,TEXT,2047,200,18
1760124464614,TEXT,2047,200,18
1760124464614,TEXT,2047,200,18
1760124464614,TEXT,2047,200,18
1760124464614,TEXT,2047,200,18
1760124464614,TEXT,2047,200,18
1760124464614,TEXT,2047,200,18
1760124464614,TEXT,2047,200,18
1760124464614,TEXT,2047,200,18
1760124464614,TEXT,2047,200,18
1760124464614,JOIN,2047,200,18
1760124464614,TEXT,2047,200,18
1760124464614,TEXT,2047,200,18
1760124464614,TEXT,2047,200,18
1760124464614,TEXT,2047,200,18
1760124464614,TEXT,2047,200,18
1760124464614,TEXT,2047,200,18
1760124464614,TEXT,2047,200,18
1760124464614,TEXT,2047,200,18
1760124464614,TEXT,2047,200,18
1760124464614,JOIN,2047,200,18
1760124464614,TEXT,2047,200,18
1760124464614,TEXT,2047,200,18
1760124464614,TEXT,2047,200,18
1760124464614,LEAVE,2047,200,18
1760124464614,TEXT,2046,200,18
1760124464614,TEXT,2046,200,18
1760124464614,JOIN,2046,200,18
1760124464614,TEXT,2046,200,18
1760124464614,TEXT,2046,200,18
1760124464614,TEXT,2046,200,18
1760124464614,TEXT,2046,200,18
1760124464614,TEXT,2046,200,18
1760124464614,TEXT,2046,200,18
1760124464614,TEXT,2046,200,18
1760124464614,TEXT,2046,200,18
1760124464614,TEXT,2046,200,18
1760124464614,TEXT,2046,200,18
1760124464615,TEXT,2046,200,18
1760124464615,TEXT,2046,200,18
1760124464615,JOIN,2045,200,18
1760124464615,TEXT,2045,200,18
1760124464615,TEXT,2045,200,18
1760124464615,JOIN,2045,200,18
1760124464615,TEXT,2045,200,18
1760124464615,TEXT,2045,200,18
1760124464615,TEXT,2045,200,18
1760124464615,TEXT,2045,200,18
1760124464616,TEXT,2045,200,18
1760124464616,LEAVE,2045,200,18
1760124464616,TEXT,2045,200,18
1760124464616,JOIN,2045,200,18
1760124464616,TEXT,2045,200,18
1760124464616,JOIN,2045,200,18
1760124464616,TEXT,2045,200,18
1760124464616,TEXT,2045,200,18
1760124464616,TEXT,2045,200,18
1760124464616,TEXT,2045,200,18
1760124464616,TEXT,2045,200,18
1760124464616,TEXT,2045,200,18
1760124464616,TEXT,2045,200,18
1760124464616,TEXT,2045,200,18
1760124464616,LEAVE,2045,200,18
1760124464616,TEXT,2045,200,18
1760124464616,TEXT,2045,200,18
1760124464616,TEXT,2045,200,18
1760124464616,TEXT,2045,200,18
1760124464616,TEXT,2045,200,18
1760124464616,TEXT,2045,200,18
1760124464616,TEXT,2045,200,18
1760124464616,TEXT,2044,200,18
1760124464616,TEXT,2044,200,18
1760124464619,TEXT,2041,200,18
1760124464619,TEXT,2041,200,18
1760124464619,TEXT,2041,200,18
1760124464619,TEXT,2041,200,18
1760124464619,TEXT,2041,200,18
1760124464619,TEXT,2041,200,18
1760124464619,LEAVE,2041,200,18
1760124464619,TEXT,2041,200,18
1760124464620,TEXT,2041,200,18
1760124464620,TEXT,2041,200,18
1760124464620,TEXT,2041,200,18
1760124464620,TEXT,2041,200,18
1760124464620,TEXT,2041,200,18
1760124464620,TEXT,2041,200,18
1760124464620,TEXT,2041,200,18
1760124464620,TEXT,2041,200,18
1760124464620,TEXT,2041,200,18
1760124464620,JOIN,2041,200,18
1760124464620,TEXT,2041,200,18
1760124464620,JOIN,2040,200,18
1760124464620,TEXT,2040,200,18
1760124464620,TEXT,2040,200,18
1760124464621,TEXT,2040,200,18
1760124464606,LEAVE,2056,200,11
1760124464606,TEXT,2056,200,11
1760124464606,TEXT,2056,200,11
1760124464606,TEXT,2056,200,11
1760124464606,TEXT,2056,200,11
1760124464606,TEXT,2056,200,11
1760124464606,TEXT,2056,200,11
1760124464607,TEXT,2056,200,11
1760124464607,TEXT,2056,200,11
1760124464607,TEXT,2056,200,11
1760124464607,TEXT,2055,200,11
1760124464607,TEXT,2055,200,11
1760124464607,TEXT,2055,200,11
1760124464607,TEXT,2055,200,11
1760124464607,TEXT,2055,200,11
1760124464614,TEXT,2049,200,11
1760124464614,TEXT,2049,200,11
1760124464614,TEXT,2049,200,11
1760124464614,TEXT,2049,200,11
1760124464614,TEXT,2049,200,11
1760124464614,TEXT,2049,200,11
1760124464614,LEAVE,2049,200,11
1760124464614,TEXT,2049,200,11
1760124464614,TEXT,2048,200,11
1760124464614,TEXT,2048,200,11
1760124464614,TEXT,2048,200,11
1760124464614,TEXT,2048,200,11
1760124464614,TEXT,2048,200,11
1760124464614,TEXT,2048,200,11
1760124464614,TEXT,2048,200,11
1760124464614,TEXT,2048,200,11
1760124464614,TEXT,2048,200,11
1760124464614,TEXT,2048,200,11
1760124464614,TEXT,2048,200,11
1760124464614,TEXT,2048,200,11
1760124464614,JOIN,2048,200,11
1760124464614,TEXT,2048,200,11
1760124464614,TEXT,2048,200,11
1760124464614,TEXT,2048,200,11
1760124464615,TEXT,2047,200,11
1760124464615,TEXT,2047,200,11
1760124464615,TEXT,2047,200,11
1760124464615,TEXT,2047,200,11
1760124464615,TEXT,2047,200,11
1760124464615,TEXT,2047,200,11
1760124464616,TEXT,2047,200,11
1760124464616,TEXT,2047,200,11
1760124464616,JOIN,2047,200,11
1760124464616,JOIN,2047,200,11
1760124464616,TEXT,2047,200,11
1760124464616,TEXT,2047,200,11
1760124464616,TEXT,2047,200,11
1760124464616,TEXT,2047,200,11
1760124464616,LEAVE,2047,200,11
1760124464616,TEXT,2047,200,11
1760124464616,TEXT,2047,200,11
1760124464616,TEXT,2046,200,11
1760124464616,TEXT,2046,200,11
1760124464616,TEXT,2046,200,11
1760124464616,TEXT,2046,200,11
1760124464616,TEXT,2046,200,11
1760124464616,TEXT,2046,200,11
1760124464616,TEXT,2046,200,11
1760124464616,TEXT,2046,200,11
1760124464619,TEXT,2043,200,11
1760124464619,TEXT,2043,200,11
1760124464619,TEXT,2043,200,11
1760124464619,TEXT,2043,200,11
1760124464619,TEXT,2043,200,11
1760124464619,TEXT,2043,200,11
1760124464619,TEXT,2043,200,11
1760124464620,TEXT,2043,200,11
1760124464620,TEXT,2043,200,11
1760124464620,TEXT,2043,200,11
1760124464620,LEAVE,2043,200,11
1760124464620,TEXT,2043,200,11
1760124464620,TEXT,2043,200,11
1760124464620,TEXT,2043,200,11
1760124464620,TEXT,2043,200,11
1760124464620,TEXT,2043,200,11
1760124464620,TEXT,2042,200,11
1760124464620,TEXT,2042,200,11
1760124464621,TEXT,2042,200,11
1760124464621,TEXT,2042,200,11
1760124464621,TEXT,2042,200,11
1760124464621,TEXT,2042,200,11
1760124464621,TEXT,2042,200,11
1760124464621,TEXT,2042,200,11
1760124464621,TEXT,2042,200,11
1760124464621,TEXT,2042,200,11
1760124464621,TEXT,2042,200,11
1760124464621,TEXT,2041,200,11
1760124464621,TEXT,2041,200,11
1760124464621,TEXT,2041,200,11
1760124464622,TEXT,2041,200,11
1760124464606,TEXT,2066,200,16
1760124464606,TEXT,2066,200,16
1760124464606,TEXT,2066,200,16
1760124464606,TEXT,2066,200,16
1760124464606,TEXT,2066,200,16
1760124464606,TEXT,2066,200,16
1760124464606,TEXT,2066,200,16
1760124464607,TEXT,2066,200,16
1760124464607,TEXT,2065,200,16
1760124464607,TEXT,2065,200,16
1760124464607,TEXT,2065,200,16
1760124464607,TEXT,2065,200,16
1760124464607,TEXT,2065,200,16
1760124464614,TEXT,2059,200,16
1760124464614,TEXT,2059,200,16
1760124464614,TEXT,2059,200,16
1760124464614,TEXT,2059,200,16
1760124464614,TEXT,2059,200,16
1760124464614,TEXT,2059,200,16
1760124464614,TEXT,2059,200,16
1760124464614,TEXT,2059,200,16
1760124464614,TEXT,2059,200,16
1760124464614,TEXT,2059,200,16
1760124464614,TEXT,2058,200,16
1760124464614,TEXT,2058,200,16
1760124464614,TEXT,2058,200,16
1760124464614,TEXT,2058,200,16
1760124464614,TEXT,2058,200,16
1760124464614,TEXT,2058,200,16
1760124464614,TEXT,2058,200,16
1760124464614,TEXT,2058,200,16
1760124464614,TEXT,2058,200,16
1760124464614,JOIN,2058,200,16
1760124464614,JOIN,2058,200,16
1760124464614,TEXT,2058,200,16
1760124464614,LEAVE,2058,200,16
1760124464614,TEXT,2058,200,16
1760124464614,TEXT,2058,200,16
1760124464614,TEXT,2058,200,16
1760124464614,TEXT,2058,200,16
1760124464614,TEXT,2058,200,16
1760124464614,TEXT,2058,200,16
1760124464614,TEXT,2058,200,16
1760124464614,TEXT,2058,200,16
1760124464614,TEXT,2058,200,16
1760124464614,TEXT,2058,200,16
1760124464614,TEXT,2058,200,16
1760124464615,TEXT,2058,200,16
1760124464615,TEXT,2057,200,16
1760124464615,TEXT,2057,200,16
1760124464615,TEXT,2057,200,16
1760124464615,TEXT,2057,200,16
1760124464615,TEXT,2057,200,16
1760124464615,TEXT,2057,200,16
1760124464616,TEXT,2057,200,16
1760124464616,JOIN,2057,200,16
1760124464616,TEXT,2057,200,16
1760124464616,TEXT,2057,200,16
1760124464616,TEXT,2057,200,16
1760124464616,TEXT,2057,200,16
1760124464616,TEXT,2057,200,16
1760124464616,TEXT,2057,200,16
1760124464616,TEXT,2057,200,16
1760124464616,TEXT,2057,200,16
1760124464616,JOIN,2057,200,16
1760124464616,TEXT,2057,200,16
1760124464616,TEXT,2057,200,16
1760124464616,TEXT,2057,200,16
1760124464616,TEXT,2057,200,16
1760124464616,TEXT,2057,200,16
1760124464616,TEXT,2057,200,16
1760124464616,JOIN,2057,200,16
1760124464616,TEXT,2057,200,16
1760124464616,TEXT,2057,200,16
1760124464616,TEXT,2056,200,16
1760124464616,TEXT,2056,200,16
1760124464616,TEXT,2056,200,16
1760124464616,JOIN,2056,200,16
1760124464616,JOIN,2056,200,16
1760124464620,TEXT,2053,200,16
1760124464620,JOIN,2053,200,16
1760124464620,TEXT,2053,200,16
1760124464620,LEAVE,2052,200,16
1760124464620,LEAVE,2052,200,16
1760124464621,TEXT,2052,200,16
1760124464621,TEXT,2052,200,16
1760124464621,TEXT,2052,200,16
1760124464621,JOIN,2052,200,16
1760124464621,TEXT,2052,200,16
1760124464621,LEAVE,2052,200,16
1760124464621,TEXT,2051,200,16
1760124464621,TEXT,2051,200,16
1760124464621,TEXT,2051,200,16
1760124464621,TEXT,2051,200,16
1760124464622,TEXT,2051,200,16
1760124464622,TEXT,2051,200,16
1760124464622,TEXT,2051,200,16
1760124464622,TEXT,2051,200,16
1760124464622,TEXT,2051,200,16
1760124464622,TEXT,2051,200,16
1760124464606,TEXT,2093,200,12
1760124464606,TEXT,2093,200,12
1760124464606,TEXT,2093,200,12
1760124464606,JOIN,2093,200,12
1760124464606,TEXT,2093,200,12
1760124464606,TEXT,2093,200,12
1760124464606,TEXT,2093,200,12
1760124464606,TEXT,2093,200,12
1760124464606,TEXT,2093,200,12
1760124464606,TEXT,2093,200,12
1760124464606,TEXT,2093,200,12
1760124464606,TEXT,2093,200,12
1760124464607,TEXT,2093,200,12
1760124464607,TEXT,2093,200,12
1760124464607,TEXT,2093,200,12
1760124464607,JOIN,2093,200,12
1760124464607,JOIN,2093,200,12
1760124464607,TEXT,2093,200,12
1760124464607,TEXT,2093,200,12
1760124464614,TEXT,2086,200,12
1760124464614,LEAVE,2086,200,12
1760124464614,JOIN,2086,200,12
1760124464614,TEXT,2086,200,12
1760124464614,TEXT,2086,200,12
1760124464614,TEXT,2086,200,12
1760124464614,TEXT,2086,200,12
1760124464614,TEXT,2086,200,12
1760124464614,TEXT,2086,200,12
1760124464614,LEAVE,2086,200,12
1760124464614,TEXT,2086,200,12
1760124464614,JOIN,2086,200,12
1760124464614,TEXT,2086,200,12
1760124464614,TEXT,2086,200,12
1760124464614,TEXT,2086,200,12
1760124464614,JOIN,2086,200,12
1760124464614,TEXT,2086,200,12
1760124464614,TEXT,2086,200,12
1760124464614,JOIN,2086,200,12
1760124464614,TEXT,2086,200,12
1760124464614,TEXT,2086,200,12
1760124464614,LEAVE,2086,200,12
1760124464614,TEXT,2086,200,12
1760124464614,LEAVE,2086,200,12
1760124464614,TEXT,2086,200,12
1760124464614,TEXT,2086,200,12
1760124464614,LEAVE,2086,200,12
1760124464614,TEXT,2086,200,12
1760124464614,TEXT,2086,200,12
1760124464614,TEXT,2086,200,12
1760124464614,TEXT,2086,200,12
1760124464614,TEXT,2086,200,12
1760124464614,TEXT,2086,200,12
1760124464614,TEXT,2086,200,12
1760124464614,TEXT,2086,200,12
1760124464614,TEXT,2086,200,12
1760124464614,TEXT,2086,200,12
1760124464614,TEXT,2086,200,12
1760124464615,TEXT,2085,200,12
1760124464615,TEXT,2085,200,12
1760124464615,LEAVE,2085,200,12
1760124464615,TEXT,2084,200,12
1760124464615,TEXT,2084,200,12
1760124464616,TEXT,2084,200,12
1760124464616,TEXT,2084,200,12
1760124464616,TEXT,2084,200,12
1760124464616,JOIN,2084,200,12
1760124464616,TEXT,2084,200,12
1760124464616,TEXT,2084,200,12
1760124464616,TEXT,2084,200,12
1760124464616,TEXT,2084,200,12
1760124464616,TEXT,2084,200,12
1760124464616,TEXT,2084,200,12
1760124464616,TEXT,2084,200,12
1760124464616,TEXT,2084,200,12
1760124464616,TEXT,2084,200,12
1760124464616,TEXT,2084,200,12
1760124464616,TEXT,2084,200,12
1760124464616,JOIN,2084,200,12
1760124464616,TEXT,2084,200,12
1760124464616,TEXT,2084,200,12
1760124464616,JOIN,2084,200,12
1760124464619,TEXT,2081,200,12
1760124464620,TEXT,2080,200,12
1760124464620,TEXT,2080,200,12
1760124464620,TEXT,2080,200,12
1760124464620,LEAVE,2080,200,12
1760124464620,TEXT,2080,200,12
1760124464620,TEXT,2080,200,12
1760124464620,LEAVE,2080,200,12
1760124464620,TEXT,2080,200,12
1760124464621,TEXT,2079,200,12
1760124464621,TEXT,2079,200,12
1760124464621,TEXT,2079,200,12
1760124464621,TEXT,2079,200,12
1760124464621,TEXT,2079,200,12
1760124464606,LEAVE,2138,200,14
1760124464606,TEXT,2138,200,14
1760124464607,TEXT,2138,200,14
1760124464607,TEXT,2138,200,14
1760124464607,TEXT,2138,200,14
1760124464607,TEXT,2138,200,14
1760124464607,LEAVE,2138,200,14
1760124464614,TEXT,2131,200,14
1760124464614,TEXT,2131,200,14
1760124464614,JOIN,2131,200,14
1760124464614,TEXT,2131,200,14
1760124464614,TEXT,2131,200,14
1760124464614,TEXT,2131,200,14
1760124464614,TEXT,2131,200,14
1760124464614,TEXT,2131,200,14
1760124464614,TEXT,2131,200,14
1760124464614,TEXT,2131,200,14
1760124464614,LEAVE,2131,200,14
1760124464614,TEXT,2131,200,14
1760124464614,TEXT,2131,200,14
1760124464614,TEXT,2131,200,14
1760124464614,TEXT,2131,200,14
1760124464614,TEXT,2131,200,14
1760124464614,TEXT,2131,200,14
1760124464614,TEXT,2131,200,14
1760124464614,TEXT,2131,200,14
1760124464614,TEXT,2131,200,14
1760124464614,TEXT,2131,200,14
1760124464614,TEXT,2131,200,14
1760124464614,TEXT,2131,200,14
1760124464614,TEXT,2131,200,14
1760124464614,TEXT,2131,200,14
1760124464614,TEXT,2131,200,14
1760124464614,JOIN,2131,200,14
1760124464614,TEXT,2131,200,14
1760124464614,TEXT,2131,200,14
1760124464614,TEXT,2130,200,14
1760124464615,TEXT,2130,200,14
1760124464615,TEXT,2130,200,14
1760124464615,TEXT,2130,200,14
1760124464615,TEXT,2129,200,14
1760124464615,TEXT,2129,200,14
1760124464615,TEXT,2129,200,14
1760124464615,TEXT,2129,200,14
1760124464615,TEXT,2129,200,14
1760124464616,TEXT,2129,200,14
1760124464616,TEXT,2129,200,14
1760124464616,TEXT,2129,200,14
1760124464616,TEXT,2129,200,14
1760124464616,TEXT,2129,200,14
1760124464616,TEXT,2129,200,14
1760124464616,LEAVE,2129,200,14
1760124464616,TEXT,2129,200,14
1760124464616,TEXT,2129,200,14
1760124464616,TEXT,2129,200,14
1760124464616,TEXT,2129,200,14
1760124464606,TEXT,2139,200,17
1760124464616,TEXT,2129,200,14
1760124464616,TEXT,2129,200,14
1760124464616,LEAVE,2129,200,14
1760124464606,TEXT,2139,200,17
1760124464606,TEXT,2139,200,17
1760124464606,TEXT,2139,200,17
1760124464606,LEAVE,2139,200,17
1760124464606,JOIN,2139,200,17
1760124464606,TEXT,2139,200,17
1760124464606,TEXT,2139,200,17
1760124464607,TEXT,2138,200,17
1760124464607,TEXT,2138,200,17
1760124464607,TEXT,2138,200,17
1760124464614,TEXT,2131,200,17
1760124464614,TEXT,2131,200,17
1760124464614,TEXT,2131,200,17
1760124464614,TEXT,2131,200,17
1760124464614,TEXT,2131,200,17
1760124464614,TEXT,2131,200,17
1760124464614,TEXT,2131,200,17
1760124464614,TEXT,2131,200,17
1760124464614,TEXT,2131,200,17
1760124464614,TEXT,2131,200,17
1760124464614,TEXT,2131,200,17
1760124464614,TEXT,2131,200,17
1760124464614,TEXT,2131,200,17
1760124464614,TEXT,2131,200,17
1760124464614,TEXT,2131,200,17
1760124464614,TEXT,2131,200,17
1760124464614,TEXT,2131,200,17
1760124464614,TEXT,2131,200,17
1760124464614,TEXT,2131,200,17
1760124464614,LEAVE,2131,200,17
1760124464614,JOIN,2131,200,17
1760124464614,TEXT,2131,200,17
1760124464614,TEXT,2131,200,17
1760124464614,TEXT,2131,200,17
1760124464614,TEXT,2131,200,17
1760124464614,TEXT,2131,200,17
1760124464614,TEXT,2131,200,17
1760124464614,TEXT,2131,200,17
1760124464614,LEAVE,2131,200,17
1760124464614,TEXT,2131,200,17
1760124464614,TEXT,2131,200,17
1760124464615,JOIN,2131,200,17
1760124464615,TEXT,2131,200,17
1760124464615,TEXT,2130,200,17
1760124464615,TEXT,2130,200,17
1760124464615,TEXT,2130,200,17
1760124464615,TEXT,2130,200,17
1760124464615,TEXT,2130,200,17
1760124464616,TEXT,2130,200,17
1760124464616,TEXT,2130,200,17
1760124464616,TEXT,2130,200,17
1760124464616,TEXT,2129,200,17
1760124464616,TEXT,2129,200,17
1760124464616,TEXT,2129,200,17
1760124464616,TEXT,2129,200,17
1760124464616,TEXT,2129,200,17
1760124464616,TEXT,2129,200,17
1760124464616,TEXT,2129,200,17
1760124464616,TEXT,2129,200,17
1760124464616,TEXT,2129,200,17
1760124464616,TEXT,2129,200,17
1760124464616,JOIN,2129,200,17
1760124464616,TEXT,2129,200,17
1760124464616,TEXT,2129,200,17
1760124464616,TEXT,2129,200,17
1760124464616,TEXT,2129,200,17
1760124464616,JOIN,2129,200,17
1760124464616,TEXT,2129,200,17
1760124464616,TEXT,2129,200,17
1760124464619,JOIN,2126,200,17
1760124464619,TEXT,2126,200,17
1760124464619,TEXT,2126,200,17
1760124464620,TEXT,2126,200,17
1760124464620,TEXT,2125,200,17
1760124464620,TEXT,2125,200,17
1760124464620,TEXT,2125,200,17
1760124464620,TEXT,2125,200,17
1760124464620,TEXT,2125,200,17
1760124464620,LEAVE,2125,200,17
1760124464620,JOIN,2125,200,17
1760124464620,TEXT,2125,200,17
1760124464620,TEXT,2125,200,17
1760124464620,TEXT,2125,200,17
1760124464620,TEXT,2125,200,17
1760124464620,TEXT,2125,200,17
1760124464620,LEAVE,2125,200,17
1760124464620,TEXT,2125,200,17
1760124464620,JOIN,2125,200,17
1760124464620,TEXT,2125,200,17
1760124464620,LEAVE,2125,200,17
1760124464620,TEXT,2125,200,17
1760124464621,TEXT,2125,200,17
1760124464621,TEXT,2125,200,17
1760124464621,TEXT,2125,200,17
1760124464621,TEXT,2125,200,17
1760124464621,TEXT,2125,200,17
1760124464606,TEXT,2157,200,19
1760124464606,TEXT,2157,200,19
1760124464606,JOIN,2156,200,19
1760124464606,TEXT,2156,200,19
1760124464606,TEXT,2156,200,19
1760124464607,TEXT,2156,200,19
1760124464607,TEXT,2156,200,19
1760124464607,TEXT,2156,200,19
1760124464607,TEXT,2156,200,19
1760124464607,TEXT,2156,200,19
1760124464607,TEXT,2156,200,19
1760124464614,TEXT,2149,200,19
1760124464614,TEXT,2149,200,19
1760124464614,TEXT,2149,200,19
1760124464614,TEXT,2149,200,19
1760124464614,TEXT,2149,200,19
1760124464614,TEXT,2149,200,19
1760124464614,JOIN,2149,200,19
1760124464614,TEXT,2149,200,19
1760124464614,LEAVE,2149,200,19
1760124464614,JOIN,2149,200,19
1760124464614,LEAVE,2149,200,19
1760124464614,JOIN,2149,200,19
1760124464614,TEXT,2149,200,19
1760124464614,TEXT,2149,200,19
1760124464614,TEXT,2149,200,19
1760124464614,TEXT,2149,200,19
1760124464614,TEXT,2149,200,19
1760124464614,LEAVE,2149,200,19
1760124464614,TEXT,2149,200,19
1760124464614,TEXT,2149,200,19
1760124464614,TEXT,2149,200,19
1760124464614,TEXT,2149,200,19
1760124464614,TEXT,2149,200,19
1760124464614,TEXT,2149,200,19
1760124464614,TEXT,2149,200,19
1760124464614,TEXT,2149,200,19
1760124464614,TEXT,2149,200,19
1760124464614,TEXT,2149,200,19
1760124464614,TEXT,2148,200,19
1760124464615,TEXT,2148,200,19
1760124464615,JOIN,2148,200,19
1760124464615,TEXT,2148,200,19
1760124464615,TEXT,2147,200,19
1760124464615,TEXT,2147,200,19
1760124464616,TEXT,2147,200,19
1760124464616,TEXT,2147,200,19
1760124464616,TEXT,2147,200,19
1760124464616,TEXT,2147,200,19
1760124464616,TEXT,2147,200,19
1760124464616,TEXT,2147,200,19
1760124464616,TEXT,2147,200,19
1760124464616,TEXT,2147,200,19
1760124464616,TEXT,2147,200,19
1760124464616,TEXT,2147,200,19
1760124464616,TEXT,2147,200,19
1760124464616,TEXT,2147,200,19
1760124464616,TEXT,2147,200,19
1760124464616,TEXT,2147,200,19
1760124464616,LEAVE,2147,200,19
1760124464616,TEXT,2147,200,19
1760124464616,TEXT,2147,200,19
1760124464619,TEXT,2144,200,19
1760124464619,TEXT,2144,200,19
1760124464619,TEXT,2144,200,19
1760124464619,TEXT,2144,200,19
1760124464620,TEXT,2144,200,19
1760124464620,TEXT,2144,200,19
1760124464620,TEXT,2143,200,19
1760124464620,TEXT,2143,200,19
1760124464620,TEXT,2143,200,19
1760124464620,TEXT,2143,200,19
1760124464620,TEXT,2143,200,19
1760124464620,LEAVE,2143,200,19
1760124464620,TEXT,2143,200,19
1760124464621,TEXT,2142,200,19
1760124464621,TEXT,2142,200,19
1760124464621,TEXT,2142,200,19
1760124464621,TEXT,2142,200,19
1760124464621,TEXT,2142,200,19
1760124464621,TEXT,2142,200,19
1760124464621,TEXT,2142,200,19
1760124464621,JOIN,2142,200,19
1760124464621,JOIN,2142,200,19
1760124464621,JOIN,2142,200,19
1760124464621,TEXT,2142,200,19
1760124464621,TEXT,2142,200,19
1760124464621,TEXT,2142,200,19
1760124464621,TEXT,2142,200,19
1760124464622,TEXT,2142,200,19
1760124464622,TEXT,2142,200,19
1760124464622,TEXT,2142,200,19
1760124464622,JOIN,2142,200,19
1760124464622,TEXT,2142,200,19
1760124464622,TEXT,2141,200,19
1760124464622,TEXT,2141,200,19
1760124464622,TEXT,2141,200,19
1760124464623,JOIN,2140,200,19
1760124464624,TEXT,2140,200,19
1760124464624,TEXT,2140,200,19
1760124464624,TEXT,2140,200,19
1760124464807,LEAVE,2008,200,9
1760124464807,TEXT,2007,200,9
1760124464807,TEXT,2007,200,9
1760124464807,JOIN,2007,200,9
1760124464807,LEAVE,2007,200,9
1760124464807,TEXT,2007,200,9
1760124464807,TEXT,2007,200,9
1760124464807,TEXT,2007,200,9
1760124464807,TEXT,2007,200,9
1760124464807,TEXT,2007,200,9
1760124464807,TEXT,2007,200,9
1760124464807,TEXT,2007,200,9
1760124464807,TEXT,2007,200,9
1760124464808,TEXT,2007,200,9
1760124464809,TEXT,2006,200,9
1760124464809,TEXT,2005,200,9
1760124464809,TEXT,2005,200,9
1760124464809,TEXT,2005,200,9
1760124464810,TEXT,2005,200,9
1760124464815,TEXT,2000,200,9
1760124464816,TEXT,1999,200,9
1760124464816,TEXT,1999,200,9
1760124464816,TEXT,1999,200,9
1760124464816,LEAVE,1999,200,9
1760124464816,TEXT,1999,200,9
1760124464816,TEXT,1999,200,9
1760124464816,TEXT,1999,200,9
1760124464816,TEXT,1999,200,9
1760124464816,TEXT,1999,200,9
1760124464816,TEXT,1999,200,9
1760124464816,TEXT,1999,200,9
1760124464816,TEXT,1999,200,9
1760124464816,TEXT,1999,200,9
1760124464816,TEXT,1999,200,9
1760124464816,TEXT,1999,200,9
1760124464821,TEXT,1993,200,9
1760124464823,TEXT,1992,200,9
1760124464823,TEXT,1992,200,9
1760124464823,TEXT,1992,200,9
1760124464823,TEXT,1992,200,9
1760124464823,TEXT,1992,200,9
1760124464823,TEXT,1992,200,9
1760124464823,TEXT,1992,200,9
1760124464823,TEXT,1992,200,9
1760124464823,TEXT,1992,200,9
1760124464824,TEXT,1991,200,9
1760124464824,TEXT,1991,200,9
1760124464824,TEXT,1991,200,9
1760124464824,TEXT,1991,200,9
1760124464824,TEXT,1991,200,9
1760124464824,TEXT,1991,200,9
1760124464824,JOIN,1991,200,9
1760124464824,TEXT,1990,200,9
1760124464825,TEXT,1990,200,9
1760124464825,TEXT,1990,200,9
1760124464825,TEXT,1990,200,9
1760124464825,TEXT,1990,200,9
1760124464825,TEXT,1990,200,9
1760124464825,TEXT,1990,200,9
1760124464825,TEXT,1989,200,9
1760124464829,JOIN,1986,200,9
1760124464829,TEXT,1986,200,9
1760124464829,TEXT,1985,200,9
1760124464830,TEXT,1985,200,9
1760124464830,JOIN,1985,200,9
1760124464830,JOIN,1985,200,9
1760124464830,TEXT,1985,200,9
1760124464830,TEXT,1985,200,9
1760124464830,TEXT,1985,200,9
1760124464830,TEXT,1984,200,9
1760124464830,TEXT,1984,200,9
1760124464830,TEXT,1984,200,9
1760124464830,TEXT,1984,200,9
1760124464831,TEXT,1984,200,9
1760124464831,TEXT,1984,200,9
1760124464831,TEXT,1984,200,9
1760124464831,TEXT,1984,200,9
1760124464831,TEXT,1984,200,9
1760124464831,TEXT,1984,200,9
1760124464831,TEXT,1983,200,9
1760124464832,TEXT,1983,200,9
1760124464832,TEXT,1983,200,9
1760124464832,TEXT,1983,200,9
1760124464832,TEXT,1983,200,9
1760124464832,TEXT,1983,200,9
1760124464832,TEXT,1983,200,9
1760124464832,TEXT,1983,200,9
1760124464832,TEXT,1983,200,9
1760124464833,TEXT,1982,200,9
1760124464807,TEXT,2012,200,4
1760124464807,TEXT,2012,200,4
1760124464807,TEXT,2012,200,4
1760124464807,TEXT,2012,200,4
1760124464807,TEXT,2012,200,4
1760124464807,TEXT,2012,200,4
1760124464807,TEXT,2012,200,4
1760124464807,LEAVE,2012,200,4
1760124464807,TEXT,2012,200,4
1760124464807,TEXT,2012,200,4
1760124464807,LEAVE,2012,200,4
1760124464807,TEXT,2012,200,4
1760124464807,TEXT,2012,200,4
1760124464808,TEXT,2011,200,4
1760124464808,TEXT,2011,200,4
1760124464808,TEXT,2011,200,4
1760124464808,TEXT,2011,200,4
1760124464809,TEXT,2011,200,4
1760124464809,TEXT,2011,200,4
1760124464809,TEXT,2011,200,4
1760124464809,LEAVE,2011,200,4
1760124464809,JOIN,2011,200,4
1760124464809,LEAVE,2010,200,4
1760124464810,TEXT,2010,200,4
1760124464811,TEXT,2008,200,4
1760124464811,TEXT,2008,200,4
1760124464815,JOIN,2004,200,4
1760124464815,TEXT,2004,200,4
1760124464815,TEXT,2004,200,4
1760124464815,TEXT,2004,200,4
1760124464815,TEXT,2004,200,4
1760124464815,TEXT,2004,200,4
1760124464815,TEXT,2004,200,4
1760124464815,JOIN,2004,200,4
1760124464816,TEXT,2004,200,4
1760124464816,TEXT,2004,200,4
1760124464816,TEXT,2004,200,4
1760124464816,TEXT,2004,200,4
1760124464816,TEXT,2004,200,4
1760124464816,TEXT,2004,200,4
1760124464816,TEXT,2004,200,4
1760124464816,TEXT,2004,200,4
1760124464816,TEXT,2004,200,4
1760124464816,TEXT,2004,200,4
1760124464816,TEXT,2004,200,4
1760124464816,TEXT,2004,200,4
1760124464816,TEXT,2004,200,4
1760124464816,LEAVE,2004,200,4
1760124464816,TEXT,2003,200,4
1760124464816,TEXT,2003,200,4
1760124464816,TEXT,2003,200,4
1760124464816,TEXT,2003,200,4
1760124464816,LEAVE,2003,200,4
1760124464816,TEXT,2003,200,4
1760124464816,TEXT,2003,200,4
1760124464816,TEXT,2003,200,4
1760124464822,TEXT,1997,200,4
1760124464822,TEXT,1997,200,4
1760124464822,TEXT,1997,200,4
1760124464823,TEXT,1997,200,4
1760124464823,TEXT,1996,200,4
1760124464823,TEXT,1996,200,4
1760124464823,TEXT,1996,200,4
1760124464823,TEXT,1996,200,4
1760124464823,TEXT,1996,200,4
1760124464823,TEXT,1996,200,4
1760124464823,TEXT,1996,200,4
1760124464824,LEAVE,1996,200,4
1760124464824,LEAVE,1996,200,4
1760124464824,TEXT,1995,200,4
1760124464824,TEXT,1995,200,4
1760124464824,TEXT,1995,200,4
1760124464824,LEAVE,1995,200,4
1760124464825,TEXT,1995,200,4
1760124464825,TEXT,1995,200,4
1760124464825,TEXT,1994,200,4
1760124464825,TEXT,1994,200,4
1760124464825,TEXT,1994,200,4
1760124464829,TEXT,1991,200,4
1760124464829,TEXT,1991,200,4
1760124464829,TEXT,1991,200,4
1760124464829,TEXT,1991,200,4
1760124464829,LEAVE,1990,200,4
1760124464829,TEXT,1990,200,4
1760124464829,JOIN,1990,200,4
1760124464829,TEXT,1990,200,4
1760124464830,LEAVE,1990,200,4
1760124464830,TEXT,1990,200,4
1760124464830,TEXT,1990,200,4
1760124464830,TEXT,1989,200,4
1760124464830,TEXT,1989,200,4
1760124464830,LEAVE,1989,200,4
1760124464830,TEXT,1989,200,4
1760124464831,JOIN,1989,200,4
1760124464831,TEXT,1989,200,4
1760124464831,TEXT,1989,200,4
1760124464831,TEXT,1989,200,4
1760124464831,JOIN,1988,200,4
1760124464831,TEXT,1988,200,4
1760124464831,TEXT,1988,200,4
1760124464831,TEXT,1988,200,4
1760124464831,TEXT,1988,200,4
1760124464831,TEXT,1988,200,4
1760124464831,TEXT,1988,200,4
1760124464832,TEXT,1988,200,4
1760124464832,TEXT,1988,200,4
1760124464832,TEXT,1987,200,4
1760124464833,TEXT,1987,200,4
1760124464833,TEXT,1987,200,4
1760124464833,LEAVE,1987,200,4
1760124464833,TEXT,1987,200,4
1760124464833,TEXT,1987,200,4
1760124464833,TEXT,1987,200,4
1760124464833,TEXT,1986,200,4
1760124464834,TEXT,1985,200,4
1760124464834,TEXT,1985,200,4
1760124464834,TEXT,1985,200,4
1760124464834,TEXT,1985,200,4
1760124464834,TEXT,1985,200,4
1760124464834,TEXT,1985,200,4
1760124464834,TEXT,1985,200,4
1760124464834,TEXT,1985,200,4
1760124464834,TEXT,1985,200,4
1760124464834,TEXT,1985,200,4
1760124464834,TEXT,1985,200,4
1760124464834,JOIN,1985,200,4
1760124464834,TEXT,1985,200,4
1760124464835,TEXT,1984,200,4
1760124464835,TEXT,1984,200,4
1760124464836,TEXT,1984,200,4
1760124464836,TEXT,1984,200,4
1760124464836,TEXT,1984,200,4
1760124464836,TEXT,1983,200,4
1760124464836,TEXT,1983,200,4
1760124464837,TEXT,1983,200,4
1760124464837,TEXT,1983,200,4
1760124464837,TEXT,1983,200,4
1760124464837,JOIN,1983,200,4
1760124464837,TEXT,1983,200,4
1760124464837,TEXT,1983,200,4
1760124464837,TEXT,1982,200,4
1760124464838,TEXT,1982,200,4
1760124464838,TEXT,1982,200,4
1760124464838,TEXT,1982,200,4
1760124464838,TEXT,1982,200,4
1760124464838,TEXT,1982,200,4
1760124464838,JOIN,1982,200,4
1760124464838,TEXT,1982,200,4
1760124464839,TEXT,1981,200,4
1760124464839,TEXT,1981,200,4
1760124464839,TEXT,1981,200,4
1760124464839,TEXT,1981,200,4
1760124464839,TEXT,1980,200,4
1760124464840,TEXT,1980,200,4
1760124464840,TEXT,1979,200,4
1760124464841,TEXT,1979,200,4
1760124464841,TEXT,1979,200,4
1760124464841,TEXT,1979,200,4
1760124464841,TEXT,1979,200,4
1760124464841,TEXT,1979,200,4
1760124464841,TEXT,1979,200,4
1760124464842,TEXT,1978,200,4
1760124464842,TEXT,1978,200,4
1760124464842,TEXT,1978,200,4
1760124464844,TEXT,1976,200,4
1760124464844,TEXT,1976,200,4
1760124464844,TEXT,1976,200,4
1760124464844,TEXT,1976,200,4
1760124464844,TEXT,1976,200,4
1760124464845,LEAVE,1975,200,4
1760124464845,TEXT,1975,200,4
1760124464845,TEXT,1975,200,4
1760124464845,TEXT,1975,200,4
1760124464845,TEXT,1974,200,4
1760124464846,TEXT,1974,200,4
1760124464846,TEXT,1974,200,4
1760124464846,TEXT,1974,200,4
1760124464846,TEXT,1974,200,4
1760124464846,TEXT,1974,200,4
1760124464847,JOIN,1973,200,4
1760124464847,TEXT,1973,200,4
1760124464848,LEAVE,1972,200,4
1760124464807,TEXT,2043,200,10
1760124464807,TEXT,2042,200,10
1760124464807,TEXT,2042,200,10
1760124464807,TEXT,2042,200,10
1760124464807,TEXT,2042,200,10
1760124464807,TEXT,2042,200,10
1760124464807,TEXT,2042,200,10
1760124464807,TEXT,2042,200,10
1760124464807,TEXT,2042,200,10
1760124464807,TEXT,2042,200,10
1760124464807,TEXT,2042,200,10
1760124464807,LEAVE,2042,200,10
1760124464807,JOIN,2042,200,10
1760124464807,TEXT,2042,200,10
1760124464807,TEXT,2042,200,10
1760124464807,TEXT,2042,200,10
1760124464807,TEXT,2042,200,10
1760124464807,TEXT,2042,200,10
1760124464807,TEXT,2042,200,10
1760124464808,TEXT,2041,200,10
1760124464808,TEXT,2041,200,10
1760124464808,TEXT,2041,200,10
1760124464809,TEXT,2041,200,10
1760124464809,TEXT,2041,200,10
1760124464809,TEXT,2041,200,10
1760124464809,TEXT,2041,200,10
1760124464809,TEXT,2041,200,10
1760124464809,TEXT,2040,200,10
1760124464809,TEXT,2040,200,10
1760124464809,TEXT,2040,200,10
1760124464809,TEXT,2040,200,10
1760124464809,TEXT,2040,200,10
1760124464809,TEXT,2040,200,10
1760124464809,TEXT,2040,200,10
1760124464811,TEXT,2038,200,10
1760124464815,TEXT,2034,200,10
1760124464815,TEXT,2034,200,10
1760124464815,TEXT,2034,200,10
1760124464815,TEXT,2034,200,10
1760124464815,TEXT,2034,200,10
1760124464816,TEXT,2034,200,10
1760124464816,TEXT,2034,200,10
1760124464816,TEXT,2034,200,10
1760124464816,JOIN,2034,200,10
1760124464816,TEXT,2034,200,10
1760124464816,TEXT,2034,200,10
1760124464816,TEXT,2034,200,10
1760124464816,TEXT,2034,200,10
1760124464816,TEXT,2034,200,10
1760124464816,TEXT,2033,200,10
1760124464816,TEXT,2033,200,10
1760124464816,TEXT,2033,200,10
1760124464816,TEXT,2033,200,10
1760124464816,TEXT,2033,200,10
1760124464816,TEXT,2033,200,10
1760124464816,TEXT,2033,200,10
1760124464821,TEXT,2028,200,10
1760124464822,LEAVE,2027,200,10
1760124464822,TEXT,2027,200,10
1760124464823,TEXT,2026,200,10
1760124464824,TEXT,2026,200,10
1760124464824,TEXT,2025,200,10
1760124464824,TEXT,2025,200,10
1760124464825,TEXT,2025,200,10
1760124464825,TEXT,2024,200,10
1760124464825,TEXT,2024,200,10
1760124464825,TEXT,2024,200,10
1760124464825,TEXT,2024,200,10
1760124464825,TEXT,2024,200,10
1760124464825,TEXT,2024,200,10
1760124464829,TEXT,2020,200,10
1760124464829,TEXT,2020,200,10
1760124464829,TEXT,2020,200,10
1760124464830,TEXT,2020,200,10
1760124464830,TEXT,2020,200,10
1760124464830,TEXT,2020,200,10
1760124464830,TEXT,2020,200,10
1760124464830,TEXT,2019,200,10
1760124464830,TEXT,2019,200,10
1760124464830,TEXT,2019,200,10
1760124464830,TEXT,2019,200,10
1760124464830,LEAVE,2019,200,10
1760124464830,TEXT,2019,200,10
1760124464830,JOIN,2019,200,10
1760124464830,TEXT,2019,200,10
1760124464830,TEXT,2019,200,10
1760124464830,TEXT,2019,200,10
1760124464830,TEXT,2019,200,10
1760124464831,TEXT,2019,200,10
1760124464831,TEXT,2019,200,10
1760124464831,TEXT,2019,200,10
1760124464831,TEXT,2019,200,10
1760124464831,TEXT,2018,200,10
1760124464831,TEXT,2018,200,10
1760124464831,TEXT,2018,200,10
1760124464831,TEXT,2018,200,10
1760124464831,TEXT,2018,200,10
1760124464831,TEXT,2018,200,10
1760124464807,TEXT,2045,200,6
1760124464807,TEXT,2045,200,6
1760124464807,TEXT,2045,200,6
1760124464807,TEXT,2045,200,6
1760124464807,TEXT,2045,200,6
1760124464807,TEXT,2044,200,6
1760124464807,TEXT,2044,200,6
1760124464807,TEXT,2044,200,6
1760124464807,TEXT,2044,200,6
1760124464807,TEXT,2044,200,6
1760124464807,TEXT,2044,200,6
1760124464807,TEXT,2044,200,6
1760124464808,JOIN,2044,200,6
1760124464808,JOIN,2044,200,6
1760124464809,TEXT,2043,200,6
1760124464809,TEXT,2043,200,6
1760124464809,TEXT,2043,200,6
1760124464809,TEXT,2043,200,6
1760124464809,TEXT,2043,200,6
1760124464809,TEXT,2043,200,6
1760124464809,TEXT,2043,200,6
1760124464809,TEXT,2043,200,6
1760124464809,TEXT,2043,200,6
1760124464811,TEXT,2041,200,6
1760124464811,TEXT,2041,200,6
1760124464811,TEXT,2041,200,6
1760124464815,TEXT,2037,200,6
1760124464815,TEXT,2037,200,6
1760124464815,JOIN,2037,200,6
1760124464815,TEXT,2037,200,6
1760124464815,TEXT,2037,200,6
1760124464815,TEXT,2037,200,6
1760124464815,TEXT,2037,200,6
1760124464815,LEAVE,2037,200,6
1760124464815,TEXT,2037,200,6
1760124464815,TEXT,2037,200,6
1760124464815,TEXT,2037,200,6
1760124464816,TEXT,2037,200,6
1760124464816,TEXT,2036,200,6
1760124464816,TEXT,2036,200,6
1760124464816,TEXT,2036,200,6
1760124464816,TEXT,2036,200,6
1760124464816,JOIN,2036,200,6
1760124464816,TEXT,2036,200,6
1760124464816,LEAVE,2036,200,6
1760124464816,TEXT,2036,200,6
1760124464816,TEXT,2036,200,6
1760124464816,TEXT,2036,200,6
1760124464816,TEXT,2036,200,6
1760124464816,TEXT,2036,200,6
1760124464816,TEXT,2036,200,6
1760124464816,TEXT,2036,200,6
1760124464816,TEXT,2036,200,6
1760124464816,TEXT,2036,200,6
1760124464816,TEXT,2036,200,6
1760124464816,TEXT,2036,200,6
1760124464816,TEXT,2036,200,6
1760124464816,TEXT,2036,200,6
1760124464816,TEXT,2036,200,6
1760124464822,TEXT,2030,200,6
1760124464823,TEXT,2030,200,6
1760124464823,TEXT,2029,200,6
1760124464823,TEXT,2029,200,6
1760124464823,TEXT,2029,200,6
1760124464823,TEXT,2029,200,6
1760124464824,TEXT,2028,200,6
1760124464824,LEAVE,2028,200,6
1760124464824,TEXT,2028,200,6
1760124464824,TEXT,2028,200,6
1760124464824,TEXT,2028,200,6
1760124464825,TEXT,2028,200,6
1760124464825,LEAVE,2028,200,6
1760124464825,TEXT,2027,200,6
1760124464825,JOIN,2027,200,6
1760124464825,TEXT,2027,200,6
1760124464825,TEXT,2027,200,6
1760124464825,TEXT,2027,200,6
1760124464825,TEXT,2027,200,6
1760124464825,TEXT,2027,200,6
1760124464829,TEXT,2024,200,6
1760124464829,TEXT,2023,200,6
1760124464829,LEAVE,2023,200,6
1760124464829,TEXT,2023,200,6
1760124464830,TEXT,2023,200,6
1760124464830,TEXT,2022,200,6
1760124464830,TEXT,2022,200,6
1760124464830,TEXT,2022,200,6
1760124464830,TEXT,2022,200,6
1760124464830,TEXT,2022,200,6
1760124464830,TEXT,2022,200,6
1760124464830,LEAVE,2022,200,6
1760124464830,TEXT,2022,200,6
1760124464830,TEXT,2022,200,6
1760124464831,TEXT,2022,200,6
1760124464831,TEXT,2021,200,6
1760124464831,TEXT,2021,200,6
1760124464831,TEXT,2021,200,6
1760124464831,TEXT,2021,200,6
1760124464831,TEXT,2021,200,6
1760124464831,TEXT,2021,200,6
1760124464831,TEXT,2021,200,6
1760124464831,TEXT,2021,200,6
1760124464832,TEXT,2021,200,6
1760124464832,JOIN,2021,200,6
1760124464832,TEXT,2021,200,6
1760124464832,TEXT,2021,200,6
1760124464833,TEXT,2019,200,6
1760124464833,TEXT,2019,200,6
1760124464833,TEXT,2019,200,6
1760124464833,TEXT,2019,200,6
1760124464834,TEXT,2019,200,6
1760124464834,TEXT,2018,200,6
1760124464834,TEXT,2018,200,6
1760124464834,TEXT,2018,200,6
1760124464834,TEXT,2018,200,6
1760124464834,TEXT,2018,200,6
1760124464834,TEXT,2018,200,6
1760124464834,TEXT,2018,200,6
1760124464834,TEXT,2018,200,6
1760124464834,TEXT,2018,200,6
1760124464834,TEXT,2018,200,6
1760124464834,TEXT,2018,200,6
1760124464834,TEXT,2018,200,6
1760124464834,TEXT,2018,200,6
1760124464834,TEXT,2018,200,6
1760124464834,JOIN,2018,200,6
1760124464834,TEXT,2018,200,6
1760124464835,TEXT,2017,200,6
1760124464836,TEXT,2017,200,6
1760124464836,TEXT,2017,200,6
1760124464836,TEXT,2016,200,6
1760124464837,TEXT,2016,200,6
1760124464837,TEXT,2016,200,6
1760124464837,TEXT,2016,200,6
1760124464837,TEXT,2016,200,6
1760124464837,TEXT,2016,200,6
1760124464837,TEXT,2015,200,6
1760124464837,TEXT,2015,200,6
1760124464837,TEXT,2015,200,6
1760124464837,TEXT,2015,200,6
1760124464837,LEAVE,2015,200,6
1760124464838,TEXT,2015,200,6
1760124464839,TEXT,2014,200,6
1760124464839,TEXT,2014,200,6
1760124464839,TEXT,2013,200,6
1760124464840,TEXT,2013,200,6
1760124464840,TEXT,2013,200,6
1760124464840,TEXT,2013,200,6
1760124464840,TEXT,2013,200,6
1760124464841,TEXT,2012,200,6
1760124464841,TEXT,2012,200,6
1760124464841,TEXT,2012,200,6
1760124464841,TEXT,2012,200,6
1760124464841,TEXT,2012,200,6
1760124464841,TEXT,2012,200,6
1760124464841,TEXT,2012,200,6
1760124464841,TEXT,2012,200,6
1760124464841,TEXT,2011,200,6
1760124464841,TEXT,2011,200,6
1760124464841,TEXT,2011,200,6
1760124464842,TEXT,2011,200,6
1760124464842,TEXT,2011,200,6
1760124464844,TEXT,2009,200,6
1760124464844,TEXT,2009,200,6
1760124464844,TEXT,2009,200,6
1760124464844,TEXT,2009,200,6
1760124464844,TEXT,2009,200,6
1760124464844,TEXT,2009,200,6
1760124464844,TEXT,2008,200,6
1760124464845,TEXT,2008,200,6
1760124464845,JOIN,2008,200,6
1760124464845,TEXT,2008,200,6
1760124464845,TEXT,2008,200,6
1760124464845,TEXT,2008,200,6
1760124464845,TEXT,2008,200,6
1760124464807,TEXT,2050,200,2
1760124464807,TEXT,2049,200,2
1760124464807,TEXT,2049,200,2
1760124464807,TEXT,2049,200,2
1760124464807,TEXT,2049,200,2
1760124464807,TEXT,2049,200,2
1760124464808,TEXT,2049,200,2
1760124464808,TEXT,2048,200,2
1760124464808,TEXT,2048,200,2
1760124464808,TEXT,2048,200,2
1760124464809,TEXT,2048,200,2
1760124464809,TEXT,2048,200,2
1760124464810,TEXT,2047,200,2
1760124464810,LEAVE,2047,200,2
1760124464811,TEXT,2046,200,2
1760124464815,TEXT,2042,200,2
1760124464815,TEXT,2042,200,2
1760124464815,TEXT,2042,200,2
1760124464815,TEXT,2042,200,2
1760124464815,TEXT,2042,200,2
1760124464815,TEXT,2042,200,2
1760124464815,TEXT,2042,200,2
1760124464815,TEXT,2041,200,2
1760124464815,TEXT,2041,200,2
1760124464816,TEXT,2041,200,2
1760124464816,TEXT,2041,200,2
1760124464816,TEXT,2041,200,2
1760124464816,TEXT,2041,200,2
1760124464816,LEAVE,2041,200,2
1760124464816,LEAVE,2041,200,2
1760124464816,JOIN,2041,200,2
1760124464816,TEXT,2041,200,2
1760124464816,LEAVE,2041,200,2
1760124464816,TEXT,2041,200,2
1760124464816,JOIN,2041,200,2
1760124464816,TEXT,2041,200,2
1760124464816,TEXT,2041,200,2
1760124464816,TEXT,2041,200,2
1760124464816,TEXT,2041,200,2
1760124464816,TEXT,2041,200,2
1760124464816,TEXT,2041,200,2
1760124464816,TEXT,2041,200,2
1760124464816,TEXT,2041,200,2
1760124464821,TEXT,2036,200,2
1760124464822,LEAVE,2035,200,2
1760124464822,TEXT,2035,200,2
1760124464823,TEXT,2034,200,2
1760124464823,TEXT,2034,200,2
1760124464823,LEAVE,2034,200,2
1760124464823,TEXT,2034,200,2
1760124464824,TEXT,2033,200,2
1760124464824,TEXT,2033,200,2
1760124464824,TEXT,2033,200,2
1760124464824,TEXT,2033,200,2
1760124464824,TEXT,2033,200,2
1760124464825,TEXT,2032,200,2
1760124464825,TEXT,2032,200,2
1760124464825,TEXT,2032,200,2
1760124464825,TEXT,2032,200,2
1760124464825,TEXT,2032,200,2
1760124464825,TEXT,2031,200,2
1760124464829,TEXT,2028,200,2
1760124464829,TEXT,2028,200,2
1760124464829,TEXT,2028,200,2
1760124464829,TEXT,2028,200,2
1760124464829,TEXT,2027,200,2
1760124464830,TEXT,2027,200,2
1760124464830,TEXT,2027,200,2
1760124464830,LEAVE,2027,200,2
1760124464830,JOIN,2027,200,2
1760124464830,TEXT,2027,200,2
1760124464830,TEXT,2027,200,2
1760124464830,TEXT,2027,200,2
1760124464830,TEXT,2027,200,2
1760124464831,TEXT,2026,200,2
1760124464831,TEXT,2026,200,2
1760124464831,TEXT,2026,200,2
1760124464831,TEXT,2026,200,2
1760124464831,TEXT,2026,200,2
1760124464831,TEXT,2026,200,2
1760124464831,TEXT,2026,200,2
1760124464832,TEXT,2025,200,2
1760124464832,TEXT,2025,200,2
1760124464832,TEXT,2025,200,2
1760124464832,TEXT,2025,200,2
1760124464832,TEXT,2025,200,2
1760124464832,TEXT,2025,200,2
1760124464832,TEXT,2025,200,2
1760124464807,TEXT,2051,200,7
1760124464807,TEXT,2051,200,7
1760124464807,TEXT,2051,200,7
1760124464807,TEXT,2051,200,7
1760124464807,TEXT,2050,200,7
1760124464807,TEXT,2050,200,7
1760124464807,TEXT,2050,200,7
1760124464807,TEXT,2050,200,7
1760124464807,TEXT,2050,200,7
1760124464807,TEXT,2050,200,7
1760124464807,TEXT,2050,200,7
1760124464807,TEXT,2050,200,7
1760124464807,TEXT,2050,200,7
1760124464807,JOIN,2050,200,7
1760124464809,TEXT,2049,200,7
1760124464809,TEXT,2049,200,7
1760124464811,TEXT,2047,200,7
1760124464815,TEXT,2043,200,7
1760124464815,TEXT,2043,200,7
1760124464815,TEXT,2043,200,7
1760124464815,TEXT,2043,200,7
1760124464815,LEAVE,2042,200,7
1760124464815,TEXT,2042,200,7
1760124464816,TEXT,2042,200,7
1760124464816,TEXT,2042,200,7
1760124464816,LEAVE,2042,200,7
1760124464816,TEXT,2042,200,7
1760124464816,TEXT,2042,200,7
1760124464816,TEXT,2042,200,7
1760124464816,TEXT,2042,200,7
1760124464816,TEXT,2042,200,7
1760124464816,TEXT,2042,200,7
1760124464816,TEXT,2042,200,7
1760124464816,TEXT,2042,200,7
1760124464816,TEXT,2042,200,7
1760124464816,TEXT,2042,200,7
1760124464816,TEXT,2042,200,7
1760124464816,TEXT,2042,200,7
1760124464816,LEAVE,2042,200,7
1760124464822,TEXT,2036,200,7
1760124464823,TEXT,2035,200,7
1760124464823,TEXT,2035,200,7
1760124464823,TEXT,2035,200,7
1760124464823,TEXT,2035,200,7
1760124464824,LEAVE,2034,200,7
1760124464824,TEXT,2034,200,7
1760124464824,JOIN,2034,200,7
1760124464824,TEXT,2034,200,7
1760124464824,TEXT,2034,200,7
1760124464824,TEXT,2034,200,7
1760124464824,TEXT,2034,200,7
1760124464825,TEXT,2033,200,7
1760124464825,TEXT,2033,200,7
1760124464825,TEXT,2033,200,7
1760124464825,TEXT,2033,200,7
1760124464825,TEXT,2033,200,7
1760124464825,TEXT,2033,200,7
1760124464825,TEXT,2033,200,7
1760124464825,TEXT,2033,200,7
1760124464825,LEAVE,2032,200,7
1760124464825,TEXT,2032,200,7
1760124464825,TEXT,2032,200,7
1760124464829,TEXT,2029,200,7
1760124464829,LEAVE,2029,200,7
1760124464829,TEXT,2029,200,7
1760124464829,TEXT,2029,200,7
1760124464829,TEXT,2029,200,7
1760124464829,TEXT,2028,200,7
1760124464830,TEXT,2028,200,7
1760124464830,TEXT,2028,200,7
1760124464830,TEXT,2028,200,7
1760124464830,TEXT,2027,200,7
1760124464831,TEXT,2027,200,7
1760124464831,TEXT,2027,200,7
1760124464831,TEXT,2027,200,7
1760124464831,TEXT,2027,200,7
1760124464831,TEXT,2027,200,7
1760124464832,TEXT,2026,200,7
1760124464832,TEXT,2026,200,7
1760124464832,TEXT,2026,200,7
1760124464832,TEXT,2026,200,7
1760124464833,TEXT,2025,200,7
1760124464833,TEXT,2025,200,7
1760124464834,TEXT,2024,200,7
1760124464834,TEXT,2024,200,7
1760124464834,TEXT,2024,200,7
1760124464834,TEXT,2024,200,7
1760124464834,TEXT,2024,200,7
1760124464834,TEXT,2024,200,7
1760124464834,TEXT,2024,200,7
1760124464834,LEAVE,2024,200,7
1760124464834,JOIN,2024,200,7
1760124464834,TEXT,2024,200,7
1760124464834,TEXT,2024,200,7
1760124464834,TEXT,2024,200,7
1760124464807,TEXT,2070,200,15
1760124464807,TEXT,2070,200,15
1760124464807,TEXT,2070,200,15
1760124464807,TEXT,2070,200,15
1760124464807,TEXT,2070,200,15
1760124464807,TEXT,2070,200,15
1760124464807,TEXT,2070,200,15
1760124464807,TEXT,2070,200,15
1760124464807,LEAVE,2070,200,15
1760124464807,TEXT,2070,200,15
1760124464807,TEXT,2070,200,15
1760124464807,TEXT,2070,200,15
1760124464809,TEXT,2068,200,15
1760124464809,TEXT,2068,200,15
1760124464811,TEXT,2066,200,15
1760124464811,TEXT,2066,200,15
1760124464815,TEXT,2062,200,15
1760124464815,TEXT,2062,200,15
1760124464815,TEXT,2062,200,15
1760124464815,TEXT,2062,200,15
1760124464815,TEXT,2062,200,15
1760124464815,TEXT,2062,200,15
1760124464815,TEXT,2062,200,15
1760124464815,TEXT,2062,200,15
1760124464815,TEXT,2062,200,15
1760124464815,TEXT,2062,200,15
1760124464815,TEXT,2062,200,15
1760124464815,TEXT,2062,200,15
1760124464815,TEXT,2062,200,15
1760124464815,JOIN,2062,200,15
1760124464816,TEXT,2062,200,15
1760124464816,TEXT,2062,200,15
1760124464816,TEXT,2061,200,15
1760124464816,TEXT,2061,200,15
1760124464816,TEXT,2061,200,15
1760124464816,TEXT,2061,200,15
1760124464816,TEXT,2061,200,15
1760124464816,JOIN,2061,200,15
1760124464816,TEXT,2061,200,15
1760124464816,TEXT,2061,200,15
1760124464816,TEXT,2061,200,15
1760124464816,TEXT,2061,200,15
1760124464816,TEXT,2061,200,15
1760124464816,TEXT,2061,200,15
1760124464816,TEXT,2061,200,15
1760124464816,TEXT,2061,200,15
1760124464816,TEXT,2061,200,15
1760124464816,TEXT,2061,200,15
1760124464817,LEAVE,2060,200,15
1760124464822,TEXT,2056,200,15
1760124464822,TEXT,2055,200,15
1760124464822,TEXT,2055,200,15
1760124464822,TEXT,2055,200,15
1760124464823,TEXT,2054,200,15
1760124464823,TEXT,2054,200,15
1760124464823,TEXT,2054,200,15
1760124464823,TEXT,2054,200,15
1760124464823,TEXT,2054,200,15
1760124464823,JOIN,2054,200,15
1760124464824,JOIN,2053,200,15
1760124464824,TEXT,2053,200,15
1760124464824,TEXT,2053,200,15
1760124464824,TEXT,2053,200,15
1760124464824,TEXT,2053,200,15
1760124464825,TEXT,2052,200,15
1760124464825,LEAVE,2052,200,15
1760124464825,TEXT,2052,200,15
1760124464825,TEXT,2052,200,15
1760124464825,TEXT,2052,200,15
1760124464829,TEXT,2048,200,15
1760124464829,TEXT,2048,200,15
1760124464829,TEXT,2048,200,15
1760124464829,TEXT,2048,200,15
1760124464830,TEXT,2048,200,15
1760124464830,TEXT,2047,200,15
1760124464830,LEAVE,2047,200,15
1760124464830,TEXT,2047,200,15
1760124464830,TEXT,2047,200,15
1760124464830,TEXT,2047,200,15
1760124464830,TEXT,2047,200,15
1760124464830,TEXT,2047,200,15
1760124464830,TEXT,2047,200,15
1760124464830,TEXT,2047,200,15
1760124464830,TEXT,2047,200,15
1760124464830,TEXT,2047,200,15
1760124464831,TEXT,2047,200,15
1760124464831,LEAVE,2047,200,15
1760124464831,TEXT,2047,200,15
1760124464831,TEXT,2047,200,15
1760124464831,TEXT,2047,200,15
1760124464831,TEXT,2047,200,15
1760124464831,JOIN,2047,200,15
1760124464831,TEXT,2047,200,15
1760124464831,TEXT,2046,200,15
1760124464831,JOIN,2046,200,15
1760124464807,TEXT,2109,200,20
1760124464807,TEXT,2109,200,20
1760124464807,TEXT,2109,200,20
1760124464807,TEXT,2109,200,20
1760124464807,TEXT,2109,200,20
1760124464807,TEXT,2109,200,20
1760124464807,TEXT,2109,200,20
1760124464807,TEXT,2109,200,20
1760124464807,TEXT,2109,200,20
1760124464807,TEXT,2109,200,20
1760124464807,TEXT,2109,200,20
1760124464808,TEXT,2108,200,20
1760124464809,TEXT,2108,200,20
1760124464809,JOIN,2108,200,20
1760124464809,TEXT,2108,200,20
1760124464809,LEAVE,2107,200,20
1760124464809,TEXT,2107,200,20
1760124464809,LEAVE,2107,200,20
1760124464809,TEXT,2107,200,20
1760124464811,TEXT,2105,200,20
1760124464811,LEAVE,2105,200,20
1760124464815,TEXT,2101,200,20
1760124464815,TEXT,2101,200,20
1760124464815,TEXT,2101,200,20
1760124464815,TEXT,2101,200,20
1760124464815,TEXT,2101,200,20
1760124464815,TEXT,2101,200,20
1760124464815,TEXT,2101,200,20
1760124464815,TEXT,2101,200,20
1760124464815,LEAVE,2101,200,20
1760124464816,TEXT,2101,200,20
1760124464816,TEXT,2101,200,20
1760124464816,TEXT,2101,200,20
1760124464816,JOIN,2101,200,20
1760124464816,LEAVE,2101,200,20
1760124464816,TEXT,2101,200,20
1760124464816,TEXT,2101,200,20
1760124464816,TEXT,2101,200,20
1760124464816,TEXT,2100,200,20
1760124464816,TEXT,2100,200,20
1760124464816,TEXT,2100,200,20
1760124464816,TEXT,2100,200,20
1760124464816,TEXT,2100,200,20
1760124464816,TEXT,2100,200,20
1760124464816,TEXT,2100,200,20
1760124464816,TEXT,2100,200,20
1760124464817,TEXT,2099,200,20
1760124464821,TEXT,2095,200,20
1760124464822,TEXT,2095,200,20
1760124464822,TEXT,2095,200,20
1760124464822,TEXT,2095,200,20
1760124464823,LEAVE,2095,200,20
1760124464823,JOIN,2094,200,20
1760124464823,TEXT,2094,200,20
1760124464823,TEXT,2094,200,20
1760124464823,JOIN,2094,200,20
1760124464823,TEXT,2094,200,20
1760124464824,TEXT,2094,200,20
1760124464824,TEXT,2093,200,20
1760124464824,LEAVE,2093,200,20
1760124464824,TEXT,2093,200,20
1760124464825,TEXT,2093,200,20
1760124464825,TEXT,2093,200,20
1760124464825,TEXT,2093,200,20
1760124464825,TEXT,2092,200,20
1760124464825,TEXT,2092,200,20
1760124464825,JOIN,2092,200,20
1760124464825,TEXT,2092,200,20
1760124464825,TEXT,2092,200,20
1760124464829,TEXT,2088,200,20
1760124464829,TEXT,2088,200,20
1760124464829,LEAVE,2088,200,20
1760124464829,TEXT,2088,200,20
1760124464829,TEXT,2088,200,20
1760124464829,TEXT,2088,200,20
1760124464829,TEXT,2088,200,20
1760124464830,TEXT,2087,200,20
1760124464830,TEXT,2087,200,20
1760124464830,TEXT,2087,200,20
1760124464830,TEXT,2087,200,20
1760124464830,TEXT,2087,200,20
1760124464830,TEXT,2087,200,20
1760124464830,TEXT,2087,200,20
1760124464830,TEXT,2087,200,20
1760124464831,TEXT,2087,200,20
1760124464831,TEXT,2086,200,20
1760124464831,TEXT,2086,200,20
1760124464831,TEXT,2086,200,20
1760124464831,TEXT,2086,200,20
1760124464831,TEXT,2086,200,20
1760124464831,TEXT,2086,200,20
1760124464831,TEXT,2086,200,20
1760124464831,TEXT,2086,200,20
1760124464807,TEXT,2126,200,5
1760124464807,TEXT,2125,200,5
1760124464807,TEXT,2125,200,5
1760124464807,TEXT,2125,200,5
1760124464807,TEXT,2125,200,5
1760124464807,TEXT,2125,200,5
1760124464807,TEXT,2125,200,5
1760124464807,TEXT,2125,200,5
1760124464807,TEXT,2125,200,5
1760124464807,TEXT,2125,200,5
1760124464809,TEXT,2123,200,5
1760124464809,TEXT,2123,200,5
1760124464809,TEXT,2123,200,5
1760124464809,TEXT,2123,200,5
1760124464809,TEXT,2123,200,5
1760124464809,TEXT,2123,200,5
1760124464809,TEXT,2123,200,5
1760124464811,TEXT,2121,200,5
1760124464815,TEXT,2117,200,5
1760124464815,TEXT,2117,200,5
1760124464815,TEXT,2117,200,5
1760124464815,TEXT,2117,200,5
1760124464815,TEXT,2117,200,5
1760124464815,TEXT,2117,200,5
1760124464815,TEXT,2117,200,5
1760124464815,TEXT,2117,200,5
1760124464815,TEXT,2117,200,5
1760124464815,TEXT,2117,200,5
1760124464815,TEXT,2117,200,5
1760124464816,TEXT,2117,200,5
1760124464816,TEXT,2116,200,5
1760124464816,TEXT,2116,200,5
1760124464816,TEXT,2116,200,5
1760124464816,TEXT,2116,200,5
1760124464816,TEXT,2116,200,5
1760124464816,TEXT,2116,200,5
1760124464816,TEXT,2116,200,5
1760124464816,TEXT,2116,200,5
1760124464816,TEXT,2116,200,5
1760124464816,TEXT,2116,200,5
1760124464816,TEXT,2116,200,5
1760124464816,TEXT,2116,200,5
1760124464816,LEAVE,2116,200,5
1760124464824,TEXT,2108,200,5
1760124464824,TEXT,2108,200,5
1760124464824,TEXT,2108,200,5
1760124464824,TEXT,2108,200,5
1760124464825,TEXT,2107,200,5
1760124464825,TEXT,2107,200,5
1760124464825,LEAVE,2107,200,5
1760124464825,TEXT,2107,200,5
1760124464825,TEXT,2107,200,5
1760124464825,TEXT,2107,200,5
1760124464825,TEXT,2107,200,5
1760124464829,TEXT,2103,200,5
1760124464829,TEXT,2103,200,5
1760124464829,TEXT,2103,200,5
1760124464830,TEXT,2102,200,5
1760124464830,TEXT,2102,200,5
1760124464830,TEXT,2102,200,5
1760124464830,TEXT,2102,200,5
1760124464830,TEXT,2102,200,5
1760124464830,TEXT,2102,200,5
1760124464830,TEXT,2102,200,5
1760124464830,TEXT,2102,200,5
1760124464831,TEXT,2101,200,5
1760124464831,TEXT,2101,200,5
1760124464831,TEXT,2101,200,5
1760124464831,TEXT,2101,200,5
1760124464831,TEXT,2101,200,5
1760124464831,TEXT,2101,200,5
1760124464831,TEXT,2101,200,5
1760124464831,TEXT,2101,200,5
1760124464831,JOIN,2101,200,5
1760124464832,TEXT,2101,200,5
1760124464832,TEXT,2100,200,5
1760124464832,TEXT,2100,200,5
1760124464832,TEXT,2100,200,5
1760124464833,JOIN,2100,200,5
1760124464833,TEXT,2100,200,5
1760124464833,TEXT,2100,200,5
1760124464833,TEXT,2099,200,5
1760124464833,TEXT,2099,200,5
1760124464833,TEXT,2099,200,5
1760124464833,TEXT,2099,200,5
1760124464833,TEXT,2099,200,5
1760124464833,TEXT,2099,200,5
1760124464833,TEXT,2099,200,5
1760124464833,JOIN,2099,200,5
1760124464833,TEXT,2099,200,5
1760124464833,TEXT,2099,200,5
1760124464833,TEXT,2099,200,5
1760124464834,TEXT,2099,200,5
1760124464834,TEXT,2098,200,5
1760124464834,TEXT,2098,200,5
1760124464834,TEXT,2098,200,5
1760124464834,TEXT,2098,200,5
1760124464834,TEXT,2098,200,5
1760124464834,TEXT,2098,200,5
1760124464834,TEXT,2098,200,5
1760124464834,TEXT,2098,200,5
1760124464807,TEXT,2143,200,8
1760124464807,JOIN,2143,200,8
1760124464807,TEXT,2143,200,8
1760124464807,TEXT,2143,200,8
1760124464807,TEXT,2143,200,8
1760124464807,TEXT,2143,200,8
1760124464807,JOIN,2143,200,8
1760124464807,TEXT,2143,200,8
1760124464807,TEXT,2143,200,8
1760124464807,TEXT,2143,200,8
1760124464808,TEXT,2143,200,8
1760124464808,TEXT,2142,200,8
1760124464809,JOIN,2142,200,8
1760124464809,TEXT,2142,200,8
1760124464809,TEXT,2142,200,8
1760124464809,JOIN,2142,200,8
1760124464809,TEXT,2141,200,8
1760124464809,TEXT,2141,200,8
1760124464809,TEXT,2141,200,8
1760124464809,TEXT,2141,200,8
1760124464809,TEXT,2141,200,8
1760124464810,TEXT,2141,200,8
1760124464811,TEXT,2139,200,8
1760124464811,TEXT,2139,200,8
1760124464811,TEXT,2139,200,8
1760124464811,TEXT,2139,200,8
1760124464815,TEXT,2135,200,8
1760124464815,TEXT,2135,200,8
1760124464815,TEXT,2135,200,8
1760124464815,TEXT,2135,200,8
1760124464815,JOIN,2135,200,8
1760124464815,TEXT,2135,200,8
1760124464815,TEXT,2135,200,8
1760124464815,TEXT,2135,200,8
1760124464815,TEXT,2135,200,8
1760124464815,TEXT,2135,200,8
1760124464815,TEXT,2135,200,8
1760124464815,TEXT,2135,200,8
1760124464815,TEXT,2135,200,8
1760124464815,TEXT,2135,200,8
1760124464815,TEXT,2135,200,8
1760124464815,TEXT,2135,200,8
1760124464816,TEXT,2135,200,8
1760124464816,TEXT,2135,200,8
1760124464816,TEXT,2135,200,8
1760124464816,TEXT,2135,200,8
1760124464816,LEAVE,2135,200,8
1760124464816,TEXT,2135,200,8
1760124464816,TEXT,2135,200,8
1760124464816,TEXT,2135,200,8
1760124464816,JOIN,2135,200,8
1760124464816,TEXT,2135,200,8
1760124464816,TEXT,2135,200,8
1760124464816,TEXT,2135,200,8
1760124464816,TEXT,2135,200,8
1760124464816,TEXT,2135,200,8
1760124464816,TEXT,2135,200,8
1760124464816,TEXT,2135,200,8
1760124464816,TEXT,2135,200,8
1760124464816,TEXT,2135,200,8
1760124464816,LEAVE,2135,200,8
1760124464816,TEXT,2135,200,8
1760124464816,TEXT,2135,200,8
1760124464822,TEXT,2128,200,8
1760124464823,TEXT,2128,200,8
1760124464823,TEXT,2127,200,8
1760124464824,TEXT,2127,200,8
1760124464824,TEXT,2126,200,8
1760124464824,TEXT,2126,200,8
1760124464824,TEXT,2126,200,8
1760124464824,TEXT,2126,200,8
1760124464824,TEXT,2126,200,8
1760124464825,TEXT,2126,200,8
1760124464825,TEXT,2126,200,8
1760124464825,TEXT,2126,200,8
1760124464825,TEXT,2126,200,8
1760124464825,TEXT,2126,200,8
1760124464825,JOIN,2126,200,8
1760124464825,TEXT,2126,200,8
1760124464825,TEXT,2126,200,8
1760124464825,TEXT,2125,200,8
1760124464825,TEXT,2125,200,8
1760124464825,TEXT,2125,200,8
1760124464825,TEXT,2125,200,8
1760124464825,JOIN,2125,200,8
1760124464829,TEXT,2122,200,8
1760124464829,TEXT,2122,200,8
1760124464829,TEXT,2121,200,8
1760124464829,TEXT,2121,200,8
1760124464829,TEXT,2121,200,8
1760124465011,TEXT,2001,200,13
1760124465012,TEXT,2001,200,13
1760124465012,TEXT,2001,200,13
1760124465012,TEXT,2001,200,13
1760124465012,TEXT,2001,200,13
1760124465012,TEXT,2001,200,13
1760124465012,TEXT,2001,200,13
1760124465012,TEXT,2001,200,13
1760124465012,TEXT,2001,200,13
1760124465012,TEXT,2001,200,13
1760124465012,TEXT,2001,200,13
1760124465012,TEXT,2001,200,13
1760124465012,TEXT,2001,200,13
1760124465012,JOIN,2001,200,13
1760124465012,TEXT,2001,200,13
1760124465012,TEXT,2001,200,13
1760124465012,TEXT,2001,200,13
1760124465012,TEXT,2001,200,13
1760124465012,TEXT,2001,200,13
1760124465012,LEAVE,2001,200,13
1760124465012,TEXT,2001,200,13
1760124465012,TEXT,2001,200,13
1760124465013,TEXT,2000,200,13
1760124465013,TEXT,2000,200,13
1760124465013,TEXT,2000,200,13
1760124465013,TEXT,2000,200,13
1760124465013,TEXT,2000,200,13
1760124465013,TEXT,2000,200,13
1760124465013,JOIN,2000,200,13
1760124465013,TEXT,2000,200,13
1760124465013,TEXT,2000,200,13
1760124465013,TEXT,2000,200,13
1760124465013,TEXT,2000,200,13
1760124465013,TEXT,2000,200,13
1760124465014,TEXT,2000,200,13
1760124465014,TEXT,2000,200,13
1760124465014,TEXT,2000,200,13
1760124465014,TEXT,2000,200,13
1760124465014,TEXT,2000,200,13
1760124465014,TEXT,1999,200,13
1760124465014,TEXT,1999,200,13
1760124465014,TEXT,1999,200,13
1760124465014,TEXT,1999,200,13
1760124465014,TEXT,1999,200,13
1760124465014,TEXT,1999,200,13
1760124465014,TEXT,1999,200,13
1760124465014,TEXT,1999,200,13
1760124465014,TEXT,1999,200,13
1760124465014,TEXT,1999,200,13
1760124465014,TEXT,1999,200,13
1760124465014,TEXT,1999,200,13
1760124465014,TEXT,1999,200,13
1760124465014,TEXT,1999,200,13
1760124465014,TEXT,1999,200,13
1760124465014,TEXT,1999,200,13
1760124465014,TEXT,1999,200,13
1760124465015,JOIN,1998,200,13
1760124465015,TEXT,1998,200,13
1760124465016,TEXT,1997,200,13
1760124465016,TEXT,1997,200,13
1760124465016,TEXT,1997,200,13
1760124465017,TEXT,1997,200,13
1760124465017,JOIN,1997,200,13
1760124465017,TEXT,1997,200,13
1760124465017,JOIN,1996,200,13
1760124465017,TEXT,1996,200,13
1760124465017,TEXT,1996,200,13
1760124465017,TEXT,1996,200,13
1760124465017,TEXT,1996,200,13
1760124465017,TEXT,1996,200,13
1760124465017,TEXT,1996,200,13
1760124465017,TEXT,1996,200,13
1760124465017,TEXT,1996,200,13
1760124465017,TEXT,1996,200,13
1760124465017,TEXT,1996,200,13
1760124465017,TEXT,1996,200,13
1760124465017,TEXT,1996,200,13
1760124465017,TEXT,1996,200,13
1760124465017,TEXT,1996,200,13
1760124465017,TEXT,1996,200,13
1760124465017,TEXT,1996,200,13
1760124465017,TEXT,1996,200,13
1760124465017,TEXT,1996,200,13
1760124465017,TEXT,1996,200,13
1760124465017,TEXT,1996,200,13
1760124465017,TEXT,1996,200,13
1760124465017,TEXT,1996,200,13
1760124465017,TEXT,1996,200,13
1760124465017,TEXT,1996,200,13
1760124465017,TEXT,1996,200,13
1760124465017,LEAVE,1996,200,13
1760124465017,TEXT,1996,200,13
1760124465012,TEXT,2016,200,3
1760124465012,LEAVE,2016,200,3
1760124465012,JOIN,2016,200,3
1760124465012,TEXT,2016,200,3
1760124465012,TEXT,2016,200,3
1760124465012,LEAVE,2016,200,3
1760124465012,TEXT,2016,200,3
1760124465012,TEXT,2016,200,3
1760124465012,TEXT,2016,200,3
1760124465012,TEXT,2015,200,3
1760124465012,TEXT,2015,200,3
1760124465012,JOIN,2015,200,3
1760124465012,TEXT,2015,200,3
1760124465012,TEXT,2015,200,3
1760124465012,TEXT,2015,200,3
1760124465012,TEXT,2015,200,3
1760124465013,TEXT,2015,200,3
1760124465013,TEXT,2015,200,3
1760124465013,TEXT,2015,200,3
1760124465013,TEXT,2015,200,3
1760124465013,TEXT,2015,200,3
1760124465013,JOIN,2015,200,3
1760124465013,TEXT,2015,200,3
1760124465013,TEXT,2015,200,3
1760124465013,TEXT,2015,200,3
1760124465013,TEXT,2015,200,3
1760124465013,TEXT,2015,200,3
1760124465013,TEXT,2014,200,3
1760124465013,TEXT,2014,200,3
1760124465013,TEXT,2014,200,3
1760124465014,TEXT,2014,200,3
1760124465014,TEXT,2014,200,3
1760124465014,TEXT,2014,200,3
1760124465014,TEXT,2014,200,3
1760124465014,TEXT,2014,200,3
1760124465014,TEXT,2014,200,3
1760124465014,TEXT,2014,200,3
1760124465014,TEXT,2014,200,3
1760124465014,JOIN,2014,200,3
1760124465014,TEXT,2014,200,3
1760124465014,TEXT,2014,200,3
1760124465014,TEXT,2014,200,3
1760124465014,TEXT,2014,200,3
1760124465014,TEXT,2014,200,3
1760124465014,TEXT,2014,200,3
1760124465014,TEXT,2013,200,3
1760124465015,TEXT,2013,200,3
1760124465015,TEXT,2013,200,3
1760124465015,TEXT,2013,200,3
1760124465016,TEXT,2012,200,3
1760124465016,TEXT,2012,200,3
1760124465016,TEXT,2012,200,3
1760124465016,TEXT,2012,200,3
1760124465016,TEXT,2012,200,3
1760124465016,TEXT,2012,200,3
1760124465017,TEXT,2012,200,3
1760124465017,TEXT,2012,200,3
1760124465017,TEXT,2012,200,3
1760124465017,TEXT,2012,200,3
1760124465017,TEXT,2011,200,3
1760124465017,TEXT,2011,200,3
1760124465017,TEXT,2011,200,3
1760124465017,TEXT,2011,200,3
1760124465017,TEXT,2011,200,3
1760124465017,JOIN,2011,200,3
1760124465017,TEXT,2011,200,3
1760124465017,TEXT,2011,200,3
1760124465017,TEXT,2011,200,3
1760124465017,TEXT,2011,200,3
1760124465017,TEXT,2011,200,3
1760124465017,TEXT,2011,200,3
1760124465017,TEXT,2011,200,3
1760124465017,TEXT,2011,200,3
1760124465017,JOIN,2011,200,3
1760124465017,TEXT,2011,200,3
1760124465017,TEXT,2011,200,3
1760124465017,TEXT,2011,200,3
1760124465017,TEXT,2011,200,3
1760124465017,TEXT,2011,200,3
1760124465017,TEXT,2011,200,3
1760124465017,TEXT,2011,200,3
1760124465017,TEXT,2011,200,3
1760124465017,TEXT,2011,200,3
1760124465017,TEXT,2011,200,3
1760124465017,TEXT,2011,200,3
1760124465017,TEXT,2011,200,3
1760124465017,TEXT,2011,200,3
1760124465017,TEXT,2011,200,3
1760124465017,TEXT,2011,200,3
1760124465017,TEXT,2011,200,3
1760124465017,TEXT,2011,200,3
1760124465012,TEXT,2017,200,18
1760124465012,TEXT,2017,200,18
1760124465012,TEXT,2017,200,18
1760124465012,TEXT,2017,200,18
1760124465012,TEXT,2017,200,18
1760124465012,TEXT,2017,200,18
1760124465012,TEXT,2017,200,18
1760124465012,TEXT,2017,200,18
1760124465012,TEXT,2016,200,18
1760124465012,TEXT,2016,200,18
1760124465012,TEXT,2016,200,18
1760124465012,TEXT,2016,200,18
1760124465012,TEXT,2016,200,18
1760124465012,TEXT,2016,200,18
1760124465012,LEAVE,2016,200,18
1760124465012,TEXT,2016,200,18
1760124465012,TEXT,2016,200,18
1760124465012,TEXT,2016,200,18
1760124465012,TEXT,2016,200,18
1760124465012,TEXT,2016,200,18
1760124465012,TEXT,2016,200,18
1760124465012,TEXT,2016,200,18
1760124465013,TEXT,2016,200,18
1760124465013,TEXT,2016,200,18
1760124465013,TEXT,2016,200,18
1760124465013,TEXT,2016,200,18
1760124465013,TEXT,2016,200,18
1760124465013,TEXT,2015,200,18
1760124465013,TEXT,2015,200,18
1760124465013,TEXT,2015,200,18
1760124465013,TEXT,2015,200,18
1760124465014,TEXT,2015,200,18
1760124465014,TEXT,2015,200,18
1760124465014,TEXT,2015,200,18
1760124465014,TEXT,2015,200,18
1760124465014,TEXT,2015,200,18
1760124465014,TEXT,2015,200,18
1760124465014,TEXT,2015,200,18
1760124465014,TEXT,2015,200,18
1760124465014,TEXT,2014,200,18
1760124465014,TEXT,2014,200,18
1760124465014,TEXT,2014,200,18
1760124465014,TEXT,2014,200,18
1760124465014,TEXT,2014,200,18
1760124465014,TEXT,2014,200,18
1760124465014,TEXT,2014,200,18
1760124465014,TEXT,2014,200,18
1760124465014,TEXT,2014,200,18
1760124465015,TEXT,2014,200,18
1760124465015,TEXT,2014,200,18
1760124465015,TEXT,2014,200,18
1760124465015,TEXT,2014,200,18
1760124465015,TEXT,2014,200,18
1760124465015,TEXT,2014,200,18
1760124465016,TEXT,2013,200,18
1760124465016,TEXT,2013,200,18
1760124465016,TEXT,2012,200,18
1760124465016,TEXT,2012,200,18
1760124465016,TEXT,2012,200,18
1760124465017,TEXT,2012,200,18
1760124465017,TEXT,2012,200,18
1760124465017,TEXT,2012,200,18
1760124465017,TEXT,2012,200,18
1760124465017,TEXT,2012,200,18
1760124465017,TEXT,2012,200,18
1760124465017,TEXT,2012,200,18
1760124465017,TEXT,2012,200,18
1760124465017,TEXT,2012,200,18
1760124465017,TEXT,2012,200,18
1760124465017,TEXT,2012,200,18
1760124465017,TEXT,2012,200,18
1760124465017,TEXT,2012,200,18
1760124465017,TEXT,2012,200,18
1760124465017,TEXT,2012,200,18
1760124465017,TEXT,2012,200,18
1760124465017,TEXT,2012,200,18
1760124465017,TEXT,2012,200,18
1760124465017,TEXT,2012,200,18
1760124465017,TEXT,2012,200,18
1760124465017,TEXT,2011,200,18
1760124465017,TEXT,2011,200,18
1760124465017,TEXT,2011,200,18
1760124465017,TEXT,2011,200,18
1760124465017,TEXT,2011,200,18
1760124465017,TEXT,2011,200,18
1760124465017,TEXT,2011,200,18
1760124465017,TEXT,2011,200,18
1760124465017,TEXT,2011,200,18
1760124465017,TEXT,2011,200,18
1760124465017,TEXT,2011,200,18
1760124465017,TEXT,2011,200,18
1760124465017,TEXT,2011,200,18
1760124465017,LEAVE,2011,200,18
1760124465017,TEXT,2011,200,18
1760124465018,TEXT,2011,200,18
1760124465018,TEXT,2011,200,18
1760124465018,TEXT,2011,200,18
1760124465018,TEXT,2011,200,18
1760124465018,TEXT,2011,200,18
1760124465018,TEXT,2011,200,18
1760124465018,JOIN,2011,200,18
1760124465018,TEXT,2011,200,18
1760124465018,TEXT,2011,200,18
1760124465018,TEXT,2011,200,18
1760124465018,TEXT,2011,200,18
1760124465018,TEXT,2011,200,18
1760124465018,TEXT,2011,200,18
1760124465018,TEXT,2011,200,18
1760124465018,TEXT,2011,200,18
1760124465018,TEXT,2011,200,18
1760124465018,TEXT,2011,200,18
1760124465018,TEXT,2011,200,18
1760124465012,TEXT,2018,200,11
1760124465012,TEXT,2018,200,11
1760124465012,TEXT,2018,200,11
1760124465012,TEXT,2018,200,11
1760124465012,TEXT,2018,200,11
1760124465012,TEXT,2018,200,11
1760124465012,TEXT,2018,200,11
1760124465012,TEXT,2018,200,11
1760124465012,TEXT,2018,200,11
1760124465012,TEXT,2018,200,11
1760124465012,TEXT,2018,200,11
1760124465012,TEXT,2018,200,11
1760124465012,TEXT,2018,200,11
1760124465012,TEXT,2018,200,11
1760124465012,TEXT,2018,200,11
1760124465012,TEXT,2018,200,11
1760124465012,JOIN,2018,200,11
1760124465012,TEXT,2017,200,11
1760124465012,TEXT,2017,200,11
1760124465013,TEXT,2017,200,11
1760124465013,TEXT,2017,200,11
1760124465013,TEXT,2017,200,11
1760124465013,TEXT,2017,200,11
1760124465013,TEXT,2017,200,11
1760124465013,TEXT,2017,200,11
1760124465013,TEXT,2017,200,11
1760124465013,TEXT,2016,200,11
1760124465013,TEXT,2016,200,11
1760124465013,TEXT,2016,200,11
1760124465013,TEXT,2016,200,11
1760124465014,TEXT,2016,200,11
1760124465014,TEXT,2016,200,11
1760124465014,TEXT,2016,200,11
1760124465014,TEXT,2016,200,11
1760124465014,TEXT,2016,200,11
1760124465014,TEXT,2016,200,11
1760124465014,TEXT,2016,200,11
1760124465014,LEAVE,2016,200,11
1760124465014,TEXT,2016,200,11
1760124465014,LEAVE,2016,200,11
1760124465014,TEXT,2016,200,11
1760124465014,LEAVE,2016,200,11
1760124465014,JOIN,2016,200,11
1760124465014,TEXT,2016,200,11
1760124465014,TEXT,2016,200,11
1760124465014,LEAVE,2016,200,11
1760124465014,TEXT,2016,200,11
1760124465014,TEXT,2016,200,11
1760124465014,TEXT,2016,200,11
1760124465014,TEXT,2016,200,11
1760124465015,TEXT,2015,200,11
1760124465015,TEXT,2015,200,11
1760124465015,TEXT,2015,200,11
1760124465015,TEXT,2015,200,11
1760124465016,TEXT,2014,200,11
1760124465017,TEXT,2013,200,11
1760124465017,TEXT,2013,200,11
1760124465017,LEAVE,2013,200,11
1760124465017,TEXT,2013,200,11
1760124465017,TEXT,2013,200,11
1760124465017,TEXT,2013,200,11
1760124465017,TEXT,2013,200,11
1760124465017,TEXT,2013,200,11
1760124465017,TEXT,2013,200,11
1760124465017,TEXT,2013,200,11
1760124465017,JOIN,2013,200,11
1760124465017,TEXT,2013,200,11
1760124465017,TEXT,2013,200,11
1760124465017,TEXT,2013,200,11
1760124465017,TEXT,2013,200,11
1760124465017,TEXT,2013,200,11
1760124465017,TEXT,2013,200,11
1760124465017,TEXT,2013,200,11
1760124465017,TEXT,2013,200,11
1760124465017,JOIN,2013,200,11
1760124465017,TEXT,2013,200,11
1760124465017,TEXT,2013,200,11
1760124465017,TEXT,2013,200,11
1760124465017,TEXT,2013,200,11
1760124465017,TEXT,2013,200,11
1760124465017,TEXT,2013,200,11
1760124465017,TEXT,2013,200,11
1760124465017,TEXT,2013,200,11
1760124465017,TEXT,2013,200,11
1760124465017,TEXT,2013,200,11
1760124465017,TEXT,2013,200,11
1760124465017,TEXT,2013,200,11
1760124465017,TEXT,2013,200,11
1760124465017,TEXT,2013,200,11
1760124465017,TEXT,2013,200,11
1760124465018,TEXT,2013,200,11
1760124465018,TEXT,2012,200,11
1760124465018,TEXT,2012,200,11
1760124465018,TEXT,2012,200,11
1760124465018,TEXT,2012,200,11
1760124465012,TEXT,2018,200,16
1760124465012,TEXT,2018,200,16
1760124465012,TEXT,2018,200,16
1760124465012,TEXT,2018,200,16
1760124465012,TEXT,2018,200,16
1760124465012,TEXT,2018,200,16
1760124465012,TEXT,2018,200,16
1760124465012,TEXT,2018,200,16
1760124465012,TEXT,2018,200,16
1760124465012,TEXT,2018,200,16
1760124465012,TEXT,2018,200,16
1760124465012,TEXT,2018,200,16
1760124465012,TEXT,2018,200,16
1760124465012,TEXT,2018,200,16
1760124465012,TEXT,2018,200,16
1760124465012,TEXT,2018,200,16
1760124465012,TEXT,2018,200,16
1760124465013,TEXT,2018,200,16
1760124465013,TEXT,2018,200,16
1760124465013,TEXT,2018,200,16
1760124465013,TEXT,2018,200,16
1760124465013,TEXT,2018,200,16
1760124465013,TEXT,2018,200,16
1760124465013,TEXT,2018,200,16
1760124465013,TEXT,2017,200,16
1760124465013,TEXT,2017,200,16
1760124465013,TEXT,2017,200,16
1760124465013,TEXT,2017,200,16
1760124465013,TEXT,2017,200,16
1760124465013,TEXT,2017,200,16
1760124465013,TEXT,2017,200,16
1760124465013,TEXT,2017,200,16
1760124465013,TEXT,2017,200,16
1760124465013,TEXT,2017,200,16
1760124465014,TEXT,2017,200,16
1760124465014,TEXT,2017,200,16
1760124465014,TEXT,2017,200,16
1760124465014,TEXT,2017,200,16
1760124465014,LEAVE,2017,200,16
1760124465014,TEXT,2017,200,16
1760124465014,TEXT,2017,200,16
1760124465014,TEXT,2016,200,16
1760124465014,TEXT,2016,200,16
1760124465014,TEXT,2016,200,16
1760124465014,TEXT,2016,200,16
1760124465014,TEXT,2016,200,16
1760124465014,TEXT,2016,200,16
1760124465014,TEXT,2016,200,16
1760124465014,TEXT,2016,200,16
1760124465014,LEAVE,2016,200,16
1760124465014,JOIN,2016,200,16
1760124465014,TEXT,2016,200,16
1760124465014,TEXT,2016,200,16
1760124465015,TEXT,2016,200,16
1760124465015,TEXT,2016,200,16
1760124465015,TEXT,2016,200,16
1760124465015,TEXT,2016,200,16
1760124465015,TEXT,2016,200,16
1760124465015,TEXT,2016,200,16
1760124465016,TEXT,2015,200,16
1760124465016,TEXT,2014,200,16
1760124465016,TEXT,2014,200,16
1760124465016,TEXT,2014,200,16
1760124465017,TEXT,2014,200,16
1760124465017,TEXT,2014,200,16
1760124465017,JOIN,2014,200,16
1760124465017,TEXT,2014,200,16
1760124465017,TEXT,2014,200,16
1760124465017,TEXT,2014,200,16
1760124465017,TEXT,2014,200,16
1760124465017,TEXT,2014,200,16
1760124465017,TEXT,2014,200,16
1760124465017,TEXT,2014,200,16
1760124465017,TEXT,2014,200,16
1760124465017,TEXT,2014,200,16
1760124465017,TEXT,2014,200,16
1760124465017,JOIN,2014,200,16
1760124465017,TEXT,2014,200,16
1760124465017,JOIN,2014,200,16
1760124465012,TEXT,2027,200,1
1760124465012,TEXT,2027,200,1
1760124465012,TEXT,2027,200,1
1760124465012,TEXT,2027,200,1
1760124465012,TEXT,2027,200,1
1760124465012,TEXT,2027,200,1
1760124465012,LEAVE,2027,200,1
1760124465012,TEXT,2027,200,1
1760124465012,TEXT,2027,200,1
1760124465012,TEXT,2027,200,1
1760124465012,TEXT,2027,200,1
1760124465012,TEXT,2027,200,1
1760124465012,TEXT,2027,200,1
1760124465012,TEXT,2027,200,1
1760124465012,TEXT,2027,200,1
1760124465012,TEXT,2027,200,1
1760124465012,TEXT,2027,200,1
1760124465012,TEXT,2027,200,1
1760124465012,TEXT,2027,200,1
1760124465012,TEXT,2027,200,1
1760124465012,TEXT,2027,200,1
1760124465012,LEAVE,2027,200,1
1760124465013,LEAVE,2026,200,1
1760124465013,TEXT,2026,200,1
1760124465013,TEXT,2026,200,1
1760124465013,TEXT,2026,200,1
1760124465013,TEXT,2026,200,1
1760124465013,TEXT,2026,200,1
1760124465013,JOIN,2026,200,1
1760124465013,TEXT,2026,200,1
1760124465013,TEXT,2026,200,1
1760124465014,JOIN,2026,200,1
1760124465014,TEXT,2026,200,1
1760124465014,TEXT,2026,200,1
1760124465014,TEXT,2026,200,1
1760124465014,TEXT,2025,200,1
1760124465014,TEXT,2025,200,1
1760124465014,TEXT,2025,200,1
1760124465014,LEAVE,2025,200,1
1760124465014,LEAVE,2025,200,1
1760124465014,TEXT,2025,200,1
1760124465014,TEXT,2025,200,1
1760124465014,TEXT,2025,200,1
1760124465014,TEXT,2025,200,1
1760124465014,TEXT,2025,200,1
1760124465014,TEXT,2025,200,1
1760124465014,TEXT,2025,200,1
1760124465014,TEXT,2025,200,1
1760124465014,TEXT,2025,200,1
1760124465014,TEXT,2025,200,1
1760124465015,TEXT,2025,200,1
1760124465015,TEXT,2025,200,1
1760124465015,TEXT,2024,200,1
1760124465015,TEXT,2024,200,1
1760124465015,TEXT,2024,200,1
1760124465015,TEXT,2024,200,1
1760124465015,LEAVE,2024,200,1
1760124465016,TEXT,2024,200,1
1760124465016,TEXT,2023,200,1
1760124465016,TEXT,2023,200,1
1760124465016,TEXT,2023,200,1
1760124465016,TEXT,2023,200,1
1760124465016,TEXT,2023,200,1
1760124465017,TEXT,2023,200,1
1760124465017,TEXT,2023,200,1
1760124465017,TEXT,2023,200,1
1760124465017,JOIN,2023,200,1
1760124465017,TEXT,2023,200,1
1760124465017,TEXT,2023,200,1
1760124465017,TEXT,2023,200,1
1760124465017,TEXT,2023,200,1
1760124465017,TEXT,2023,200,1
1760124465017,JOIN,2022,200,1
1760124465017,TEXT,2022,200,1
1760124465017,TEXT,2022,200,1
1760124465017,TEXT,2022,200,1
1760124465017,TEXT,2022,200,1
1760124465017,TEXT,2022,200,1
1760124465017,TEXT,2022,200,1
1760124465017,TEXT,2022,200,1
1760124465017,TEXT,2022,200,1
1760124465017,LEAVE,2022,200,1
1760124465017,TEXT,2022,200,1
1760124465017,TEXT,2022,200,1
1760124465017,TEXT,2022,200,1
1760124465017,JOIN,2022,200,1
1760124465017,TEXT,2022,200,1
1760124465017,TEXT,2022,200,1
1760124465017,TEXT,2022,200,1
1760124465017,TEXT,2022,200,1
1760124465017,TEXT,2022,200,1
1760124465017,TEXT,2022,200,1
1760124465017,TEXT,2022,200,1
1760124465017,TEXT,2022,200,1
1760124465017,TEXT,2022,200,1
1760124465017,TEXT,2022,200,1
1760124465017,TEXT,2022,200,1
1760124465017,TEXT,2022,200,1
1760124465017,TEXT,2022,200,1
1760124465017,TEXT,2022,200,1
1760124465017,TEXT,2022,200,1
1760124465017,TEXT,2022,200,1
1760124465017,TEXT,2022,200,1
1760124465017,TEXT,2022,200,1
1760124465017,TEXT,2022,200,1
1760124465017,TEXT,2022,200,1
1760124465017,TEXT,2022,200,1
1760124465017,TEXT,2022,200,1
1760124465017,TEXT,2022,200,1
1760124465017,LEAVE,2022,200,1
1760124465017,TEXT,2022,200,1
1760124465017,TEXT,2022,200,1
1760124465018,TEXT,2022,200,1
1760124465018,TEXT,2022,200,1
1760124465018,TEXT,2022,200,1
1760124465018,TEXT,2022,200,1
1760124465018,TEXT,2022,200,1
1760124465018,TEXT,2022,200,1
1760124465018,TEXT,2022,200,1
1760124465018,TEXT,2021,200,1
1760124465018,TEXT,2021,200,1
1760124465018,TEXT,2021,200,1
1760124465018,TEXT,2021,200,1
1760124465018,TEXT,2021,200,1
1760124465018,TEXT,2021,200,1
1760124465018,TEXT,2021,200,1
1760124465018,TEXT,2021,200,1
1760124465018,TEXT,2021,200,1
1760124465018,TEXT,2021,200,1
1760124465018,TEXT,2021,200,1
1760124465018,TEXT,2021,200,1
1760124465018,TEXT,2021,200,1
1760124465018,LEAVE,2021,200,1
1760124465018,LEAVE,2021,200,1
1760124465018,TEXT,2021,200,1
1760124465018,TEXT,2021,200,1
1760124465018,TEXT,2021,200,1
1760124465018,TEXT,2021,200,1
1760124465018,TEXT,2021,200,1
1760124465019,TEXT,2021,200,1
1760124465019,TEXT,2021,200,1
1760124465019,TEXT,2021,200,1
1760124465019,TEXT,2021,200,1
1760124465019,TEXT,2021,200,1
1760124465019,TEXT,2021,200,1
1760124465019,TEXT,2021,200,1
1760124465019,TEXT,2021,200,1
1760124465019,TEXT,2021,200,1
1760124465019,LEAVE,2021,200,1
1760124465019,TEXT,2021,200,1
1760124465019,TEXT,2021,200,1
1760124465019,TEXT,2021,200,1
1760124465019,TEXT,2021,200,1
1760124465019,TEXT,2021,200,1
1760124465019,TEXT,2021,200,1
1760124465019,TEXT,2021,200,1
1760124465019,TEXT,2021,200,1
1760124465019,TEXT,2020,200,1
1760124465019,TEXT,2020,200,1
1760124465019,TEXT,2020,200,1
1760124465019,TEXT,2020,200,1
1760124465019,TEXT,2020,200,1
1760124465019,TEXT,2020,200,1
1760124465019,TEXT,2020,200,1
1760124465019,LEAVE,2020,200,1
1760124465019,TEXT,2020,200,1
1760124465019,TEXT,2020,200,1
1760124465019,TEXT,2020,200,1
1760124465019,TEXT,2020,200,1
1760124465019,TEXT,2020,200,1
1760124465019,TEXT,2020,200,1
1760124465012,TEXT,2028,200,12
1760124465012,LEAVE,2028,200,12
1760124465012,TEXT,2028,200,12
1760124465012,LEAVE,2028,200,12
1760124465012,TEXT,2028,200,12
1760124465012,TEXT,2028,200,12
1760124465012,TEXT,2028,200,12
1760124465012,TEXT,2028,200,12
1760124465012,TEXT,2028,200,12
1760124465012,TEXT,2028,200,12
1760124465012,TEXT,2028,200,12
1760124465012,TEXT,2028,200,12
1760124465012,TEXT,2028,200,12
1760124465012,TEXT,2028,200,12
1760124465012,TEXT,2028,200,12
1760124465012,TEXT,2028,200,12
1760124465012,TEXT,2028,200,12
1760124465012,TEXT,2027,200,12
1760124465012,TEXT,2028,200,12
1760124465013,TEXT,2028,200,12
1760124465013,TEXT,2028,200,12
1760124465013,TEXT,2028,200,12
1760124465013,LEAVE,2028,200,12
1760124465013,TEXT,2028,200,12
1760124465013,TEXT,2027,200,12
1760124465013,TEXT,2027,200,12
1760124465013,TEXT,2027,200,12
1760124465013,TEXT,2027,200,12
1760124465013,TEXT,2027,200,12
1760124465013,TEXT,2027,200,12
1760124465013,TEXT,2027,200,12
1760124465013,TEXT,2027,200,12
1760124465013,TEXT,2027,200,12
1760124465013,TEXT,2027,200,12
1760124465014,TEXT,2027,200,12
1760124465014,TEXT,2027,200,12
1760124465014,TEXT,2027,200,12
1760124465014,TEXT,2027,200,12
1760124465014,TEXT,2027,200,12
1760124465014,TEXT,2027,200,12
1760124465014,TEXT,2027,200,12
1760124465014,TEXT,2026,200,12
1760124465014,TEXT,2026,200,12
1760124465014,TEXT,2026,200,12
1760124465014,TEXT,2026,200,12
1760124465014,TEXT,2026,200,12
1760124465014,TEXT,2026,200,12
1760124465014,TEXT,2026,200,12
1760124465014,TEXT,2026,200,12
1760124465014,LEAVE,2026,200,12
1760124465014,TEXT,2026,200,12
1760124465014,TEXT,2026,200,12
1760124465014,TEXT,2026,200,12
1760124465014,TEXT,2026,200,12
1760124465014,TEXT,2026,200,12
1760124465014,TEXT,2026,200,12
1760124465014,TEXT,2026,200,12
1760124465014,TEXT,2026,200,12
1760124465014,TEXT,2026,200,12
1760124465014,TEXT,2026,200,12
1760124465015,TEXT,2026,200,12
1760124465015,TEXT,2026,200,12
1760124465015,TEXT,2026,200,12
1760124465015,TEXT,2026,200,12
1760124465015,TEXT,2025,200,12
1760124465016,TEXT,2025,200,12
1760124465016,TEXT,2024,200,12
1760124465016,TEXT,2024,200,12
1760124465016,TEXT,2024,200,12
1760124465017,TEXT,2024,200,12
1760124465017,TEXT,2024,200,12
1760124465017,TEXT,2024,200,12
1760124465017,TEXT,2024,200,12
1760124465017,TEXT,2024,200,12
1760124465017,TEXT,2024,200,12
1760124465017,TEXT,2024,200,12
1760124465017,TEXT,2024,200,12
1760124465017,TEXT,2024,200,12
1760124465017,TEXT,2024,200,12
1760124465017,TEXT,2024,200,12
1760124465017,TEXT,2024,200,12
1760124465017,TEXT,2023,200,12
1760124465017,TEXT,2023,200,12
1760124465017,TEXT,2023,200,12
1760124465017,TEXT,2023,200,12
1760124465017,TEXT,2023,200,12
1760124465017,TEXT,2023,200,12
1760124465017,TEXT,2023,200,12
1760124465017,TEXT,2023,200,12
1760124465017,TEXT,2023,200,12
1760124465017,TEXT,2023,200,12
1760124465017,JOIN,2023,200,12
1760124465017,TEXT,2023,200,12
1760124465017,TEXT,2023,200,12
1760124465017,TEXT,2023,200,12
1760124465011,TEXT,2045,200,14
1760124465012,TEXT,2045,200,14
1760124465012,TEXT,2045,200,14
1760124465012,TEXT,2045,200,14
1760124465012,LEAVE,2045,200,14
1760124465012,JOIN,2045,200,14
1760124465012,TEXT,2045,200,14
1760124465012,TEXT,2045,200,14
1760124465012,TEXT,2045,200,14
1760124465012,JOIN,2045,200,14
1760124465012,TEXT,2045,200,14
1760124465012,TEXT,2044,200,14
1760124465012,TEXT,2044,200,14
1760124465012,TEXT,2044,200,14
1760124465012,JOIN,2044,200,14
1760124465012,TEXT,2044,200,14
1760124465012,LEAVE,2044,200,14
1760124465012,TEXT,2044,200,14
1760124465012,TEXT,2044,200,14
1760124465012,TEXT,2044,200,14
1760124465012,TEXT,2044,200,14
1760124465013,JOIN,2044,200,14
1760124465013,TEXT,2044,200,14
1760124465013,TEXT,2044,200,14
1760124465013,TEXT,2044,200,14
1760124465013,TEXT,2043,200,14
1760124465013,TEXT,2043,200,14
1760124465014,TEXT,2043,200,14
1760124465014,TEXT,2043,200,14
1760124465014,TEXT,2043,200,14
1760124465014,TEXT,2043,200,14
1760124465014,TEXT,2043,200,14
1760124465014,TEXT,2043,200,14
1760124465014,TEXT,2043,200,14
1760124465014,TEXT,2042,200,14
1760124465014,TEXT,2042,200,14
1760124465014,TEXT,2042,200,14
1760124465014,TEXT,2042,200,14
1760124465015,TEXT,2042,200,14
1760124465015,TEXT,2042,200,14
1760124465015,TEXT,2042,200,14
1760124465015,TEXT,2042,200,14
1760124465015,TEXT,2042,200,14
1760124465015,TEXT,2042,200,14
1760124465015,TEXT,2042,200,14
1760124465016,TEXT,2040,200,14
1760124465016,TEXT,2040,200,14
1760124465016,TEXT,2040,200,14
1760124465017,JOIN,2040,200,14
1760124465017,TEXT,2040,200,14
1760124465017,TEXT,2040,200,14
1760124465017,TEXT,2040,200,14
1760124465017,TEXT,2040,200,14
1760124465017,TEXT,2040,200,14
1760124465017,TEXT,2040,200,14
1760124465017,TEXT,2040,200,14
1760124465017,TEXT,2040,200,14
1760124465017,TEXT,2040,200,14
1760124465017,JOIN,2040,200,14
1760124465017,TEXT,2040,200,14
1760124465017,TEXT,2040,200,14
1760124465017,TEXT,2040,200,14
1760124465017,TEXT,2040,200,14
1760124465017,TEXT,2040,200,14
1760124465017,TEXT,2040,200,14
1760124465017,TEXT,2040,200,14
1760124465017,TEXT,2040,200,14
1760124465017,TEXT,2040,200,14
1760124465017,LEAVE,2040,200,14
1760124465017,TEXT,2040,200,14
1760124465017,TEXT,2040,200,14
1760124465017,TEXT,2040,200,14
1760124465017,TEXT,2040,200,14
1760124465017,TEXT,2040,200,14
1760124465017,TEXT,2040,200,14
1760124465017,JOIN,2040,200,14
1760124465017,TEXT,2040,200,14
1760124465017,TEXT,2040,200,14
1760124465017,TEXT,2040,200,14
1760124465017,TEXT,2040,200,14
1760124465017,TEXT,2040,200,14
1760124465017,TEXT,2039,200,14
1760124465017,TEXT,2039,200,14
1760124465018,TEXT,2039,200,14
1760124465012,TEXT,2059,200,17
1760124465012,JOIN,2059,200,17
1760124465012,TEXT,2059,200,17
1760124465012,TEXT,2059,200,17
1760124465012,TEXT,2059,200,17
1760124465012,TEXT,2059,200,17
1760124465012,TEXT,2059,200,17
1760124465012,TEXT,2059,200,17
1760124465012,JOIN,2059,200,17
1760124465012,TEXT,2059,200,17
1760124465012,TEXT,2059,200,17
1760124465012,TEXT,2059,200,17
1760124465012,TEXT,2059,200,17
1760124465012,TEXT,2059,200,17
1760124465012,TEXT,2059,200,17
1760124465012,TEXT,2059,200,17
1760124465012,TEXT,2059,200,17
1760124465012,TEXT,2058,200,17
1760124465012,JOIN,2058,200,17
1760124465012,TEXT,2058,200,17
1760124465013,TEXT,2058,200,17
1760124465013,TEXT,2058,200,17
1760124465013,TEXT,2058,200,17
1760124465013,TEXT,2058,200,17
1760124465013,TEXT,2058,200,17
1760124465013,TEXT,2058,200,17
1760124465013,JOIN,2058,200,17
1760124465013,TEXT,2058,200,17
1760124465013,TEXT,2058,200,17
1760124465013,TEXT,2058,200,17
1760124465013,LEAVE,2058,200,17
1760124465013,TEXT,2058,200,17
1760124465013,TEXT,2057,200,17
1760124465013,TEXT,2057,200,17
1760124465013,TEXT,2057,200,17
1760124465013,TEXT,2057,200,17
1760124465014,TEXT,2057,200,17
1760124465014,TEXT,2057,200,17
1760124465014,TEXT,2057,200,17
1760124465014,TEXT,2057,200,17
1760124465014,TEXT,2057,200,17
1760124465014,TEXT,2057,200,17
1760124465014,TEXT,2057,200,17
1760124465014,JOIN,2057,200,17
1760124465014,TEXT,2057,200,17
1760124465014,TEXT,2057,200,17
1760124465014,TEXT,2057,200,17
1760124465014,TEXT,2057,200,17
1760124465014,TEXT,2057,200,17
1760124465014,TEXT,2057,200,17
1760124465014,TEXT,2057,200,17
1760124465014,TEXT,2057,200,17
1760124465014,LEAVE,2057,200,17
1760124465014,TEXT,2057,200,17
1760124465014,TEXT,2057,200,17
1760124465014,TEXT,2057,200,17
1760124465014,TEXT,2057,200,17
1760124465015,TEXT,2056,200,17
1760124465015,TEXT,2056,200,17
1760124465015,TEXT,2056,200,17
1760124465015,JOIN,2056,200,17
1760124465015,TEXT,2056,200,17
1760124465015,TEXT,2056,200,17
1760124465015,TEXT,2056,200,17
1760124465015,TEXT,2056,200,17
1760124465015,TEXT,2056,200,17
1760124465015,TEXT,2056,200,17
1760124465015,TEXT,2056,200,17
1760124465015,TEXT,2056,200,17
1760124465016,TEXT,2056,200,17
1760124465016,TEXT,2055,200,17
1760124465016,TEXT,2055,200,17
1760124465016,JOIN,2055,200,17
1760124465017,TEXT,2055,200,17
1760124465017,TEXT,2055,200,17
1760124465017,JOIN,2055,200,17
1760124465017,TEXT,2054,200,17
1760124465017,TEXT,2054,200,17
1760124465017,TEXT,2054,200,17
1760124465017,TEXT,2054,200,17
1760124465017,JOIN,2054,200,17
1760124465017,TEXT,2054,200,17
1760124465017,TEXT,2054,200,17
1760124465017,TEXT,2054,200,17
1760124465017,TEXT,2054,200,17
1760124465017,TEXT,2054,200,17
1760124465017,TEXT,2054,200,17
1760124465017,TEXT,2054,200,17
1760124465017,TEXT,2054,200,17
1760124465017,TEXT,2054,200,17
1760124465017,TEXT,2054,200,17
1760124465017,TEXT,2054,200,17
1760124465011,TEXT,2078,200,19
1760124465011,TEXT,2078,200,19
1760124465012,TEXT,2078,200,19
1760124465012,LEAVE,2078,200,19
1760124465012,TEXT,2078,200,19
1760124465012,TEXT,2078,200,19
1760124465012,TEXT,2078,200,19
1760124465012,JOIN,2078,200,19
1760124465012,TEXT,2078,200,19
1760124465012,TEXT,2078,200,19
1760124465012,TEXT,2078,200,19
1760124465012,TEXT,2078,200,19
1760124465012,TEXT,2078,200,19
1760124465012,TEXT,2078,200,19
1760124465012,LEAVE,2078,200,19
1760124465012,TEXT,2077,200,19
1760124465012,TEXT,2077,200,19
1760124465012,TEXT,2077,200,19
1760124465012,TEXT,2077,200,19
1760124465012,TEXT,2077,200,19
1760124465012,LEAVE,2077,200,19
1760124465012,TEXT,2077,200,19
1760124465012,JOIN,2077,200,19
1760124465012,TEXT,2077,200,19
1760124465012,TEXT,2077,200,19
1760124465012,TEXT,2077,200,19
1760124465012,TEXT,2077,200,19
1760124465012,TEXT,2077,200,19
1760124465012,TEXT,2077,200,19
1760124465013,TEXT,2077,200,19
1760124465013,TEXT,2077,200,19
1760124465013,TEXT,2077,200,19
1760124465013,TEXT,2077,200,19
1760124465013,LEAVE,2077,200,19
1760124465013,TEXT,2077,200,19
1760124465013,TEXT,2076,200,19
1760124465013,TEXT,2076,200,19
1760124465013,TEXT,2076,200,19
1760124465013,TEXT,2076,200,19
1760124465013,TEXT,2076,200,19
1760124465013,TEXT,2076,200,19
1760124465013,TEXT,2076,200,19
1760124465013,TEXT,2076,200,19
1760124465014,TEXT,2076,200,19
1760124465014,TEXT,2076,200,19
1760124465014,LEAVE,2076,200,19
1760124465014,TEXT,2076,200,19
1760124465014,TEXT,2076,200,19
1760124465014,TEXT,2076,200,19
1760124465014,TEXT,2076,200,19
1760124465014,TEXT,2076,200,19
1760124465014,TEXT,2076,200,19
1760124465014,TEXT,2076,200,19
1760124465014,TEXT,2076,200,19
1760124465014,TEXT,2076,200,19
1760124465014,JOIN,2076,200,19
1760124465014,TEXT,2076,200,19
1760124465014,TEXT,2076,200,19
1760124465014,TEXT,2076,200,19
1760124465014,TEXT,2076,200,19
1760124465014,TEXT,2076,200,19
1760124465014,LEAVE,2076,200,19
1760124465014,JOIN,2076,200,19
1760124465014,TEXT,2075,200,19
1760124465014,TEXT,2075,200,19
1760124465015,TEXT,2075,200,19
1760124465015,TEXT,2075,200,19
1760124465015,TEXT,2075,200,19
1760124465015,TEXT,2075,200,19
1760124465016,TEXT,2073,200,19
1760124465017,TEXT,2073,200,19
1760124465017,TEXT,2073,200,19
1760124465017,TEXT,2073,200,19
1760124465017,TEXT,2073,200,19
1760124465017,TEXT,2073,200,19
1760124465017,TEXT,2073,200,19
1760124465017,TEXT,2073,200,19
1760124465017,TEXT,2073,200,19
1760124465017,TEXT,2073,200,19
1760124465017,TEXT,2073,200,19
1760124465017,TEXT,2073,200,19
1760124465017,TEXT,2073,200,19
1760124465017,TEXT,2073,200,19
1760124465017,TEXT,2073,200,19
1760124465017,TEXT,2073,200,19
1760124465017,TEXT,2073,200,19
1760124465012,TEXT,2177,200,2
1760124465012,TEXT,2177,200,2
1760124465012,TEXT,2177,200,2
1760124465012,TEXT,2177,200,2
1760124465012,TEXT,2177,200,2
1760124465012,TEXT,2177,200,2
1760124465012,TEXT,2178,200,2
1760124465012,TEXT,2178,200,2
1760124465012,LEAVE,2177,200,2
1760124465012,TEXT,2177,200,2
1760124465012,TEXT,2177,200,2
1760124465012,TEXT,2177,200,2
1760124465012,TEXT,2177,200,2
1760124465012,TEXT,2177,200,2
1760124465012,TEXT,2177,200,2
1760124465012,TEXT,2177,200,2
1760124465012,TEXT,2177,200,2
1760124465012,TEXT,2177,200,2
1760124465012,TEXT,2177,200,2
1760124465013,TEXT,2177,200,2
1760124465013,TEXT,2177,200,2
1760124465013,TEXT,2177,200,2
1760124465013,TEXT,2177,200,2
1760124465013,LEAVE,2176,200,2
1760124465013,TEXT,2176,200,2
1760124465013,TEXT,2176,200,2
1760124465013,TEXT,2176,200,2
1760124465013,JOIN,2176,200,2
1760124465014,TEXT,2176,200,2
1760124465014,TEXT,2176,200,2
1760124465014,LEAVE,2176,200,2
1760124465014,TEXT,2176,200,2
1760124465014,TEXT,2176,200,2
1760124465014,TEXT,2176,200,2
1760124465014,TEXT,2176,200,2
1760124465014,TEXT,2176,200,2
1760124465014,TEXT,2175,200,2
1760124465014,TEXT,2175,200,2
1760124465014,TEXT,2175,200,2
1760124465014,TEXT,2175,200,2
1760124465014,TEXT,2175,200,2
1760124465014,TEXT,2175,200,2
1760124465014,TEXT,2175,200,2
1760124465014,TEXT,2175,200,2
1760124465014,TEXT,2175,200,2
1760124465015,TEXT,2175,200,2
1760124465015,TEXT,2175,200,2
1760124465015,TEXT,2175,200,2
1760124465015,TEXT,2175,200,2
1760124465015,TEXT,2175,200,2
1760124465015,TEXT,2175,200,2
1760124465015,TEXT,2175,200,2
1760124465016,TEXT,2174,200,2
1760124465016,TEXT,2173,200,2
1760124465016,TEXT,2173,200,2
1760124465017,TEXT,2173,200,2
1760124465017,TEXT,2173,200,2
1760124465017,TEXT,2173,200,2
1760124465017,TEXT,2173,200,2
1760124465017,TEXT,2173,200,2
1760124465017,TEXT,2173,200,2
1760124465017,TEXT,2173,200,2
1760124465017,TEXT,2173,200,2
1760124465017,TEXT,2173,200,2
1760124465017,TEXT,2173,200,2
1760124465017,TEXT,2173,200,2
1760124465017,TEXT,2173,200,2
1760124465017,TEXT,2173,200,2
1760124465017,TEXT,2173,200,2
1760124465017,TEXT,2173,200,2
1760124465017,TEXT,2173,200,2
1760124465017,TEXT,2172,200,2
1760124465017,TEXT,2172,200,2
1760124465017,TEXT,2172,200,2
1760124465017,JOIN,2172,200,2
1760124465017,TEXT,2172,200,2
1760124465017,TEXT,2172,200,2
1760124465017,JOIN,2172,200,2
1760124465017,TEXT,2172,200,2
1760124465017,TEXT,2172,200,2
1760124465017,TEXT,2172,200,2
1760124465017,TEXT,2172,200,2
1760124465017,TEXT,2172,200,2
1760124465017,TEXT,2172,200,2
1760124465017,TEXT,2172,200,2
1760124465017,TEXT,2172,200,2
1760124465017,TEXT,2172,200,2
1760124465018,TEXT,2172,200,2
1760124465012,TEXT,2190,200,7
1760124465012,TEXT,2190,200,7
1760124465012,TEXT,2190,200,7
1760124465012,TEXT,2190,200,7
1760124465012,TEXT,2190,200,7
1760124465012,TEXT,2190,200,7
1760124465012,TEXT,2190,200,7
1760124465012,TEXT,2190,200,7
1760124465012,TEXT,2190,200,7
1760124465012,JOIN,2190,200,7
1760124465012,TEXT,2190,200,7
1760124465012,TEXT,2190,200,7
1760124465012,TEXT,2190,200,7
1760124465012,TEXT,2190,200,7
1760124465012,TEXT,2190,200,7
1760124465012,TEXT,2190,200,7
1760124465012,TEXT,2190,200,7
1760124465012,TEXT,2190,200,7
1760124465012,TEXT,2190,200,7
1760124465012,TEXT,2190,200,7
1760124465012,TEXT,2190,200,7
1760124465012,TEXT,2190,200,7
1760124465012,TEXT,2190,200,7
1760124465012,JOIN,2190,200,7
1760124465012,LEAVE,2190,200,7
1760124465012,TEXT,2189,200,7
1760124465012,TEXT,2189,200,7
1760124465013,TEXT,2189,200,7
1760124465013,JOIN,2189,200,7
1760124465013,TEXT,2189,200,7
1760124465013,TEXT,2189,200,7
1760124465013,TEXT,2189,200,7
1760124465013,TEXT,2189,200,7
1760124465013,TEXT,2189,200,7
1760124465013,JOIN,2189,200,7
1760124465013,TEXT,2189,200,7
1760124465013,TEXT,2188,200,7
1760124465013,TEXT,2188,200,7
1760124465014,TEXT,2188,200,7
1760124465014,TEXT,2188,200,7
1760124465014,TEXT,2188,200,7
1760124465014,TEXT,2188,200,7
1760124465014,TEXT,2188,200,7
1760124465014,TEXT,2188,200,7
1760124465014,TEXT,2188,200,7
1760124465014,TEXT,2188,200,7
1760124465014,TEXT,2188,200,7
1760124465014,TEXT,2188,200,7
1760124465014,TEXT,2188,200,7
1760124465014,TEXT,2188,200,7
1760124465014,TEXT,2188,200,7
1760124465014,TEXT,2188,200,7
1760124465014,TEXT,2188,200,7
1760124465014,TEXT,2188,200,7
1760124465014,TEXT,2188,200,7
1760124465014,TEXT,2188,200,7
1760124465014,TEXT,2188,200,7
1760124465014,TEXT,2188,200,7
1760124465014,TEXT,2188,200,7
1760124465015,TEXT,2188,200,7
1760124465015,LEAVE,2188,200,7
1760124465015,TEXT,2188,200,7
1760124465015,TEXT,2188,200,7
1760124465015,TEXT,2188,200,7
1760124465015,TEXT,2188,200,7
1760124465016,TEXT,2187,200,7
1760124465016,TEXT,2186,200,7
1760124465016,TEXT,2186,200,7
1760124465017,TEXT,2186,200,7
1760124465017,TEXT,2186,200,7
1760124465017,TEXT,2186,200,7
1760124465017,TEXT,2186,200,7
1760124465017,TEXT,2186,200,7
1760124465017,TEXT,2186,200,7
1760124465017,TEXT,2186,200,7
1760124465017,TEXT,2186,200,7
1760124465017,TEXT,2186,200,7
1760124465017,TEXT,2186,200,7
1760124465017,TEXT,2186,200,7
1760124465017,TEXT,2186,200,7
1760124465017,TEXT,2186,200,7
1760124465017,TEXT,2186,200,7
1760124465017,TEXT,2186,200,7
1760124465017,TEXT,2186,200,7
1760124465017,TEXT,2186,200,7
1760124465017,TEXT,2186,200,7
1760124465017,TEXT,2186,200,7
1760124465017,TEXT,2186,200,7
1760124465017,TEXT,2186,200,7
1760124465017,TEXT,2186,200,7
1760124465017,TEXT,2186,200,7
1760124465017,TEXT,2186,200,7
1760124465017,TEXT,2186,200,7
1760124465017,LEAVE,2186,200,7
1760124465017,TEXT,2186,200,7
1760124465017,TEXT,2186,200,7
1760124465017,TEXT,2186,200,7
1760124465017,TEXT,2186,200,7
1760124465017,TEXT,2186,200,7
1760124465017,LEAVE,2185,200,7
1760124465017,TEXT,2185,200,7
1760124465017,LEAVE,2185,200,7
1760124465017,TEXT,2185,200,7
1760124465018,TEXT,2185,200,7
1760124465018,TEXT,2185,200,7
1760124465018,TEXT,2185,200,7
1760124465018,TEXT,2185,200,7
1760124465018,TEXT,2185,200,7
1760124465018,TEXT,2185,200,7
1760124465018,TEXT,2185,200,7
1760124465018,TEXT,2185,200,7
1760124465018,TEXT,2185,200,7
1760124465018,TEXT,2185,200,7
1760124465018,TEXT,2185,200,7
1760124465018,TEXT,2185,200,7
1760124465018,TEXT,2185,200,7
1760124465018,TEXT,2185,200,7
1760124465018,LEAVE,2185,200,7
1760124465018,TEXT,2185,200,7
1760124465018,TEXT,2185,200,7
1760124465018,TEXT,2185,200,7
1760124465018,TEXT,2185,200,7
1760124465018,TEXT,2185,200,7
1760124465018,TEXT,2185,200,7
1760124465011,TEXT,2199,200,15
1760124465012,TEXT,2199,200,15
1760124465012,TEXT,2199,200,15
1760124465012,TEXT,2199,200,15
1760124465012,TEXT,2199,200,15
1760124465012,TEXT,2199,200,15
1760124465012,TEXT,2199,200,15
1760124465012,TEXT,2199,200,15
1760124465012,TEXT,2199,200,15
1760124465012,TEXT,2199,200,15
1760124465012,TEXT,2199,200,15
1760124465012,TEXT,2199,200,15
1760124465012,TEXT,2199,200,15
1760124465012,TEXT,2199,200,15
1760124465012,TEXT,2199,200,15
1760124465012,JOIN,2199,200,15
1760124465012,TEXT,2199,200,15
1760124465012,TEXT,2199,200,15
1760124465012,TEXT,2199,200,15
1760124465013,TEXT,2198,200,15
1760124465013,TEXT,2198,200,15
1760124465013,LEAVE,2198,200,15
1760124465013,TEXT,2198,200,15
1760124465013,TEXT,2198,200,15
1760124465013,TEXT,2198,200,15
1760124465013,TEXT,2197,200,15
1760124465014,TEXT,2197,200,15
1760124465014,TEXT,2197,200,15
1760124465014,TEXT,2197,200,15
1760124465014,TEXT,2197,200,15
1760124465014,TEXT,2197,200,15
1760124465014,JOIN,2197,200,15
1760124465014,TEXT,2197,200,15
1760124465014,TEXT,2197,200,15
1760124465014,TEXT,2197,200,15
1760124465014,TEXT,2197,200,15
1760124465014,TEXT,2197,200,15
1760124465014,TEXT,2197,200,15
1760124465014,LEAVE,2197,200,15
1760124465014,TEXT,2197,200,15
1760124465014,TEXT,2197,200,15
1760124465014,TEXT,2197,200,15
1760124465014,TEXT,2197,200,15
1760124465014,TEXT,2197,200,15
1760124465014,JOIN,2197,200,15
1760124465014,TEXT,2197,200,15
1760124465014,TEXT,2197,200,15
1760124465014,TEXT,2197,200,15
1760124465014,TEXT,2197,200,15
1760124465015,TEXT,2196,200,15
1760124465015,TEXT,2196,200,15
1760124465015,TEXT,2196,200,15
1760124465015,TEXT,2196,200,15
1760124465015,LEAVE,2196,200,15
1760124465015,TEXT,2196,200,15
1760124465015,TEXT,2196,200,15
1760124465015,TEXT,2196,200,15
1760124465015,TEXT,2196,200,15
1760124465015,TEXT,2196,200,15
1760124465016,TEXT,2195,200,15
1760124465016,TEXT,2195,200,15
1760124465016,TEXT,2195,200,15
1760124465016,TEXT,2195,200,15
1760124465016,TEXT,2195,200,15
1760124465017,TEXT,2195,200,15
1760124465017,TEXT,2194,200,15
1760124465017,TEXT,2194,200,15
1760124465017,TEXT,2194,200,15
1760124465017,TEXT,2194,200,15
1760124465017,TEXT,2194,200,15
1760124465017,LEAVE,2194,200,15
1760124465017,LEAVE,2194,200,15
1760124465017,TEXT,2194,200,15
1760124465017,TEXT,2194,200,15
1760124465017,TEXT,2194,200,15
1760124465017,TEXT,2194,200,15
1760124465017,TEXT,2194,200,15
1760124465017,TEXT,2194,200,15
1760124465017,TEXT,2194,200,15
1760124465017,TEXT,2194,200,15
1760124465017,TEXT,2194,200,15
1760124465017,TEXT,2194,200,15
1760124465017,TEXT,2194,200,15
1760124465017,TEXT,2194,200,15
1760124465017,TEXT,2194,200,15
1760124465017,TEXT,2194,200,15
1760124465017,TEXT,2194,200,15
1760124465017,TEXT,2194,200,15
1760124465017,TEXT,2194,200,15
1760124465017,TEXT,2194,200,15
1760124465017,TEXT,2194,200,15
1760124465018,TEXT,2194,200,15
1760124465018,TEXT,2194,200,15
1760124465018,TEXT,2193,200,15
1760124465012,TEXT,2204,200,20
1760124465012,TEXT,2205,200,20
1760124465012,TEXT,2205,200,20
1760124465012,TEXT,2205,200,20
1760124465012,TEXT,2204,200,20
1760124465012,TEXT,2204,200,20
1760124465012,TEXT,2204,200,20
1760124465012,TEXT,2204,200,20
1760124465012,TEXT,2204,200,20
1760124465012,TEXT,2204,200,20
1760124465012,TEXT,2204,200,20
1760124465012,TEXT,2204,200,20
1760124465012,TEXT,2204,200,20
1760124465012,TEXT,2204,200,20
1760124465012,TEXT,2204,200,20
1760124465012,TEXT,2204,200,20
1760124465012,TEXT,2204,200,20
1760124465012,TEXT,2204,200,20
1760124465012,TEXT,2204,200,20
1760124465012,LEAVE,2204,200,20
1760124465013,TEXT,2204,200,20
1760124465013,TEXT,2204,200,20
1760124465013,TEXT,2204,200,20
1760124465013,TEXT,2204,200,20
1760124465013,TEXT,2203,200,20
1760124465013,TEXT,2203,200,20
1760124465013,TEXT,2203,200,20
1760124465013,TEXT,2203,200,20
1760124465013,TEXT,2203,200,20
1760124465013,TEXT,2203,200,20
1760124465013,TEXT,2203,200,20
1760124465013,TEXT,2203,200,20
1760124465014,TEXT,2203,200,20
1760124465014,TEXT,2203,200,20
1760124465014,TEXT,2203,200,20
1760124465014,JOIN,2203,200,20
1760124465014,TEXT,2203,200,20
1760124465014,TEXT,2203,200,20
1760124465014,TEXT,2203,200,20
1760124465014,TEXT,2203,200,20
1760124465014,TEXT,2203,200,20
1760124465014,TEXT,2204,200,20
1760124465014,TEXT,2204,200,20
1760124465014,TEXT,2203,200,20
1760124465014,TEXT,2203,200,20
1760124465014,TEXT,2203,200,20
1760124465014,TEXT,2203,200,20
1760124465014,TEXT,2203,200,20
1760124465014,TEXT,2203,200,20
1760124465014,TEXT,2203,200,20
1760124465014,TEXT,2203,200,20
1760124465014,TEXT,2203,200,20
1760124465014,TEXT,2203,200,20
1760124465014,TEXT,2203,200,20
1760124465015,TEXT,2203,200,20
1760124465015,TEXT,2202,200,20
1760124465015,TEXT,2202,200,20
1760124465015,LEAVE,2202,200,20
1760124465016,TEXT,2201,200,20
1760124465016,TEXT,2201,200,20
1760124465017,TEXT,2201,200,20
1760124465017,TEXT,2201,200,20
1760124465017,TEXT,2201,200,20
1760124465017,TEXT,2201,200,20
1760124465017,LEAVE,2200,200,20
1760124465017,TEXT,2200,200,20
1760124465017,TEXT,2200,200,20
1760124465017,TEXT,2200,200,20
1760124465017,TEXT,2200,200,20
1760124465017,TEXT,2200,200,20
1760124465017,TEXT,2200,200,20
1760124465017,TEXT,2200,200,20
1760124465017,TEXT,2200,200,20
1760124465017,TEXT,2200,200,20
1760124465017,TEXT,2200,200,20
1760124465017,TEXT,2200,200,20
1760124465017,TEXT,2200,200,20
1760124465017,LEAVE,2200,200,20
1760124465017,TEXT,2200,200,20
1760124465017,TEXT,2200,200,20
1760124465017,TEXT,2200,200,20
